yt,test_ds_index,dps,mode_label,mode_count,dominant_is_yt,M,N
3,0,0.7468750000,3,239,1,8,40
8,1,0.8312500000,8,266,1,8,40
8,2,0.6906250000,8,221,1,8,40
0,3,0.8343750000,0,267,1,8,40
6,4,0.4625000000,6,148,1,8,40
6,5,0.8812500000,6,282,1,8,40
1,6,0.6562500000,1,210,1,8,40
6,7,0.7687500000,6,246,1,8,40
3,8,0.7375000000,3,236,1,8,40
1,9,0.8781250000,1,281,1,8,40
0,10,0.7312500000,0,234,1,8,40
9,11,0.9781250000,9,313,1,8,40
5,12,0.4937500000,5,158,1,8,40
7,13,0.9500000000,7,304,1,8,40
9,14,0.9718750000,9,311,1,8,40
8,15,0.8906250000,8,285,1,8,40
5,16,0.8906250000,5,285,1,8,40
7,17,0.8281250000,7,265,1,8,40
8,18,0.9468750000,8,303,1,8,40
6,19,0.9093750000,6,291,1,8,40
7,20,0.6281250000,7,201,1,8,40
0,21,0.5875000000,2,188,0,8,40
4,22,0.5843750000,4,187,1,8,40
9,23,0.9843750000,9,315,1,8,40
5,24,0.9031250000,4,289,0,8,40
2,25,0.4406250000,2,141,1,8,40
4,26,0.8906250000,4,285,1,8,40
0,27,0.7625000000,0,244,1,8,40
9,28,0.9156250000,9,293,1,8,40
6,29,0.9781250000,6,313,1,8,40
6,30,0.7593750000,6,243,1,8,40
5,31,0.4812500000,5,154,1,8,40
4,32,0.5843750000,4,187,1,8,40
5,33,0.5625000000,5,180,1,8,40
9,34,0.9781250000,9,313,1,8,40
2,35,0.4031250000,1,129,0,8,40
4,36,0.5593750000,4,179,1,8,40
1,37,0.5093750000,1,163,1,8,40
9,38,0.9781250000,9,313,1,8,40
5,39,0.8593750000,5,275,1,8,40
4,40,0.8937500000,4,286,1,8,40
6,41,1.0000000000,6,320,1,8,40
5,42,0.4000000000,3,128,0,8,40
6,43,0.9500000000,6,304,1,8,40
0,44,0.6187500000,0,198,1,8,40
9,45,0.9593750000,9,307,1,8,40
3,46,0.8562500000,3,274,1,8,40
9,47,0.2937500000,9,94,1,8,40
7,48,0.8312500000,7,266,1,8,40
6,49,0.9000000000,6,288,1,8,40
9,50,0.9656250000,9,309,1,8,40
8,51,0.7531250000,8,241,1,8,40
0,52,0.3750000000,6,120,0,8,40
3,53,0.7062500000,3,226,1,8,40
8,54,0.9718750000,8,311,1,8,40
8,55,0.7968750000,8,255,1,8,40
7,56,0.7031250000,7,225,1,8,40
7,57,0.5406250000,5,173,0,8,40
4,58,0.4312500000,3,138,0,8,40
6,59,0.3437500000,4,110,0,8,40
7,60,0.9531250000,7,305,1,8,40
3,61,0.7718750000,5,247,0,8,40
6,62,0.8875000000,6,284,1,8,40
3,63,0.3187500000,3,102,1,8,40
6,64,0.8562500000,6,274,1,8,40
2,65,0.5562500000,2,178,1,8,40
1,66,0.8062500000,1,258,1,8,40
2,67,0.7906250000,2,253,1,8,40
3,68,0.5250000000,3,168,1,8,40
7,69,0.5156250000,7,165,1,8,40
2,70,0.5218750000,2,167,1,8,40
6,71,0.4562500000,6,146,1,8,40
8,72,0.9375000000,8,300,1,8,40
8,73,0.9875000000,8,316,1,8,40
0,74,0.5000000000,0,160,1,8,40
2,75,0.9812500000,2,314,1,8,40
9,76,0.6812500000,0,218,0,8,40
3,77,0.4937500000,3,158,1,8,40
3,78,0.8781250000,3,281,1,8,40
8,79,0.9093750000,8,291,1,8,40
8,80,0.9468750000,8,303,1,8,40
1,81,0.7312500000,1,234,1,8,40
1,82,0.9843750000,1,315,1,8,40
7,83,0.7375000000,7,236,1,8,40
2,84,0.8000000000,2,256,1,8,40
5,85,0.9312500000,7,298,0,8,40
2,86,0.5968750000,2,191,1,8,40
7,87,0.3125000000,8,100,0,8,40
8,88,0.9000000000,8,288,1,8,40
9,89,0.9562500000,9,306,1,8,40
0,90,0.9625000000,0,308,1,8,40
3,91,0.2875000000,6,92,0,8,40
8,92,0.9625000000,8,308,1,8,40
6,93,0.9718750000,6,311,1,8,40
4,94,0.9375000000,4,300,1,8,40
6,95,0.7406250000,6,237,1,8,40
6,96,0.7687500000,6,246,1,8,40
0,97,0.6875000000,0,220,1,8,40
0,98,0.9031250000,0,289,1,8,40
7,99,0.8468750000,7,271,1,8,40
4,100,0.5125000000,4,164,1,8,40
5,101,0.7093750000,5,227,1,8,40
6,102,0.9687500000,6,310,1,8,40
3,103,0.9093750000,3,291,1,8,40
1,104,0.9812500000,1,314,1,8,40
1,105,0.9593750000,1,307,1,8,40
3,106,0.6062500000,3,194,1,8,40
6,107,0.9968750000,6,319,1,8,40
8,108,0.7656250000,8,245,1,8,40
7,109,0.8500000000,7,272,1,8,40
4,110,0.5031250000,4,161,1,8,40
0,111,0.9500000000,0,304,1,8,40
6,112,0.6500000000,2,208,0,8,40
2,113,0.9062500000,2,290,1,8,40
1,114,0.5562500000,9,178,0,8,40
3,115,0.4718750000,3,151,1,8,40
0,116,0.9343750000,0,299,1,8,40
4,117,0.9125000000,4,292,1,8,40
2,118,0.3781250000,6,121,0,8,40
7,119,0.7531250000,5,241,0,8,40
8,120,0.6781250000,8,217,1,8,40
3,121,0.3625000000,3,116,1,8,40
1,122,0.7500000000,1,240,1,8,40
2,123,0.9343750000,2,299,1,8,40
8,124,0.8375000000,8,268,1,8,40
0,125,0.4406250000,0,141,1,8,40
8,126,0.4031250000,0,129,0,8,40
3,127,0.8437500000,3,270,1,8,40
5,128,0.6687500000,3,214,0,8,40
2,129,0.6156250000,2,197,1,8,40
4,130,0.7437500000,4,238,1,8,40
1,131,0.9500000000,1,304,1,8,40
8,132,0.6250000000,8,200,1,8,40
9,133,0.9781250000,9,313,1,8,40
1,134,0.8937500000,1,286,1,8,40
2,135,0.8593750000,2,275,1,8,40
9,136,0.9593750000,9,307,1,8,40
7,137,0.9468750000,7,303,1,8,40
2,138,0.6562500000,2,210,1,8,40
9,139,0.6812500000,8,218,0,8,40
6,140,0.4781250000,6,153,1,8,40
5,141,0.9718750000,5,311,1,8,40
6,142,0.7156250000,6,229,1,8,40
3,143,0.7031250000,3,225,1,8,40
8,144,0.8843750000,8,283,1,8,40
7,145,0.6656250000,7,213,1,8,40
6,146,0.9531250000,6,305,1,8,40
2,147,0.3156250000,5,101,0,8,40
5,148,0.5062500000,5,162,1,8,40
2,149,0.7687500000,2,246,1,8,40
8,150,0.6468750000,8,207,1,8,40
9,151,0.6625000000,9,212,1,8,40
6,152,0.8875000000,6,284,1,8,40
0,153,0.8437500000,0,270,1,8,40
0,154,0.8187500000,0,262,1,8,40
5,155,0.8406250000,5,269,1,8,40
2,156,0.7937500000,2,254,1,8,40
9,157,0.9468750000,9,303,1,8,40
5,158,0.5062500000,3,162,0,8,40
4,159,0.9187500000,4,294,1,8,40
2,160,0.4812500000,0,154,0,8,40
1,161,0.9625000000,1,308,1,8,40
6,162,0.3593750000,5,115,0,8,40
6,163,0.9250000000,6,296,1,8,40
8,164,0.4687500000,0,150,0,8,40
4,165,0.4156250000,4,133,1,8,40
8,166,0.9625000000,8,308,1,8,40
4,167,0.5468750000,4,175,1,8,40
5,168,0.2875000000,7,92,0,8,40
0,169,0.7562500000,0,242,1,8,40
9,170,0.9375000000,9,300,1,8,40
9,171,0.3812500000,9,122,1,8,40
9,172,0.2500000000,9,80,1,8,40
8,173,0.9656250000,8,309,1,8,40
9,174,0.9468750000,9,303,1,8,40
9,175,0.9812500000,9,314,1,8,40
3,176,0.6187500000,3,198,1,8,40
7,177,0.6781250000,7,217,1,8,40
5,178,0.5000000000,5,160,1,8,40
0,179,0.8343750000,0,267,1,8,40
0,180,0.8437500000,0,270,1,8,40
5,181,0.5812500000,5,186,1,8,40
2,182,0.9000000000,2,288,1,8,40
2,183,0.6062500000,2,194,1,8,40
3,184,0.3750000000,0,120,0,8,40
8,185,0.9656250000,8,309,1,8,40
6,186,0.8031250000,6,257,1,8,40
3,187,0.6281250000,2,201,0,8,40
4,188,0.9187500000,3,294,0,8,40
0,189,0.7687500000,8,246,0,8,40
5,190,0.3750000000,5,120,1,8,40
8,191,0.7781250000,8,249,1,8,40
0,192,0.6500000000,0,208,1,8,40
1,193,0.8250000000,1,264,1,8,40
7,194,0.9437500000,7,302,1,8,40
2,195,0.5093750000,3,163,0,8,40
8,196,0.9125000000,8,292,1,8,40
8,197,0.6968750000,8,223,1,8,40
7,198,0.8937500000,7,286,1,8,40
8,199,0.5781250000,8,185,1,8,40
5,200,0.7031250000,5,225,1,8,40
1,201,0.4125000000,9,132,0,8,40
8,202,0.9250000000,8,296,1,8,40
7,203,0.8937500000,7,286,1,8,40
1,204,0.9843750000,1,315,1,8,40
3,205,0.9125000000,3,292,1,8,40
0,206,0.7781250000,0,249,1,8,40
5,207,0.8000000000,5,256,1,8,40
7,208,0.9656250000,7,309,1,8,40
9,209,0.7812500000,9,250,1,8,40
7,210,0.2718750000,7,87,1,8,40
4,211,0.3968750000,0,127,0,8,40
5,212,0.4718750000,5,151,1,8,40
9,213,0.7562500000,7,242,0,8,40
8,214,0.8593750000,8,275,1,8,40
0,215,0.4156250000,0,133,1,8,40
7,216,0.6000000000,7,192,1,8,40
9,217,0.9562500000,9,306,1,8,40
8,218,0.4250000000,0,136,0,8,40
2,219,0.7781250000,2,249,1,8,40
7,220,0.7093750000,7,227,1,8,40
6,221,0.6468750000,6,207,1,8,40
9,222,0.9593750000,9,307,1,8,40
4,223,0.6500000000,4,208,1,8,40
3,224,0.4750000000,3,152,1,8,40
9,225,0.9031250000,9,289,1,8,40
6,226,0.3718750000,3,119,0,8,40
4,227,0.4500000000,4,144,1,8,40
7,228,0.6156250000,3,197,0,8,40
6,229,0.3687500000,2,118,0,8,40
5,230,0.6031250000,5,193,1,8,40
1,231,0.9500000000,1,304,1,8,40
5,232,0.4625000000,3,148,0,8,40
8,233,0.5312500000,8,170,1,8,40
8,234,0.9343750000,8,299,1,8,40
0,235,0.9437500000,0,302,1,8,40
4,236,0.9593750000,4,307,1,8,40
0,237,0.4062500000,9,130,0,8,40
5,238,0.3343750000,3,107,0,8,40
5,239,0.4656250000,5,149,1,8,40
1,240,0.9968750000,1,319,1,8,40
1,241,0.8968750000,1,287,1,8,40
8,242,0.4531250000,8,145,1,8,40
9,243,0.8812500000,9,282,1,8,40
0,244,0.9312500000,0,298,1,8,40
3,245,0.3343750000,6,107,0,8,40
1,246,0.8500000000,1,272,1,8,40
9,247,0.8937500000,8,286,0,8,40
2,248,0.9343750000,2,299,1,8,40
2,249,0.4093750000,0,131,0,8,40
5,250,0.4843750000,5,155,1,8,40
3,251,0.8625000000,3,276,1,8,40
9,252,0.9531250000,9,305,1,8,40
9,253,0.9437500000,9,302,1,8,40
4,254,0.6156250000,2,197,0,8,40
0,255,0.5500000000,0,176,1,8,40
3,256,0.5968750000,3,191,1,8,40
0,257,0.9125000000,0,292,1,8,40
0,258,0.7750000000,8,248,0,8,40
9,259,0.6031250000,9,193,1,8,40
8,260,0.6406250000,8,205,1,8,40
1,261,0.8343750000,1,267,1,8,40
5,262,0.4593750000,3,147,0,8,40
7,263,0.6625000000,3,212,0,8,40
0,264,0.6125000000,8,196,0,8,40
8,265,0.9187500000,8,294,1,8,40
2,266,0.3968750000,2,127,1,8,40
4,267,0.9843750000,4,315,1,8,40
7,268,0.9625000000,7,308,1,8,40
0,269,0.6156250000,0,197,1,8,40
2,270,0.6875000000,2,220,1,8,40
3,271,0.3218750000,3,103,1,8,40
6,272,1.0000000000,6,320,1,8,40
3,273,0.5093750000,3,163,1,8,40
8,274,0.8875000000,8,284,1,8,40
5,275,0.5093750000,2,163,0,8,40
0,276,0.9687500000,0,310,1,8,40
3,277,0.3093750000,2,99,0,8,40
4,278,0.6593750000,4,211,1,8,40
3,279,0.5343750000,5,171,0,8,40
9,280,0.9562500000,9,306,1,8,40
0,281,0.7718750000,0,247,1,8,40
6,282,0.6843750000,6,219,1,8,40
1,283,0.9750000000,1,312,1,8,40
0,284,0.7937500000,9,254,0,8,40
9,285,0.9781250000,9,313,1,8,40
1,286,0.9375000000,1,300,1,8,40
0,287,0.7468750000,8,239,0,8,40
7,288,0.9468750000,7,303,1,8,40
9,289,0.9781250000,9,313,1,8,40
1,290,0.9937500000,1,318,1,8,40
2,291,0.9812500000,2,314,1,8,40
6,292,0.9593750000,6,307,1,8,40
9,293,0.6437500000,1,206,0,8,40
3,294,0.7906250000,3,253,1,8,40
4,295,0.4937500000,4,158,1,8,40
6,296,0.9968750000,6,319,1,8,40
0,297,0.9218750000,0,295,1,8,40
0,298,0.8406250000,0,269,1,8,40
6,299,0.9718750000,6,311,1,8,40
6,300,0.9906250000,6,317,1,8,40
6,301,0.8531250000,6,273,1,8,40
3,302,0.3593750000,3,115,1,8,40
2,303,0.6343750000,2,203,1,8,40
6,304,0.7906250000,6,253,1,8,40
1,305,0.7000000000,1,224,1,8,40
8,306,0.4625000000,8,148,1,8,40
2,307,0.4312500000,2,138,1,8,40
1,308,0.7218750000,1,231,1,8,40
6,309,0.7562500000,4,242,0,8,40
8,310,0.8218750000,8,263,1,8,40
6,311,0.9906250000,6,317,1,8,40
8,312,0.6750000000,0,216,0,8,40
0,313,0.3906250000,0,125,1,8,40
4,314,0.3500000000,4,112,1,8,40
0,315,0.8437500000,0,270,1,8,40
7,316,0.6125000000,7,196,1,8,40
7,317,0.9343750000,7,299,1,8,40
5,318,0.9031250000,5,289,1,8,40
5,319,0.7781250000,5,249,1,8,40
3,320,0.8687500000,3,278,1,8,40
5,321,0.6437500000,3,206,0,8,40
2,322,0.7343750000,2,235,1,8,40
3,323,0.4562500000,2,146,0,8,40
4,324,0.5281250000,3,169,0,8,40
1,325,0.4656250000,1,149,1,8,40
7,326,0.8375000000,7,268,1,8,40
5,327,0.8000000000,5,256,1,8,40
4,328,0.7187500000,4,230,1,8,40
6,329,0.9281250000,6,297,1,8,40
1,330,0.9375000000,1,300,1,8,40
9,331,0.9562500000,9,306,1,8,40
3,332,0.3875000000,5,124,0,8,40
6,333,0.9968750000,6,319,1,8,40
6,334,0.9843750000,6,315,1,8,40
9,335,0.7406250000,9,237,1,8,40
3,336,0.9312500000,3,298,1,8,40
8,337,0.8812500000,8,282,1,8,40
0,338,0.8562500000,0,274,1,8,40
7,339,0.8843750000,7,283,1,8,40
2,340,0.4343750000,2,139,1,8,40
6,341,0.8562500000,6,274,1,8,40
2,342,0.8000000000,2,256,1,8,40
5,343,0.6093750000,7,195,0,8,40
8,344,0.5718750000,8,183,1,8,40
5,345,0.8906250000,5,285,1,8,40
4,346,0.5812500000,7,186,0,8,40
6,347,0.8875000000,6,284,1,8,40
8,348,0.9906250000,8,317,1,8,40
9,349,0.8343750000,9,267,1,8,40
9,350,0.8937500000,9,286,1,8,40
1,351,0.8906250000,1,285,1,8,40
0,352,0.5000000000,0,160,1,8,40
2,353,0.9281250000,2,297,1,8,40
2,354,0.4750000000,2,152,1,8,40
7,355,0.6031250000,7,193,1,8,40
3,356,0.4312500000,5,138,0,8,40
2,357,0.7250000000,2,232,1,8,40
8,358,0.5593750000,8,179,1,8,40
0,359,0.8562500000,0,274,1,8,40
9,360,0.9531250000,9,305,1,8,40
5,361,0.7312500000,5,234,1,8,40
8,362,0.9843750000,8,315,1,8,40
1,363,0.3812500000,1,122,1,8,40
9,364,0.9656250000,9,309,1,8,40
4,365,0.4218750000,0,135,0,8,40
1,366,0.3593750000,1,115,1,8,40
3,367,0.4906250000,1,157,0,8,40
8,368,0.6562500000,0,210,0,8,40
1,369,0.9406250000,1,301,1,8,40
4,370,0.4218750000,2,135,0,8,40
7,371,0.9906250000,7,317,1,8,40
9,372,0.9656250000,9,309,1,8,40
4,373,0.8000000000,4,256,1,8,40
2,374,0.9781250000,2,313,1,8,40
7,375,0.9281250000,7,297,1,8,40
0,376,0.4125000000,0,132,1,8,40
7,377,0.2937500000,7,94,1,8,40
0,378,0.5468750000,8,175,0,8,40
6,379,0.9812500000,6,314,1,8,40
6,380,0.9468750000,6,303,1,8,40
9,381,0.9187500000,9,294,1,8,40
0,382,0.9218750000,0,295,1,8,40
9,383,0.4656250000,9,149,1,8,40
2,384,0.6531250000,5,209,0,8,40
8,385,0.6500000000,0,208,0,8,40
7,386,0.9218750000,7,295,1,8,40
2,387,0.3406250000,2,109,1,8,40
2,388,0.6218750000,5,199,0,8,40
5,389,0.6781250000,5,217,1,8,40
1,390,0.9812500000,1,314,1,8,40
2,391,0.5000000000,0,160,0,8,40
6,392,0.9718750000,6,311,1,8,40
2,393,0.3875000000,6,124,0,8,40
9,394,0.7625000000,9,244,1,8,40
6,395,0.9656250000,6,309,1,8,40
2,396,0.7406250000,2,237,1,8,40
3,397,0.4062500000,3,130,1,8,40
0,398,0.8906250000,0,285,1,8,40
3,399,0.3843750000,1,123,0,8,40
9,400,0.9437500000,9,302,1,8,40
8,401,0.6000000000,8,192,1,8,40
7,402,0.7781250000,7,249,1,8,40
8,403,0.8531250000,8,273,1,8,40
8,404,0.9687500000,8,310,1,8,40
4,405,0.6500000000,6,208,0,8,40
0,406,0.8875000000,0,284,1,8,40
1,407,0.8156250000,1,261,1,8,40
8,408,0.8781250000,8,281,1,8,40
2,409,0.6562500000,2,210,1,8,40
7,410,0.8562500000,7,274,1,8,40
9,411,0.5968750000,9,191,1,8,40
3,412,0.2875000000,3,92,1,8,40
6,413,0.9406250000,6,301,1,8,40
1,414,0.8343750000,1,267,1,8,40
9,415,0.9531250000,9,305,1,8,40
0,416,0.4000000000,0,128,1,8,40
7,417,0.6687500000,7,214,1,8,40
3,418,0.6000000000,3,192,1,8,40
7,419,0.8000000000,7,256,1,8,40
4,420,0.8968750000,4,287,1,8,40
5,421,0.4000000000,5,128,1,8,40
0,422,0.8031250000,8,257,0,8,40
0,423,0.9625000000,0,308,1,8,40
2,424,0.8406250000,2,269,1,8,40
9,425,0.8781250000,9,281,1,8,40
3,426,0.5875000000,6,188,0,8,40
4,427,0.6281250000,4,201,1,8,40
0,428,0.7312500000,6,234,0,8,40
6,429,0.9375000000,6,300,1,8,40
2,430,0.5875000000,4,188,0,8,40
5,431,0.3906250000,5,125,1,8,40
3,432,0.6562500000,3,210,1,8,40
7,433,0.4218750000,3,135,0,8,40
3,434,0.4187500000,9,134,0,8,40
7,435,0.9500000000,7,304,1,8,40
2,436,0.3281250000,2,105,1,8,40
5,437,0.4187500000,6,134,0,8,40
3,438,0.6531250000,3,209,1,8,40
1,439,0.4625000000,1,148,1,8,40
1,440,0.9281250000,1,297,1,8,40
4,441,0.7031250000,4,225,1,8,40
9,442,0.9843750000,9,315,1,8,40
9,443,0.8343750000,9,267,1,8,40
5,444,0.4937500000,5,158,1,8,40
7,445,0.7500000000,7,240,1,8,40
5,446,0.5718750000,5,183,1,8,40
0,447,0.8500000000,0,272,1,8,40
2,448,0.9000000000,2,288,1,8,40
2,449,0.5125000000,0,164,0,8,40
2,450,0.4343750000,2,139,1,8,40
9,451,0.9031250000,9,289,1,8,40
7,452,0.9125000000,7,292,1,8,40
3,453,0.3875000000,3,124,1,8,40
9,454,0.9593750000,9,307,1,8,40
4,455,0.5906250000,4,189,1,8,40
3,456,0.4000000000,2,128,0,8,40
5,457,0.3718750000,7,119,0,8,40
4,458,0.4718750000,4,151,1,8,40
6,459,0.4843750000,8,155,0,8,40
5,460,0.3687500000,2,118,0,8,40
6,461,0.9250000000,6,296,1,8,40
1,462,0.9468750000,1,303,1,8,40
4,463,0.6625000000,4,212,1,8,40
3,464,0.5218750000,3,167,1,8,40
4,465,0.7593750000,4,243,1,8,40
4,466,0.7218750000,4,231,1,8,40
3,467,0.7812500000,3,250,1,8,40
7,468,0.6343750000,7,203,1,8,40
8,469,0.8906250000,8,285,1,8,40
3,470,0.7812500000,3,250,1,8,40
7,471,0.6718750000,7,215,1,8,40
8,472,0.9062500000,8,290,1,8,40
0,473,0.8718750000,0,279,1,8,40
5,474,0.5750000000,5,184,1,8,40
7,475,0.8812500000,7,282,1,8,40
6,476,0.7250000000,6,232,1,8,40
0,477,0.4593750000,0,147,1,8,40
5,478,0.7593750000,5,243,1,8,40
4,479,0.3062500000,0,98,0,8,40
8,480,0.5156250000,8,165,1,8,40
6,481,0.9750000000,6,312,1,8,40
8,482,0.9250000000,8,296,1,8,40
5,483,0.3218750000,2,103,0,8,40
5,484,0.8812500000,5,282,1,8,40
9,485,0.3906250000,9,125,1,8,40
9,486,0.9843750000,9,315,1,8,40
9,487,0.9281250000,9,297,1,8,40
5,488,0.4250000000,4,136,0,8,40
0,489,0.9218750000,0,295,1,8,40
1,490,0.9656250000,1,309,1,8,40
0,491,0.5500000000,0,176,1,8,40
8,492,0.7843750000,8,251,1,8,40
1,493,0.9937500000,1,318,1,8,40
1,494,0.7750000000,1,248,1,8,40
8,495,0.9562500000,8,306,1,8,40
0,496,0.8843750000,0,283,1,8,40
2,497,0.8687500000,2,278,1,8,40
2,498,0.9343750000,2,299,1,8,40
0,499,0.8906250000,0,285,1,8,40
4,500,0.5031250000,4,161,1,8,40
6,501,0.9406250000,6,301,1,8,40
5,502,0.6437500000,3,206,0,8,40
4,503,0.9312500000,4,298,1,8,40
9,504,0.9281250000,9,297,1,8,40
4,505,0.9187500000,4,294,1,8,40
7,506,0.9187500000,7,294,1,8,40
9,507,0.9593750000,9,307,1,8,40
9,508,0.5125000000,9,164,1,8,40
4,509,0.9281250000,4,297,1,8,40
5,510,0.9375000000,5,300,1,8,40
6,511,0.9906250000,6,317,1,8,40
6,512,0.9937500000,6,318,1,8,40
1,513,0.6593750000,1,211,1,8,40
5,514,0.9562500000,5,306,1,8,40
3,515,0.7625000000,3,244,1,8,40
8,516,0.9593750000,8,307,1,8,40
9,517,0.9062500000,9,290,1,8,40
5,518,0.7687500000,7,246,0,8,40
8,519,0.8375000000,8,268,1,8,40
5,520,0.5593750000,5,179,1,8,40
7,521,0.9718750000,7,311,1,8,40
0,522,0.9250000000,0,296,1,8,40
7,523,0.9937500000,7,318,1,8,40
0,524,0.8093750000,0,259,1,8,40
5,525,0.3937500000,5,126,1,8,40
0,526,0.4062500000,4,130,0,8,40
0,527,0.9500000000,0,304,1,8,40
4,528,0.3687500000,0,118,0,8,40
6,529,0.9937500000,6,318,1,8,40
9,530,0.7718750000,9,247,1,8,40
0,531,0.3906250000,0,125,1,8,40
9,532,0.6812500000,1,218,0,8,40
5,533,0.8500000000,5,272,1,8,40
6,534,1.0000000000,6,320,1,8,40
6,535,0.9750000000,6,312,1,8,40
6,536,0.9843750000,6,315,1,8,40
2,537,0.8687500000,2,278,1,8,40
9,538,0.5187500000,8,166,0,8,40
0,539,0.7656250000,0,245,1,8,40
1,540,0.8906250000,1,285,1,8,40
7,541,0.3625000000,4,116,0,8,40
6,542,0.9593750000,6,307,1,8,40
7,543,0.9656250000,7,309,1,8,40
5,544,0.9718750000,5,311,1,8,40
9,545,0.9562500000,9,306,1,8,40
1,546,0.9718750000,1,311,1,8,40
6,547,0.8468750000,6,271,1,8,40
2,548,0.3781250000,5,121,0,8,40
5,549,0.4937500000,3,158,0,8,40
5,550,0.6593750000,5,211,1,8,40
5,551,0.5250000000,5,168,1,8,40
8,552,0.8500000000,8,272,1,8,40
5,553,0.3562500000,3,114,0,8,40
9,554,0.9781250000,9,313,1,8,40
4,555,0.6562500000,4,210,1,8,40
6,556,0.7312500000,6,234,1,8,40
4,557,0.8250000000,4,264,1,8,40
3,558,0.9718750000,3,311,1,8,40
2,559,0.9906250000,2,317,1,8,40
0,560,0.9718750000,0,311,1,8,40
7,561,0.9687500000,7,310,1,8,40
6,562,0.8812500000,6,282,1,8,40
2,563,0.3687500000,4,118,0,8,40
2,564,0.6031250000,2,193,1,8,40
3,565,0.4687500000,3,150,1,8,40
9,566,0.9562500000,9,306,1,8,40
7,567,0.2562500000,5,82,0,8,40
9,568,0.6968750000,9,223,1,8,40
2,569,0.6437500000,2,206,1,8,40
6,570,0.5687500000,6,182,1,8,40
7,571,0.9812500000,7,314,1,8,40
1,572,0.6906250000,1,221,1,8,40
3,573,0.4250000000,3,136,1,8,40
6,574,0.9125000000,6,292,1,8,40
6,575,0.8187500000,6,262,1,8,40
8,576,0.9718750000,8,311,1,8,40
9,577,0.4750000000,8,152,0,8,40
7,578,0.9562500000,7,306,1,8,40
5,579,0.4906250000,2,157,0,8,40
4,580,0.9531250000,4,305,1,8,40
0,581,0.7968750000,0,255,1,8,40
8,582,0.8406250000,8,269,1,8,40
4,583,0.6531250000,4,209,1,8,40
0,584,0.9812500000,0,314,1,8,40
9,585,0.6656250000,9,213,1,8,40
3,586,0.6062500000,6,194,0,8,40
4,587,0.8906250000,4,285,1,8,40
8,588,0.9687500000,8,310,1,8,40
9,589,0.9468750000,9,303,1,8,40
6,590,0.9437500000,6,302,1,8,40
9,591,0.7125000000,9,228,1,8,40
2,592,0.9687500000,2,310,1,8,40
6,593,0.9406250000,6,301,1,8,40
1,594,0.9000000000,1,288,1,8,40
4,595,0.6281250000,4,201,1,8,40
7,596,0.9156250000,7,293,1,8,40
3,597,0.3562500000,9,114,0,8,40
5,598,0.2531250000,5,81,1,8,40
3,599,0.9187500000,3,294,1,8,40
8,600,0.7375000000,8,236,1,8,40
5,601,0.5437500000,5,174,1,8,40
0,602,0.8843750000,0,283,1,8,40
2,603,0.9406250000,2,301,1,8,40
1,604,0.9906250000,1,317,1,8,40
6,605,0.9718750000,6,311,1,8,40
4,606,0.5375000000,4,172,1,8,40
3,607,0.6812500000,3,218,1,8,40
3,608,0.9093750000,3,291,1,8,40
9,609,0.9437500000,9,302,1,8,40
6,610,0.9875000000,6,316,1,8,40
9,611,0.8031250000,9,257,1,8,40
8,612,0.9625000000,8,308,1,8,40
8,613,0.9343750000,8,299,1,8,40
5,614,0.8656250000,5,277,1,8,40
8,615,0.7875000000,8,252,1,8,40
6,616,0.7875000000,6,252,1,8,40
6,617,0.5593750000,6,179,1,8,40
2,618,0.5031250000,7,161,0,8,40
1,619,0.9437500000,1,302,1,8,40
7,620,0.8843750000,7,283,1,8,40
7,621,0.4656250000,1,149,0,8,40
1,622,0.9875000000,1,316,1,8,40
2,623,0.7437500000,2,238,1,8,40
7,624,0.9156250000,7,293,1,8,40
9,625,0.9187500000,9,294,1,8,40
9,626,0.9656250000,9,309,1,8,40
4,627,0.9375000000,4,300,1,8,40
4,628,0.7312500000,4,234,1,8,40
1,629,0.6687500000,1,214,1,8,40
2,630,0.3531250000,2,113,1,8,40
5,631,0.4531250000,5,145,1,8,40
6,632,0.9062500000,6,290,1,8,40
8,633,0.6468750000,3,207,0,8,40
7,634,0.8906250000,7,285,1,8,40
6,635,0.9187500000,6,294,1,8,40
8,636,0.9406250000,8,301,1,8,40
3,637,0.3968750000,3,127,1,8,40
0,638,0.5218750000,0,167,1,8,40
5,639,0.3906250000,3,125,0,8,40
5,640,0.8593750000,3,275,0,8,40
3,641,0.4968750000,3,159,1,8,40
0,642,0.7750000000,0,248,1,8,40
7,643,0.9812500000,7,314,1,8,40
9,644,0.9125000000,9,292,1,8,40
1,645,0.6906250000,1,221,1,8,40
3,646,0.5093750000,3,163,1,8,40
4,647,0.5343750000,4,171,1,8,40
4,648,0.8093750000,4,259,1,8,40
5,649,0.8000000000,5,256,1,8,40
3,650,0.9531250000,3,305,1,8,40
9,651,0.9031250000,9,289,1,8,40
5,652,0.6437500000,5,206,1,8,40
6,653,0.8437500000,6,270,1,8,40
9,654,0.8937500000,9,286,1,8,40
2,655,0.4625000000,0,148,0,8,40
1,656,0.9781250000,1,313,1,8,40
1,657,0.6468750000,1,207,1,8,40
4,658,0.8875000000,4,284,1,8,40
1,659,0.9312500000,1,298,1,8,40
9,660,0.9625000000,9,308,1,8,40
4,661,0.7593750000,4,243,1,8,40
7,662,1.0000000000,7,320,1,8,40
6,663,0.7593750000,6,243,1,8,40
3,664,0.9093750000,3,291,1,8,40
8,665,0.8406250000,0,269,0,8,40
9,666,0.9656250000,9,309,1,8,40
0,667,0.9593750000,0,307,1,8,40
1,668,0.4937500000,9,158,0,8,40
3,669,0.5718750000,5,183,0,8,40
6,670,0.9750000000,6,312,1,8,40
3,671,0.4312500000,3,138,1,8,40
6,672,0.2906250000,4,93,0,8,40
3,673,0.9031250000,3,289,1,8,40
2,674,0.5000000000,2,160,1,8,40
0,675,0.4468750000,0,143,1,8,40
3,676,0.5031250000,4,161,0,8,40
1,677,0.3781250000,9,121,0,8,40
0,678,0.3968750000,0,127,1,8,40
5,679,0.5218750000,3,167,0,8,40
9,680,0.5312500000,9,170,1,8,40
6,681,0.9875000000,6,316,1,8,40
4,682,0.4718750000,4,151,1,8,40
8,683,0.4031250000,1,129,0,8,40
9,684,0.7812500000,9,250,1,8,40
6,685,0.5281250000,2,169,0,8,40
9,686,0.7937500000,9,254,1,8,40
6,687,0.5656250000,6,181,1,8,40
3,688,0.8843750000,6,283,0,8,40
0,689,0.5250000000,6,168,0,8,40
3,690,0.4531250000,4,145,0,8,40
2,691,0.8437500000,2,270,1,8,40
2,692,0.5031250000,2,161,1,8,40
7,693,0.9656250000,7,309,1,8,40
8,694,0.9750000000,8,312,1,8,40
3,695,0.7750000000,3,248,1,8,40
8,696,0.8812500000,8,282,1,8,40
2,697,0.8187500000,2,262,1,8,40
7,698,0.9812500000,7,314,1,8,40
5,699,0.7250000000,5,232,1,8,40
7,700,0.9406250000,7,301,1,8,40
2,701,0.6875000000,2,220,1,8,40
4,702,0.5437500000,6,174,0,8,40
8,703,0.5531250000,8,177,1,8,40
7,704,0.5750000000,7,184,1,8,40
4,705,0.8375000000,4,268,1,8,40
2,706,0.6312500000,2,202,1,8,40
9,707,0.4406250000,3,141,0,8,40
8,708,0.7687500000,8,246,1,8,40
8,709,0.9656250000,8,309,1,8,40
6,710,0.3937500000,2,126,0,8,40
8,711,0.6750000000,0,216,0,8,40
8,712,0.9531250000,8,305,1,8,40
7,713,0.9562500000,7,306,1,8,40
4,714,0.8812500000,4,282,1,8,40
3,715,0.6312500000,3,202,1,8,40
3,716,0.8812500000,3,282,1,8,40
8,717,0.6156250000,8,197,1,8,40
4,718,0.6125000000,4,196,1,8,40
9,719,0.4937500000,9,158,1,8,40
4,720,0.3593750000,7,115,0,8,40
8,721,0.9437500000,8,302,1,8,40
8,722,0.9687500000,8,310,1,8,40
1,723,0.9343750000,1,299,1,8,40
8,724,0.8937500000,8,286,1,8,40
2,725,0.3125000000,0,100,0,8,40
1,726,0.9843750000,1,315,1,8,40
3,727,0.3906250000,2,125,0,8,40
6,728,0.8218750000,6,263,1,8,40
5,729,0.8718750000,5,279,1,8,40
4,730,0.2968750000,3,95,0,8,40
2,731,0.5875000000,0,188,0,8,40
7,732,0.9593750000,7,307,1,8,40
9,733,0.7000000000,9,224,1,8,40
9,734,0.4531250000,8,145,0,8,40
4,735,0.4562500000,2,146,0,8,40
1,736,0.8062500000,1,258,1,8,40
4,737,0.6218750000,4,199,1,8,40
1,738,0.9937500000,1,318,1,8,40
3,739,0.4781250000,3,153,1,8,40
2,740,0.8906250000,5,285,0,8,40
7,741,0.9375000000,7,300,1,8,40
0,742,0.8687500000,0,278,1,8,40
7,743,1.0000000000,7,320,1,8,40
9,744,0.4218750000,6,135,0,8,40
7,745,0.9625000000,7,308,1,8,40
6,746,0.7031250000,6,225,1,8,40
6,747,0.9562500000,6,306,1,8,40
2,748,0.9437500000,2,302,1,8,40
5,749,0.8500000000,3,272,0,8,40
9,750,0.9781250000,9,313,1,8,40
2,751,0.5812500000,0,186,0,8,40
9,752,0.7062500000,9,226,1,8,40
1,753,0.9718750000,1,311,1,8,40
2,754,0.9875000000,2,316,1,8,40
2,755,0.3875000000,4,124,0,8,40
6,756,0.9812500000,6,314,1,8,40
8,757,0.9406250000,8,301,1,8,40
2,758,0.9531250000,2,305,1,8,40
1,759,0.9781250000,1,313,1,8,40
3,760,0.6062500000,3,194,1,8,40
6,761,0.4750000000,5,152,0,8,40
6,762,0.7156250000,6,229,1,8,40
0,763,0.8656250000,0,277,1,8,40
1,764,0.9406250000,1,301,1,8,40
2,765,0.9750000000,2,312,1,8,40
7,766,0.7437500000,4,238,0,8,40
0,767,0.3875000000,9,124,0,8,40
5,768,0.5406250000,5,173,1,8,40
4,769,0.6312500000,4,202,1,8,40
6,770,0.2218750000,9,71,0,8,40
1,771,0.6937500000,9,222,0,8,40
6,772,0.9843750000,6,315,1,8,40
4,773,0.6593750000,4,211,1,8,40
0,774,0.9062500000,0,290,1,8,40
2,775,0.3062500000,4,98,0,8,40
2,776,0.4437500000,5,142,0,8,40
6,777,0.9437500000,6,302,1,8,40
0,778,0.9687500000,0,310,1,8,40
5,779,0.5875000000,5,188,1,8,40
9,780,0.8531250000,9,273,1,8,40
1,781,0.9468750000,1,303,1,8,40
7,782,0.9656250000,7,309,1,8,40
6,783,0.5312500000,6,170,1,8,40
7,784,0.7593750000,7,243,1,8,40
0,785,0.5343750000,0,171,1,8,40
3,786,0.8625000000,3,276,1,8,40
9,787,0.8531250000,9,273,1,8,40
6,788,0.3906250000,5,125,0,8,40
8,789,0.9781250000,8,313,1,8,40
3,790,0.7718750000,0,247,0,8,40
0,791,0.9750000000,0,312,1,8,40
3,792,0.3125000000,3,100,1,8,40
4,793,0.2437500000,3,78,0,8,40
7,794,0.9187500000,7,294,1,8,40
7,795,0.8437500000,7,270,1,8,40
1,796,0.3875000000,4,124,0,8,40
4,797,0.5312500000,4,170,1,8,40
7,798,0.6625000000,7,212,1,8,40
2,799,0.6437500000,2,206,1,8,40
7,800,0.9937500000,7,318,1,8,40
1,801,0.9718750000,1,311,1,8,40
4,802,0.7937500000,2,254,0,8,40
7,803,0.9531250000,7,305,1,8,40
4,804,0.4468750000,4,143,1,8,40
4,805,0.9625000000,4,308,1,8,40
8,806,0.4750000000,8,152,1,8,40
4,807,0.7625000000,4,244,1,8,40
7,808,0.6625000000,7,212,1,8,40
7,809,0.4593750000,7,147,1,8,40
5,810,0.3562500000,3,114,0,8,40
3,811,0.4625000000,2,148,0,8,40
7,812,0.9906250000,7,317,1,8,40
2,813,0.9406250000,2,301,1,8,40
0,814,0.8218750000,0,263,1,8,40
8,815,0.9718750000,8,311,1,8,40
9,816,0.9218750000,9,295,1,8,40
5,817,0.7812500000,3,250,0,8,40
8,818,0.6593750000,8,211,1,8,40
3,819,0.3468750000,4,111,0,8,40
6,820,0.4687500000,6,150,1,8,40
2,821,0.7687500000,2,246,1,8,40
0,822,0.9218750000,0,295,1,8,40
8,823,0.9968750000,8,319,1,8,40
7,824,0.9250000000,7,296,1,8,40
3,825,0.4968750000,3,159,1,8,40
7,826,0.8125000000,7,260,1,8,40
6,827,0.9312500000,6,298,1,8,40
5,828,0.7375000000,5,236,1,8,40
3,829,0.6593750000,3,211,1,8,40
1,830,0.6718750000,0,215,0,8,40
3,831,0.7312500000,3,234,1,8,40
2,832,0.9437500000,2,302,1,8,40
2,833,0.7250000000,2,232,1,8,40
5,834,0.5312500000,2,170,0,8,40
4,835,0.4531250000,4,145,1,8,40
1,836,0.6312500000,1,202,1,8,40
2,837,0.5906250000,2,189,1,8,40
9,838,0.9531250000,9,305,1,8,40
2,839,0.9906250000,2,317,1,8,40
7,840,0.9968750000,7,319,1,8,40
0,841,0.9562500000,0,306,1,8,40
7,842,0.9875000000,7,316,1,8,40
2,843,0.7968750000,2,255,1,8,40
1,844,0.3781250000,2,121,0,8,40
3,845,0.2468750000,1,79,0,8,40
2,846,0.4687500000,2,150,1,8,40
0,847,0.9250000000,0,296,1,8,40
2,848,0.8500000000,2,272,1,8,40
4,849,0.9718750000,4,311,1,8,40
7,850,0.7062500000,5,226,0,8,40
9,851,0.9375000000,9,300,1,8,40
8,852,0.9375000000,8,300,1,8,40
9,853,0.9000000000,1,288,0,8,40
0,854,0.9312500000,0,298,1,8,40
7,855,0.8937500000,7,286,1,8,40
7,856,0.9687500000,7,310,1,8,40
0,857,0.6937500000,0,222,1,8,40
7,858,0.9812500000,7,314,1,8,40
8,859,0.9000000000,8,288,1,8,40
4,860,0.9781250000,4,313,1,8,40
6,861,0.8937500000,6,286,1,8,40
3,862,0.5531250000,6,177,0,8,40
3,863,0.8531250000,3,273,1,8,40
0,864,0.9593750000,0,307,1,8,40
1,865,0.9625000000,1,308,1,8,40
3,866,0.6593750000,5,211,0,8,40
7,867,0.7843750000,7,251,1,8,40
0,868,0.9687500000,0,310,1,8,40
1,869,0.8000000000,1,256,1,8,40
3,870,0.6500000000,3,208,1,8,40
1,871,0.9906250000,1,317,1,8,40
4,872,0.7562500000,4,242,1,8,40
2,873,0.7125000000,2,228,1,8,40
3,874,0.9781250000,3,313,1,8,40
8,875,0.9343750000,8,299,1,8,40
4,876,0.9562500000,4,306,1,8,40
2,877,0.5500000000,2,176,1,8,40
3,878,0.4875000000,4,156,0,8,40
7,879,0.9093750000,7,291,1,8,40
8,880,0.8937500000,8,286,1,8,40
4,881,0.5250000000,4,168,1,8,40
3,882,0.6281250000,0,201,0,8,40
0,883,0.8625000000,0,276,1,8,40
9,884,0.6562500000,9,210,1,8,40
0,885,0.8062500000,0,258,1,8,40
0,886,0.5937500000,0,190,1,8,40
1,887,0.8500000000,1,272,1,8,40
0,888,0.5187500000,8,166,0,8,40
4,889,0.6000000000,6,192,0,8,40
4,890,0.7968750000,4,255,1,8,40
6,891,0.9906250000,6,317,1,8,40
7,892,0.8625000000,7,276,1,8,40
6,893,0.5218750000,3,167,0,8,40
1,894,0.7906250000,1,253,1,8,40
1,895,0.7343750000,1,235,1,8,40
3,896,0.8500000000,3,272,1,8,40
7,897,0.8468750000,7,271,1,8,40
3,898,0.4156250000,3,133,1,8,40
5,899,0.7625000000,5,244,1,8,40
2,900,0.6906250000,6,221,0,8,40
6,901,0.9468750000,6,303,1,8,40
6,902,1.0000000000,6,320,1,8,40
5,903,0.8187500000,5,262,1,8,40
8,904,0.4906250000,8,157,1,8,40
7,905,0.6312500000,7,202,1,8,40
1,906,0.8281250000,1,265,1,8,40
6,907,0.9281250000,6,297,1,8,40
8,908,0.8562500000,8,274,1,8,40
8,909,0.9375000000,8,300,1,8,40
5,910,0.5187500000,5,166,1,8,40
3,911,0.9812500000,3,314,1,8,40
0,912,0.4562500000,2,146,0,8,40
4,913,0.8593750000,4,275,1,8,40
0,914,0.9312500000,0,298,1,8,40
1,915,0.9281250000,1,297,1,8,40
3,916,0.5250000000,4,168,0,8,40
8,917,0.9437500000,8,302,1,8,40
8,918,0.9562500000,8,306,1,8,40
0,919,0.8375000000,0,268,1,8,40
6,920,0.5781250000,6,185,1,8,40
9,921,0.9843750000,9,315,1,8,40
9,922,0.7906250000,9,253,1,8,40
9,923,0.6031250000,9,193,1,8,40
5,924,0.5625000000,0,180,0,8,40
5,925,0.8656250000,3,277,0,8,40
8,926,0.8812500000,8,282,1,8,40
6,927,0.6187500000,6,198,1,8,40
0,928,0.7750000000,0,248,1,8,40
0,929,0.7875000000,0,252,1,8,40
4,930,0.9125000000,4,292,1,8,40
2,931,0.9843750000,2,315,1,8,40
3,932,0.7218750000,3,231,1,8,40
2,933,0.6531250000,3,209,0,8,40
7,934,1.0000000000,7,320,1,8,40
2,935,0.4468750000,2,143,1,8,40
2,936,0.6718750000,2,215,1,8,40
5,937,0.8937500000,5,286,1,8,40
9,938,0.6750000000,1,216,0,8,40
8,939,0.9750000000,8,312,1,8,40
9,940,0.7250000000,9,232,1,8,40
1,941,0.3968750000,9,127,0,8,40
7,942,0.9406250000,7,301,1,8,40
4,943,0.6312500000,4,202,1,8,40
0,944,0.9531250000,0,305,1,8,40
3,945,0.5187500000,3,166,1,8,40
0,946,0.9093750000,0,291,1,8,40
1,947,0.6968750000,1,223,1,8,40
3,948,0.4500000000,4,144,0,8,40
8,949,0.9562500000,8,306,1,8,40
3,950,0.5156250000,3,165,1,8,40
9,951,0.9437500000,9,302,1,8,40
6,952,0.8625000000,6,276,1,8,40
1,953,0.4156250000,9,133,0,8,40
4,954,0.7156250000,4,229,1,8,40
7,955,0.9406250000,7,301,1,8,40
0,956,0.4375000000,8,140,0,8,40
3,957,0.6593750000,6,211,0,8,40
7,958,0.9625000000,7,308,1,8,40
8,959,0.9468750000,8,303,1,8,40
9,960,0.7218750000,9,231,1,8,40
1,961,0.5218750000,1,167,1,8,40
1,962,0.8937500000,1,286,1,8,40
6,963,0.9531250000,6,305,1,8,40
6,964,0.5968750000,6,191,1,8,40
6,965,0.3406250000,3,109,0,8,40
6,966,0.6406250000,6,205,1,8,40
9,967,0.7875000000,9,252,1,8,40
1,968,0.9843750000,1,315,1,8,40
9,969,0.9312500000,9,298,1,8,40
9,970,0.8281250000,9,265,1,8,40
4,971,0.9781250000,4,313,1,8,40
2,972,0.3343750000,5,107,0,8,40
1,973,1.0000000000,1,320,1,8,40
7,974,0.3687500000,0,118,0,8,40
0,975,0.9906250000,0,317,1,8,40
6,976,0.8687500000,6,278,1,8,40
8,977,0.9062500000,8,290,1,8,40
1,978,0.9031250000,1,289,1,8,40
9,979,0.8593750000,9,275,1,8,40
2,980,0.6718750000,2,215,1,8,40
9,981,0.6312500000,9,202,1,8,40
0,982,0.3750000000,5,120,0,8,40
4,983,0.9718750000,4,311,1,8,40
7,984,0.8687500000,7,278,1,8,40
8,985,0.9562500000,8,306,1,8,40
3,986,0.8125000000,3,260,1,8,40
1,987,0.9500000000,1,304,1,8,40
2,988,0.8625000000,2,276,1,8,40
0,989,0.6906250000,0,221,1,8,40
1,990,0.9781250000,1,313,1,8,40
5,991,0.6312500000,5,202,1,8,40
8,992,0.8843750000,8,283,1,8,40
4,993,0.6843750000,7,219,0,8,40
6,994,0.7281250000,6,233,1,8,40
3,995,0.4500000000,2,144,0,8,40
8,996,0.8000000000,8,256,1,8,40
1,997,0.9687500000,1,310,1,8,40
3,998,0.9593750000,3,307,1,8,40
8,999,0.9843750000,8,315,1,8,40
5,1000,0.9718750000,5,311,1,8,40
0,1001,0.8343750000,0,267,1,8,40
8,1002,0.5468750000,8,175,1,8,40
4,1003,0.9125000000,4,292,1,8,40
8,1004,0.9312500000,8,298,1,8,40
1,1005,0.9656250000,1,309,1,8,40
1,1006,0.9687500000,1,310,1,8,40
8,1007,0.7531250000,8,241,1,8,40
9,1008,0.4343750000,9,139,1,8,40
6,1009,0.7062500000,6,226,1,8,40
0,1010,0.9187500000,0,294,1,8,40
8,1011,0.9562500000,8,306,1,8,40
6,1012,0.4531250000,6,145,1,8,40
1,1013,0.9656250000,1,309,1,8,40
3,1014,0.7812500000,3,250,1,8,40
4,1015,0.7500000000,4,240,1,8,40
1,1016,0.9281250000,1,297,1,8,40
6,1017,0.9906250000,6,317,1,8,40
0,1018,0.8125000000,0,260,1,8,40
5,1019,0.3500000000,0,112,0,8,40
1,1020,0.9843750000,1,315,1,8,40
1,1021,0.6406250000,1,205,1,8,40
0,1022,0.8031250000,0,257,1,8,40
0,1023,0.6187500000,0,198,1,8,40
3,1024,0.7250000000,3,232,1,8,40
5,1025,0.8906250000,5,285,1,8,40
0,1026,0.7031250000,0,225,1,8,40
0,1027,0.8500000000,0,272,1,8,40
6,1028,0.9156250000,6,293,1,8,40
6,1029,0.9906250000,6,317,1,8,40
3,1030,0.9093750000,3,291,1,8,40
3,1031,0.6281250000,3,201,1,8,40
6,1032,0.3281250000,2,105,0,8,40
3,1033,0.8343750000,3,267,1,8,40
6,1034,0.4312500000,5,138,0,8,40
6,1035,0.4281250000,6,137,1,8,40
0,1036,0.3562500000,6,114,0,8,40
7,1037,0.9562500000,7,306,1,8,40
2,1038,0.9812500000,2,314,1,8,40
2,1039,0.6343750000,4,203,0,8,40
7,1040,0.6156250000,5,197,0,8,40
5,1041,0.9000000000,5,288,1,8,40
5,1042,0.7625000000,2,244,0,8,40
2,1043,0.4093750000,2,131,1,8,40
8,1044,0.9187500000,8,294,1,8,40
5,1045,0.8375000000,5,268,1,8,40
2,1046,0.9750000000,2,312,1,8,40
1,1047,0.5062500000,1,162,1,8,40
1,1048,0.9687500000,1,310,1,8,40
4,1049,0.8531250000,1,273,0,8,40
3,1050,0.4718750000,0,151,0,8,40
2,1051,0.4031250000,6,129,0,8,40
0,1052,0.8000000000,0,256,1,8,40
3,1053,0.4843750000,3,155,1,8,40
1,1054,0.9156250000,1,293,1,8,40
5,1055,0.8062500000,5,258,1,8,40
3,1056,0.6218750000,3,199,1,8,40
7,1057,0.3843750000,7,123,1,8,40
6,1058,0.5062500000,6,162,1,8,40
8,1059,0.9250000000,8,296,1,8,40
9,1060,0.9781250000,9,313,1,8,40
1,1061,0.5562500000,1,178,1,8,40
6,1062,0.7562500000,6,242,1,8,40
4,1063,0.9312500000,4,298,1,8,40
9,1064,0.4093750000,5,131,0,8,40
3,1065,0.2750000000,2,88,0,8,40
9,1066,0.5375000000,1,172,0,8,40
0,1067,0.9812500000,0,314,1,8,40
9,1068,0.9312500000,9,298,1,8,40
6,1069,0.9781250000,6,313,1,8,40
3,1070,0.9562500000,3,306,1,8,40
6,1071,1.0000000000,6,320,1,8,40
0,1072,0.9156250000,8,293,0,8,40
7,1073,0.9937500000,7,318,1,8,40
3,1074,0.7937500000,3,254,1,8,40
8,1075,0.8437500000,8,270,1,8,40
0,1076,0.8437500000,0,270,1,8,40
0,1077,0.9812500000,0,314,1,8,40
0,1078,0.9062500000,0,290,1,8,40
6,1079,0.8843750000,6,283,1,8,40
6,1080,0.8281250000,6,265,1,8,40
6,1081,0.9156250000,6,293,1,8,40
9,1082,0.7093750000,9,227,1,8,40
2,1083,0.7437500000,2,238,1,8,40
5,1084,0.5437500000,5,174,1,8,40
4,1085,0.9968750000,4,319,1,8,40
4,1086,0.9031250000,4,289,1,8,40
6,1087,0.9687500000,6,310,1,8,40
3,1088,0.5781250000,5,185,0,8,40
6,1089,0.9687500000,6,310,1,8,40
0,1090,0.8875000000,0,284,1,8,40
8,1091,0.9781250000,8,313,1,8,40
6,1092,0.7031250000,6,225,1,8,40
0,1093,0.2843750000,4,91,0,8,40
6,1094,0.4906250000,6,157,1,8,40
2,1095,0.8937500000,2,286,1,8,40
7,1096,0.9812500000,7,314,1,8,40
5,1097,0.7750000000,5,248,1,8,40
1,1098,0.9937500000,1,318,1,8,40
2,1099,0.9218750000,2,295,1,8,40
7,1100,0.6250000000,8,200,0,8,40
8,1101,0.9781250000,8,313,1,8,40
8,1102,0.9437500000,8,302,1,8,40
0,1103,0.9156250000,0,293,1,8,40
9,1104,0.9406250000,9,301,1,8,40
4,1105,0.3843750000,3,123,0,8,40
9,1106,0.9750000000,9,312,1,8,40
7,1107,0.9500000000,7,304,1,8,40
2,1108,0.9812500000,2,314,1,8,40
0,1109,0.6875000000,0,220,1,8,40
2,1110,0.9531250000,2,305,1,8,40
8,1111,0.8718750000,8,279,1,8,40
3,1112,0.4625000000,2,148,0,8,40
8,1113,0.7906250000,8,253,1,8,40
9,1114,0.7843750000,9,251,1,8,40
1,1115,0.9156250000,1,293,1,8,40
5,1116,0.8062500000,5,258,1,8,40
5,1117,0.9093750000,5,291,1,8,40
4,1118,0.4812500000,7,154,0,8,40
7,1119,0.9781250000,7,313,1,8,40
5,1120,0.5281250000,5,169,1,8,40
3,1121,0.5843750000,3,187,1,8,40
8,1122,0.7468750000,8,239,1,8,40
3,1123,0.6375000000,3,204,1,8,40
3,1124,0.5906250000,2,189,0,8,40
6,1125,0.9812500000,6,314,1,8,40
2,1126,0.7593750000,0,243,0,8,40
8,1127,0.9468750000,8,303,1,8,40
4,1128,0.4156250000,5,133,0,8,40
3,1129,0.4000000000,6,128,0,8,40
7,1130,0.6093750000,4,195,0,8,40
1,1131,0.5718750000,9,183,0,8,40
2,1132,0.5062500000,2,162,1,8,40
4,1133,0.9312500000,4,298,1,8,40
1,1134,0.7031250000,1,225,1,8,40
6,1135,0.9125000000,6,292,1,8,40
9,1136,0.5687500000,9,182,1,8,40
0,1137,0.3875000000,3,124,0,8,40
5,1138,0.2718750000,7,87,0,8,40
8,1139,0.9687500000,8,310,1,8,40
6,1140,0.9375000000,6,300,1,8,40
1,1141,0.7781250000,1,249,1,8,40
8,1142,0.9781250000,8,313,1,8,40
6,1143,0.9625000000,6,308,1,8,40
1,1144,0.9093750000,1,291,1,8,40
4,1145,0.6562500000,4,210,1,8,40
2,1146,0.5750000000,2,184,1,8,40
6,1147,0.2500000000,6,80,1,8,40
2,1148,0.8500000000,2,272,1,8,40
7,1149,0.3937500000,7,126,1,8,40
2,1150,0.5218750000,7,167,0,8,40
2,1151,0.7125000000,2,228,1,8,40
0,1152,0.9468750000,0,303,1,8,40
8,1153,0.8968750000,8,287,1,8,40
6,1154,0.9343750000,6,299,1,8,40
9,1155,0.5250000000,1,168,0,8,40
1,1156,0.6125000000,1,196,1,8,40
7,1157,0.4656250000,1,149,0,8,40
1,1158,0.9000000000,1,288,1,8,40
8,1159,0.8468750000,8,271,1,8,40
8,1160,0.8593750000,8,275,1,8,40
0,1161,0.9843750000,0,315,1,8,40
7,1162,0.9875000000,7,316,1,8,40
3,1163,0.4375000000,7,140,0,8,40
8,1164,0.8562500000,8,274,1,8,40
0,1165,0.8218750000,0,263,1,8,40
3,1166,0.6250000000,3,200,1,8,40
4,1167,0.4187500000,4,134,1,8,40
3,1168,0.4781250000,3,153,1,8,40
7,1169,0.6062500000,7,194,1,8,40
7,1170,0.8562500000,7,274,1,8,40
9,1171,0.9812500000,9,314,1,8,40
2,1172,0.5875000000,7,188,0,8,40
3,1173,0.6000000000,3,192,1,8,40
1,1174,0.7312500000,1,234,1,8,40
9,1175,0.6781250000,9,217,1,8,40
1,1176,0.9531250000,1,305,1,8,40
9,1177,0.5656250000,1,181,0,8,40
6,1178,0.7375000000,2,236,0,8,40
3,1179,0.9218750000,3,295,1,8,40
3,1180,0.8406250000,3,269,1,8,40
3,1181,0.5687500000,6,182,0,8,40
1,1182,0.9718750000,1,311,1,8,40
0,1183,0.8093750000,0,259,1,8,40
6,1184,0.8093750000,6,259,1,8,40
1,1185,0.5906250000,1,189,1,8,40
4,1186,0.9656250000,4,309,1,8,40
1,1187,0.9562500000,1,306,1,8,40
0,1188,0.9375000000,0,300,1,8,40
0,1189,0.6937500000,0,222,1,8,40
1,1190,0.9656250000,1,309,1,8,40
1,1191,0.9375000000,1,300,1,8,40
6,1192,0.5187500000,6,166,1,8,40
5,1193,0.3375000000,3,108,0,8,40
4,1194,0.8750000000,4,280,1,8,40
6,1195,0.9406250000,6,301,1,8,40
2,1196,0.9562500000,2,306,1,8,40
0,1197,0.8625000000,0,276,1,8,40
7,1198,0.9906250000,7,317,1,8,40
9,1199,0.6031250000,1,193,0,8,40
8,1200,0.9312500000,8,298,1,8,40
7,1201,0.6125000000,7,196,1,8,40
2,1202,0.6718750000,2,215,1,8,40
0,1203,0.5656250000,0,181,1,8,40
6,1204,0.9875000000,6,316,1,8,40
8,1205,0.8187500000,8,262,1,8,40
1,1206,0.9937500000,1,318,1,8,40
4,1207,0.5156250000,8,165,0,8,40
3,1208,0.3562500000,8,114,0,8,40
7,1209,0.8156250000,7,261,1,8,40
0,1210,0.9625000000,0,308,1,8,40
6,1211,0.6531250000,6,209,1,8,40
1,1212,0.9437500000,1,302,1,8,40
8,1213,0.9468750000,8,303,1,8,40
5,1214,0.9281250000,5,297,1,8,40
7,1215,0.9687500000,7,310,1,8,40
8,1216,0.5156250000,1,165,0,8,40
4,1217,0.7156250000,4,229,1,8,40
8,1218,0.6750000000,8,216,1,8,40
3,1219,0.6031250000,5,193,0,8,40
9,1220,0.5218750000,3,167,0,8,40
9,1221,0.8250000000,9,264,1,8,40
9,1222,0.7750000000,1,248,0,8,40
8,1223,0.8968750000,0,287,0,8,40
7,1224,0.4187500000,4,134,0,8,40
6,1225,0.6218750000,6,199,1,8,40
6,1226,0.9406250000,6,301,1,8,40
3,1227,0.7406250000,3,237,1,8,40
5,1228,0.2718750000,4,87,0,8,40
1,1229,0.9687500000,1,310,1,8,40
5,1230,0.5656250000,3,181,0,8,40
9,1231,0.9343750000,9,299,1,8,40
1,1232,0.9625000000,1,308,1,8,40
4,1233,0.7906250000,4,253,1,8,40
1,1234,0.9812500000,1,314,1,8,40
5,1235,0.6406250000,5,205,1,8,40
7,1236,0.2937500000,2,94,0,8,40
0,1237,0.8437500000,0,270,1,8,40
1,1238,0.9781250000,1,313,1,8,40
5,1239,0.6875000000,3,220,0,8,40
2,1240,0.7218750000,6,231,0,8,40
0,1241,0.4093750000,0,131,1,8,40
8,1242,0.7718750000,1,247,0,8,40
8,1243,0.9093750000,8,291,1,8,40
5,1244,0.6562500000,5,210,1,8,40
6,1245,0.3593750000,6,115,1,8,40
7,1246,0.8031250000,7,257,1,8,40
3,1247,0.4437500000,5,142,0,8,40
2,1248,0.4468750000,4,143,0,8,40
4,1249,0.9312500000,4,298,1,8,40
7,1250,0.8687500000,7,278,1,8,40
2,1251,0.2875000000,2,92,1,8,40
5,1252,0.8437500000,5,270,1,8,40
8,1253,0.8750000000,8,280,1,8,40
2,1254,0.6093750000,2,195,1,8,40
4,1255,0.9187500000,4,294,1,8,40
9,1256,0.6000000000,9,192,1,8,40
2,1257,0.9531250000,2,305,1,8,40
1,1258,0.4750000000,1,152,1,8,40
8,1259,0.9875000000,8,316,1,8,40
1,1260,0.6250000000,1,200,1,8,40
9,1261,0.4281250000,8,137,0,8,40
8,1262,0.9218750000,8,295,1,8,40
8,1263,0.6218750000,8,199,1,8,40
8,1264,0.8375000000,8,268,1,8,40
9,1265,0.8343750000,1,267,0,8,40
0,1266,0.6656250000,8,213,0,8,40
4,1267,0.9625000000,4,308,1,8,40
3,1268,0.3031250000,2,97,0,8,40
3,1269,0.4031250000,5,129,0,8,40
1,1270,0.7718750000,1,247,1,8,40
8,1271,0.9562500000,8,306,1,8,40
4,1272,0.4281250000,7,137,0,8,40
6,1273,0.9031250000,6,289,1,8,40
3,1274,0.8437500000,3,270,1,8,40
3,1275,0.7781250000,3,249,1,8,40
5,1276,0.7625000000,1,244,0,8,40
2,1277,0.4906250000,2,157,1,8,40
2,1278,0.9750000000,2,312,1,8,40
8,1279,0.3937500000,8,126,1,8,40
3,1280,0.3468750000,5,111,0,8,40
8,1281,0.9687500000,8,310,1,8,40
9,1282,0.8093750000,9,259,1,8,40
5,1283,0.3718750000,3,119,0,8,40
8,1284,0.7156250000,8,229,1,8,40
9,1285,0.6218750000,9,199,1,8,40
8,1286,0.6687500000,8,214,1,8,40
9,1287,0.8625000000,9,276,1,8,40
1,1288,0.9875000000,1,316,1,8,40
6,1289,0.9000000000,6,288,1,8,40
5,1290,0.8250000000,5,264,1,8,40
9,1291,0.6281250000,9,201,1,8,40
4,1292,0.4656250000,4,149,1,8,40
4,1293,0.5156250000,7,165,0,8,40
8,1294,0.8000000000,8,256,1,8,40
0,1295,0.9843750000,0,315,1,8,40
7,1296,0.3687500000,7,118,1,8,40
2,1297,0.5875000000,0,188,0,8,40
9,1298,0.9562500000,9,306,1,8,40
7,1299,0.5062500000,0,162,0,8,40
4,1300,0.5250000000,3,168,0,8,40
1,1301,0.9812500000,1,314,1,8,40
6,1302,0.7343750000,6,235,1,8,40
4,1303,0.4000000000,4,128,1,8,40
4,1304,0.3125000000,4,100,1,8,40
9,1305,0.8406250000,9,269,1,8,40
1,1306,0.3562500000,1,114,1,8,40
2,1307,0.5125000000,0,164,0,8,40
5,1308,0.7593750000,4,243,0,8,40
6,1309,0.9375000000,6,300,1,8,40
0,1310,0.9125000000,0,292,1,8,40
8,1311,0.9656250000,8,309,1,8,40
6,1312,0.9593750000,6,307,1,8,40
1,1313,0.9593750000,1,307,1,8,40
9,1314,0.9625000000,9,308,1,8,40
4,1315,0.6187500000,2,198,0,8,40
5,1316,0.9843750000,5,315,1,8,40
9,1317,0.9812500000,9,314,1,8,40
5,1318,0.4218750000,3,135,0,8,40
0,1319,0.7468750000,0,239,1,8,40
7,1320,0.8906250000,7,285,1,8,40
2,1321,0.8343750000,2,267,1,8,40
0,1322,0.4812500000,9,154,0,8,40
0,1323,0.4406250000,8,141,0,8,40
4,1324,0.6593750000,4,211,1,8,40
2,1325,0.5968750000,4,191,0,8,40
6,1326,0.4312500000,4,138,0,8,40
6,1327,0.9812500000,6,314,1,8,40
5,1328,0.5906250000,3,189,0,8,40
5,1329,0.6218750000,5,199,1,8,40
2,1330,0.4375000000,2,140,1,8,40
8,1331,0.8843750000,8,283,1,8,40
1,1332,0.8343750000,1,267,1,8,40
7,1333,0.2593750000,7,83,1,8,40
3,1334,0.9343750000,2,299,0,8,40
1,1335,0.9218750000,1,295,1,8,40
4,1336,0.7218750000,4,231,1,8,40
5,1337,0.4000000000,5,128,1,8,40
6,1338,0.9906250000,6,317,1,8,40
5,1339,0.7156250000,3,229,0,8,40
1,1340,0.8656250000,1,277,1,8,40
4,1341,0.7593750000,4,243,1,8,40
7,1342,0.5468750000,7,175,1,8,40
0,1343,0.7875000000,0,252,1,8,40
9,1344,0.6343750000,9,203,1,8,40
4,1345,0.8000000000,4,256,1,8,40
3,1346,0.2781250000,3,89,1,8,40
8,1347,0.9625000000,8,308,1,8,40
2,1348,0.6937500000,2,222,1,8,40
8,1349,0.9687500000,8,310,1,8,40
4,1350,0.7093750000,4,227,1,8,40
7,1351,0.9562500000,7,306,1,8,40
2,1352,0.4812500000,2,154,1,8,40
3,1353,0.3906250000,7,125,0,8,40
1,1354,0.9937500000,1,318,1,8,40
5,1355,0.2843750000,3,91,0,8,40
2,1356,0.6281250000,3,201,0,8,40
9,1357,0.8593750000,9,275,1,8,40
8,1358,0.9656250000,8,309,1,8,40
9,1359,0.9843750000,9,315,1,8,40
7,1360,0.8062500000,7,258,1,8,40
9,1361,0.9656250000,9,309,1,8,40
5,1362,0.8781250000,5,281,1,8,40
1,1363,0.9781250000,1,313,1,8,40
4,1364,0.9125000000,4,292,1,8,40
0,1365,0.8968750000,0,287,1,8,40
8,1366,0.9718750000,8,311,1,8,40
2,1367,0.9562500000,2,306,1,8,40
3,1368,0.3718750000,5,119,0,8,40
8,1369,0.9625000000,8,308,1,8,40
9,1370,0.9437500000,9,302,1,8,40
1,1371,0.9468750000,1,303,1,8,40
1,1372,0.5968750000,9,191,0,8,40
3,1373,0.4093750000,3,131,1,8,40
2,1374,0.5531250000,2,177,1,8,40
4,1375,0.9406250000,4,301,1,8,40
9,1376,0.8750000000,9,280,1,8,40
3,1377,0.5343750000,0,171,0,8,40
1,1378,0.9031250000,1,289,1,8,40
7,1379,0.7468750000,7,239,1,8,40
4,1380,0.4312500000,4,138,1,8,40
6,1381,0.8937500000,6,286,1,8,40
2,1382,0.5343750000,2,171,1,8,40
8,1383,0.5125000000,8,164,1,8,40
9,1384,0.9250000000,9,296,1,8,40
5,1385,0.9656250000,5,309,1,8,40
3,1386,0.9125000000,3,292,1,8,40
9,1387,0.9625000000,9,308,1,8,40
5,1388,0.3718750000,2,119,0,8,40
5,1389,0.4406250000,5,141,1,8,40
6,1390,0.9781250000,6,313,1,8,40
7,1391,0.3500000000,5,112,0,8,40
2,1392,0.9937500000,2,318,1,8,40
4,1393,0.5343750000,4,171,1,8,40
6,1394,0.4625000000,6,148,1,8,40
3,1395,0.8750000000,3,280,1,8,40
1,1396,0.9031250000,1,289,1,8,40
0,1397,0.7250000000,0,232,1,8,40
7,1398,0.4812500000,7,154,1,8,40
2,1399,0.8750000000,0,280,0,8,40
5,1400,0.6625000000,3,212,0,8,40
4,1401,0.5093750000,4,163,1,8,40
7,1402,0.9437500000,7,302,1,8,40
6,1403,0.4031250000,6,129,1,8,40
1,1404,0.9781250000,1,313,1,8,40
1,1405,0.7093750000,1,227,1,8,40
9,1406,0.9406250000,9,301,1,8,40
8,1407,0.9187500000,8,294,1,8,40
1,1408,0.9687500000,1,310,1,8,40
0,1409,0.7281250000,0,233,1,8,40
1,1410,0.9875000000,1,316,1,8,40
3,1411,0.6437500000,3,206,1,8,40
1,1412,0.9656250000,1,309,1,8,40
1,1413,0.6593750000,1,211,1,8,40
1,1414,0.9718750000,1,311,1,8,40
7,1415,0.8406250000,7,269,1,8,40
3,1416,0.3125000000,5,100,0,8,40
9,1417,0.8531250000,9,273,1,8,40
6,1418,0.7468750000,6,239,1,8,40
8,1419,0.9750000000,8,312,1,8,40
4,1420,0.4906250000,7,157,0,8,40
6,1421,0.9718750000,6,311,1,8,40
8,1422,0.7281250000,8,233,1,8,40
4,1423,0.9312500000,4,298,1,8,40
9,1424,0.5718750000,1,183,0,8,40
4,1425,0.6250000000,3,200,0,8,40
7,1426,0.9781250000,7,313,1,8,40
9,1427,0.6906250000,9,221,1,8,40
7,1428,0.9625000000,7,308,1,8,40
6,1429,0.3187500000,3,102,0,8,40
8,1430,0.7125000000,8,228,1,8,40
4,1431,0.6562500000,4,210,1,8,40
9,1432,0.9437500000,9,302,1,8,40
7,1433,0.5812500000,7,186,1,8,40
0,1434,0.6500000000,0,208,1,8,40
1,1435,0.5250000000,1,168,1,8,40
6,1436,0.9187500000,6,294,1,8,40
1,1437,0.7531250000,1,241,1,8,40
5,1438,0.3312500000,5,106,1,8,40
9,1439,0.5406250000,1,173,0,8,40
0,1440,0.6687500000,0,214,1,8,40
4,1441,0.6187500000,4,198,1,8,40
3,1442,0.5531250000,3,177,1,8,40
4,1443,0.7000000000,4,224,1,8,40
1,1444,0.8781250000,1,281,1,8,40
3,1445,0.8750000000,4,280,0,8,40
0,1446,0.9125000000,0,292,1,8,40
8,1447,0.9531250000,8,305,1,8,40
4,1448,0.8375000000,4,268,1,8,40
6,1449,0.9968750000,6,319,1,8,40
2,1450,0.8968750000,2,287,1,8,40
2,1451,0.5093750000,6,163,0,8,40
6,1452,0.8031250000,6,257,1,8,40
5,1453,0.3843750000,5,123,1,8,40
3,1454,0.6375000000,3,204,1,8,40
6,1455,0.9156250000,6,293,1,8,40
2,1456,0.3625000000,4,116,0,8,40
1,1457,0.9812500000,1,314,1,8,40
1,1458,0.7843750000,1,251,1,8,40
8,1459,0.7656250000,8,245,1,8,40
6,1460,0.9687500000,6,310,1,8,40
0,1461,0.7468750000,0,239,1,8,40
4,1462,0.4500000000,4,144,1,8,40
0,1463,0.9531250000,0,305,1,8,40
1,1464,0.9343750000,1,299,1,8,40
9,1465,0.5781250000,1,185,0,8,40
7,1466,0.9593750000,7,307,1,8,40
1,1467,0.9875000000,1,316,1,8,40
3,1468,0.7062500000,3,226,1,8,40
7,1469,0.5937500000,7,190,1,8,40
7,1470,0.3906250000,7,125,1,8,40
8,1471,0.5187500000,8,166,1,8,40
7,1472,0.6031250000,7,193,1,8,40
7,1473,1.0000000000,7,320,1,8,40
3,1474,0.6187500000,7,198,0,8,40
9,1475,0.9843750000,9,315,1,8,40
7,1476,0.9937500000,7,318,1,8,40
7,1477,0.8062500000,7,258,1,8,40
7,1478,0.8875000000,7,284,1,8,40
2,1479,0.6406250000,3,205,0,8,40
1,1480,0.6125000000,1,196,1,8,40
2,1481,0.9750000000,2,312,1,8,40
8,1482,0.8062500000,8,258,1,8,40
6,1483,0.9750000000,6,312,1,8,40
4,1484,0.6500000000,4,208,1,8,40
0,1485,0.3875000000,2,124,0,8,40
7,1486,0.9468750000,7,303,1,8,40
9,1487,0.8375000000,9,268,1,8,40
8,1488,0.9125000000,8,292,1,8,40
6,1489,0.8718750000,6,279,1,8,40
8,1490,0.9812500000,8,314,1,8,40
4,1491,0.4187500000,6,134,0,8,40
9,1492,0.5187500000,9,166,1,8,40
1,1493,0.8968750000,1,287,1,8,40
7,1494,0.7375000000,7,236,1,8,40
2,1495,0.6937500000,0,222,0,8,40
2,1496,0.8812500000,2,282,1,8,40
8,1497,0.9281250000,8,297,1,8,40
5,1498,0.9437500000,3,302,0,8,40
8,1499,0.5187500000,8,166,1,8,40
1,1500,0.7843750000,1,251,1,8,40
2,1501,0.4593750000,6,147,0,8,40
2,1502,0.8812500000,2,282,1,8,40
4,1503,0.5406250000,4,173,1,8,40
1,1504,0.8937500000,1,286,1,8,40
2,1505,0.6781250000,2,217,1,8,40
5,1506,0.8500000000,7,272,0,8,40
2,1507,0.4000000000,9,128,0,8,40
8,1508,0.9000000000,8,288,1,8,40
1,1509,0.7968750000,1,255,1,8,40
8,1510,0.4750000000,8,152,1,8,40
1,1511,0.9750000000,1,312,1,8,40
8,1512,0.9250000000,8,296,1,8,40
6,1513,0.5718750000,6,183,1,8,40
0,1514,0.8000000000,0,256,1,8,40
2,1515,0.8812500000,2,282,1,8,40
4,1516,0.7531250000,4,241,1,8,40
1,1517,0.9875000000,1,316,1,8,40
3,1518,0.9406250000,3,301,1,8,40
6,1519,0.9718750000,6,311,1,8,40
7,1520,0.8625000000,7,276,1,8,40
7,1521,0.7312500000,7,234,1,8,40
4,1522,0.8750000000,4,280,1,8,40
4,1523,0.6625000000,4,212,1,8,40
3,1524,0.6187500000,3,198,1,8,40
3,1525,0.4125000000,3,132,1,8,40
4,1526,0.4468750000,4,143,1,8,40
5,1527,0.3062500000,3,98,0,8,40
2,1528,0.9531250000,2,305,1,8,40
4,1529,0.3750000000,4,120,1,8,40
3,1530,0.3750000000,9,120,0,8,40
7,1531,0.8656250000,7,277,1,8,40
8,1532,0.7562500000,8,242,1,8,40
4,1533,0.6500000000,4,208,1,8,40
4,1534,0.9218750000,4,295,1,8,40
4,1535,0.8781250000,4,281,1,8,40
5,1536,0.4937500000,3,158,0,8,40
4,1537,0.5843750000,4,187,1,8,40
3,1538,0.5593750000,2,179,0,8,40
2,1539,0.6593750000,2,211,1,8,40
8,1540,0.9937500000,8,318,1,8,40
4,1541,0.6812500000,2,218,0,8,40
5,1542,0.9500000000,5,304,1,8,40
5,1543,0.6187500000,5,198,1,8,40
4,1544,0.8937500000,4,286,1,8,40
1,1545,0.5750000000,9,184,0,8,40
4,1546,0.9125000000,4,292,1,8,40
2,1547,0.6125000000,2,196,1,8,40
5,1548,0.5875000000,5,188,1,8,40
1,1549,0.3812500000,9,122,0,8,40
6,1550,0.8843750000,6,283,1,8,40
4,1551,0.6968750000,4,223,1,8,40
3,1552,0.6531250000,3,209,1,8,40
4,1553,0.7437500000,4,238,1,8,40
4,1554,0.4656250000,6,149,0,8,40
0,1555,0.6968750000,0,223,1,8,40
8,1556,0.9031250000,8,289,1,8,40
8,1557,0.9718750000,8,311,1,8,40
4,1558,0.8687500000,4,278,1,8,40
5,1559,0.6781250000,5,217,1,8,40
7,1560,0.9843750000,7,315,1,8,40
5,1561,0.8093750000,5,259,1,8,40
6,1562,0.9562500000,6,306,1,8,40
9,1563,0.8562500000,9,274,1,8,40
1,1564,0.9687500000,1,310,1,8,40
6,1565,0.9281250000,6,297,1,8,40
7,1566,0.8000000000,7,256,1,8,40
2,1567,0.8500000000,2,272,1,8,40
0,1568,0.7000000000,0,224,1,8,40
1,1569,0.7687500000,1,246,1,8,40
4,1570,0.7312500000,7,234,0,8,40
5,1571,0.8812500000,5,282,1,8,40
6,1572,0.4906250000,1,157,0,8,40
0,1573,0.5687500000,0,182,1,8,40
0,1574,0.2968750000,9,95,0,8,40
2,1575,0.9625000000,2,308,1,8,40
7,1576,0.4187500000,4,134,0,8,40
5,1577,0.4187500000,3,134,0,8,40
6,1578,0.9562500000,6,306,1,8,40
0,1579,0.8906250000,0,285,1,8,40
6,1580,0.3281250000,1,105,0,8,40
2,1581,0.4156250000,2,133,1,8,40
9,1582,0.9375000000,9,300,1,8,40
1,1583,0.4750000000,1,152,1,8,40
7,1584,0.6437500000,7,206,1,8,40
7,1585,0.9031250000,7,289,1,8,40
5,1586,0.9343750000,5,299,1,8,40
2,1587,0.5437500000,0,174,0,8,40
5,1588,0.7656250000,5,245,1,8,40
6,1589,0.9906250000,6,317,1,8,40
4,1590,0.5093750000,4,163,1,8,40
1,1591,0.9812500000,1,314,1,8,40
4,1592,0.7968750000,4,255,1,8,40
3,1593,0.8906250000,3,285,1,8,40
3,1594,0.5625000000,3,180,1,8,40
3,1595,0.4031250000,6,129,0,8,40
0,1596,0.8875000000,0,284,1,8,40
3,1597,0.8812500000,3,282,1,8,40
5,1598,0.6656250000,5,213,1,8,40
5,1599,0.9062500000,5,290,1,8,40
8,1600,0.7750000000,8,248,1,8,40
9,1601,0.9000000000,9,288,1,8,40
7,1602,0.8343750000,7,267,1,8,40
3,1603,0.3812500000,3,122,1,8,40
1,1604,0.9500000000,1,304,1,8,40
3,1605,0.6687500000,2,214,0,8,40
3,1606,0.4531250000,3,145,1,8,40
3,1607,0.6843750000,9,219,0,8,40
4,1608,0.8718750000,4,279,1,8,40
4,1609,0.6562500000,4,210,1,8,40
2,1610,0.3843750000,3,123,0,8,40
3,1611,0.9218750000,3,295,1,8,40
3,1612,0.4625000000,3,148,1,8,40
8,1613,0.5968750000,8,191,1,8,40
1,1614,0.9937500000,1,318,1,8,40
7,1615,0.8000000000,7,256,1,8,40
7,1616,0.9218750000,7,295,1,8,40
0,1617,0.8875000000,0,284,1,8,40
7,1618,0.3812500000,7,122,1,8,40
4,1619,0.9000000000,4,288,1,8,40
5,1620,0.4000000000,8,128,0,8,40
1,1621,0.9406250000,1,301,1,8,40
4,1622,0.3843750000,4,123,1,8,40
2,1623,0.7500000000,2,240,1,8,40
4,1624,0.8656250000,4,277,1,8,40
3,1625,0.4406250000,6,141,0,8,40
9,1626,0.3218750000,9,103,1,8,40
9,1627,0.9375000000,9,300,1,8,40
4,1628,0.4062500000,2,130,0,8,40
9,1629,0.6593750000,9,211,1,8,40
9,1630,0.8687500000,9,278,1,8,40
1,1631,0.8843750000,1,283,1,8,40
8,1632,0.5843750000,0,187,0,8,40
1,1633,0.8718750000,8,279,0,8,40
6,1634,0.9656250000,6,309,1,8,40
7,1635,0.8656250000,7,277,1,8,40
5,1636,0.3562500000,2,114,0,8,40
5,1637,0.4656250000,5,149,1,8,40
4,1638,0.6062500000,4,194,1,8,40
9,1639,0.9562500000,9,306,1,8,40
7,1640,0.3187500000,5,102,0,8,40
6,1641,0.9125000000,6,292,1,8,40
5,1642,0.4062500000,6,130,0,8,40
9,1643,0.9562500000,9,306,1,8,40
2,1644,0.5093750000,6,163,0,8,40
4,1645,0.9656250000,4,309,1,8,40
0,1646,0.9531250000,0,305,1,8,40
7,1647,0.9625000000,7,308,1,8,40
8,1648,0.9125000000,8,292,1,8,40
5,1649,0.3937500000,2,126,0,8,40
5,1650,0.9875000000,5,316,1,8,40
0,1651,0.7656250000,0,245,1,8,40
0,1652,0.9468750000,0,303,1,8,40
9,1653,0.8000000000,9,256,1,8,40
9,1654,0.9437500000,9,302,1,8,40
8,1655,0.9843750000,8,315,1,8,40
2,1656,0.6250000000,2,200,1,8,40
5,1657,0.9656250000,5,309,1,8,40
4,1658,0.7406250000,4,237,1,8,40
8,1659,0.9687500000,8,310,1,8,40
3,1660,0.6531250000,3,209,1,8,40
6,1661,0.9500000000,6,304,1,8,40
3,1662,0.4562500000,9,146,0,8,40
6,1663,0.9281250000,6,297,1,8,40
0,1664,0.8781250000,0,281,1,8,40
6,1665,1.0000000000,6,320,1,8,40
6,1666,0.7937500000,6,254,1,8,40
6,1667,0.9281250000,6,297,1,8,40
9,1668,0.8250000000,1,264,0,8,40
6,1669,0.8781250000,6,281,1,8,40
6,1670,0.6312500000,4,202,0,8,40
8,1671,0.9843750000,8,315,1,8,40
6,1672,0.8875000000,6,284,1,8,40
2,1673,0.5437500000,6,174,0,8,40
4,1674,0.5250000000,4,168,1,8,40
5,1675,0.2812500000,5,90,1,8,40
8,1676,0.8843750000,8,283,1,8,40
1,1677,0.9968750000,1,319,1,8,40
2,1678,0.9750000000,2,312,1,8,40
7,1679,0.7562500000,7,242,1,8,40
6,1680,0.9062500000,6,290,1,8,40
5,1681,0.2718750000,6,87,0,8,40
7,1682,0.9750000000,7,312,1,8,40
8,1683,0.8125000000,8,260,1,8,40
1,1684,0.6312500000,8,202,0,8,40
8,1685,0.5531250000,6,177,0,8,40
0,1686,0.7375000000,0,236,1,8,40
8,1687,0.9062500000,0,290,0,8,40
6,1688,0.8437500000,6,270,1,8,40
9,1689,0.5718750000,9,183,1,8,40
2,1690,0.4000000000,7,128,0,8,40
8,1691,0.9562500000,8,306,1,8,40
9,1692,0.7625000000,9,244,1,8,40
4,1693,0.7281250000,8,233,0,8,40
0,1694,0.9406250000,0,301,1,8,40
9,1695,0.9250000000,9,296,1,8,40
4,1696,0.5781250000,4,185,1,8,40
9,1697,0.9281250000,9,297,1,8,40
5,1698,0.7156250000,5,229,1,8,40
7,1699,0.8843750000,7,283,1,8,40
5,1700,0.4281250000,3,137,0,8,40
5,1701,0.5625000000,5,180,1,8,40
9,1702,0.5125000000,9,164,1,8,40
5,1703,0.9250000000,5,296,1,8,40
3,1704,0.3312500000,3,106,1,8,40
0,1705,0.9687500000,0,310,1,8,40
1,1706,0.9562500000,1,306,1,8,40
9,1707,0.9718750000,9,311,1,8,40
7,1708,0.4093750000,7,131,1,8,40
2,1709,0.5468750000,2,175,1,8,40
4,1710,0.5437500000,4,174,1,8,40
1,1711,0.9781250000,1,313,1,8,40
0,1712,0.9437500000,0,302,1,8,40
8,1713,0.6593750000,1,211,0,8,40
0,1714,0.7968750000,0,255,1,8,40
3,1715,0.7187500000,5,230,0,8,40
1,1716,0.8750000000,1,280,1,8,40
7,1717,0.9843750000,7,315,1,8,40
0,1718,0.7625000000,8,244,0,8,40
0,1719,0.9812500000,0,314,1,8,40
4,1720,0.6937500000,4,222,1,8,40
8,1721,0.3625000000,2,116,0,8,40
6,1722,0.9531250000,6,305,1,8,40
2,1723,0.3218750000,5,103,0,8,40
4,1724,0.4750000000,4,152,1,8,40
0,1725,0.9812500000,0,314,1,8,40
0,1726,0.9406250000,0,301,1,8,40
9,1727,0.3531250000,1,113,0,8,40
0,1728,0.5437500000,0,174,1,8,40
8,1729,0.9968750000,8,319,1,8,40
4,1730,0.5281250000,4,169,1,8,40
5,1731,0.6843750000,3,219,0,8,40
9,1732,0.5281250000,1,169,0,8,40
3,1733,0.8906250000,3,285,1,8,40
9,1734,0.8187500000,9,262,1,8,40
0,1735,0.8937500000,0,286,1,8,40
5,1736,0.3875000000,6,124,0,8,40
6,1737,0.3312500000,6,106,1,8,40
5,1738,0.6906250000,5,221,1,8,40
0,1739,0.3656250000,0,117,1,8,40
1,1740,0.5250000000,1,168,1,8,40
4,1741,0.4750000000,4,152,1,8,40
8,1742,0.9843750000,8,315,1,8,40
1,1743,0.9937500000,1,318,1,8,40
0,1744,0.9562500000,0,306,1,8,40
5,1745,0.7687500000,5,246,1,8,40
2,1746,0.6312500000,4,202,0,8,40
1,1747,0.5000000000,1,160,1,8,40
0,1748,0.7781250000,0,249,1,8,40
2,1749,0.9031250000,2,289,1,8,40
8,1750,0.9375000000,8,300,1,8,40
1,1751,0.8968750000,1,287,1,8,40
5,1752,0.8750000000,5,280,1,8,40
6,1753,0.9812500000,6,314,1,8,40
7,1754,0.9750000000,7,312,1,8,40
7,1755,0.8000000000,7,256,1,8,40
2,1756,0.4062500000,3,130,0,8,40
6,1757,0.7968750000,6,255,1,8,40
2,1758,0.9343750000,2,299,1,8,40
5,1759,0.4343750000,3,139,0,8,40
0,1760,0.9562500000,0,306,1,8,40
1,1761,0.9781250000,1,313,1,8,40
4,1762,0.8218750000,4,263,1,8,40
2,1763,0.6031250000,2,193,1,8,40
5,1764,0.6031250000,4,193,0,8,40
4,1765,0.3562500000,6,114,0,8,40
6,1766,0.4406250000,4,141,0,8,40
2,1767,0.5593750000,2,179,1,8,40
2,1768,0.7125000000,2,228,1,8,40
1,1769,0.4531250000,0,145,0,8,40
7,1770,0.9437500000,7,302,1,8,40
2,1771,0.4906250000,2,157,1,8,40
8,1772,0.3187500000,9,102,0,8,40
5,1773,0.5343750000,5,171,1,8,40
5,1774,0.5250000000,5,168,1,8,40
3,1775,0.7875000000,3,252,1,8,40
0,1776,0.8281250000,0,265,1,8,40
4,1777,0.8437500000,4,270,1,8,40
8,1778,0.8187500000,8,262,1,8,40
3,1779,0.7656250000,5,245,0,8,40
7,1780,0.6781250000,7,217,1,8,40
6,1781,1.0000000000,6,320,1,8,40
3,1782,0.4375000000,3,140,1,8,40
8,1783,0.9156250000,8,293,1,8,40
1,1784,0.9875000000,1,316,1,8,40
0,1785,0.7625000000,0,244,1,8,40
1,1786,0.7468750000,1,239,1,8,40
3,1787,0.5218750000,3,167,1,8,40
3,1788,0.5687500000,6,182,0,8,40
0,1789,0.8531250000,0,273,1,8,40
7,1790,0.6656250000,7,213,1,8,40
4,1791,0.5656250000,6,181,0,8,40
9,1792,0.9875000000,9,316,1,8,40
5,1793,0.7968750000,5,255,1,8,40
3,1794,0.6937500000,4,222,0,8,40
6,1795,0.5187500000,6,166,1,8,40
0,1796,0.8875000000,0,284,1,8,40
1,1797,0.9937500000,1,318,1,8,40
4,1798,0.7437500000,4,238,1,8,40
4,1799,0.5156250000,4,165,1,8,40
4,1800,0.7531250000,4,241,1,8,40
4,1801,0.9968750000,4,319,1,8,40
2,1802,0.9562500000,2,306,1,8,40
2,1803,0.3125000000,2,100,1,8,40
5,1804,0.2750000000,4,88,0,8,40
8,1805,0.9406250000,8,301,1,8,40
1,1806,0.8343750000,1,267,1,8,40
5,1807,0.3468750000,4,111,0,8,40
9,1808,0.9031250000,9,289,1,8,40
8,1809,0.9312500000,8,298,1,8,40
1,1810,0.9687500000,1,310,1,8,40
1,1811,0.7562500000,1,242,1,8,40
5,1812,0.5156250000,7,165,0,8,40
3,1813,0.2875000000,3,92,1,8,40
9,1814,0.8437500000,9,270,1,8,40
9,1815,0.8562500000,9,274,1,8,40
7,1816,0.3312500000,7,106,1,8,40
6,1817,0.8875000000,6,284,1,8,40
5,1818,0.6031250000,5,193,1,8,40
0,1819,0.9687500000,0,310,1,8,40
8,1820,0.7781250000,8,249,1,8,40
4,1821,0.4750000000,4,152,1,8,40
7,1822,0.3531250000,2,113,0,8,40
0,1823,0.4281250000,3,137,0,8,40
9,1824,0.9593750000,9,307,1,8,40
2,1825,0.9843750000,2,315,1,8,40
8,1826,0.9562500000,8,306,1,8,40
4,1827,0.9937500000,4,318,1,8,40
7,1828,0.5718750000,7,183,1,8,40
1,1829,0.4437500000,1,142,1,8,40
3,1830,0.5468750000,2,175,0,8,40
9,1831,0.8625000000,9,276,1,8,40
6,1832,0.8718750000,6,279,1,8,40
8,1833,0.9875000000,8,316,1,8,40
9,1834,0.9250000000,9,296,1,8,40
0,1835,0.4500000000,4,144,0,8,40
4,1836,0.8812500000,4,282,1,8,40
9,1837,0.6875000000,6,220,0,8,40
6,1838,0.2781250000,4,89,0,8,40
7,1839,0.9906250000,7,317,1,8,40
8,1840,0.5218750000,9,167,0,8,40
9,1841,0.7125000000,9,228,1,8,40
4,1842,0.9031250000,4,289,1,8,40
8,1843,0.9031250000,8,289,1,8,40
9,1844,0.8750000000,9,280,1,8,40
7,1845,0.7437500000,7,238,1,8,40
2,1846,0.9406250000,2,301,1,8,40
5,1847,0.7281250000,5,233,1,8,40
3,1848,0.9093750000,3,291,1,8,40
7,1849,0.9875000000,7,316,1,8,40
1,1850,0.5312500000,3,170,0,8,40
0,1851,0.8812500000,0,282,1,8,40
2,1852,0.4468750000,2,143,1,8,40
9,1853,0.9718750000,9,311,1,8,40
5,1854,0.6062500000,3,194,0,8,40
5,1855,0.9718750000,5,311,1,8,40
8,1856,0.9750000000,8,312,1,8,40
5,1857,0.9500000000,5,304,1,8,40
4,1858,0.2875000000,4,92,1,8,40
2,1859,0.6875000000,2,220,1,8,40
8,1860,0.8250000000,8,264,1,8,40
3,1861,0.8375000000,3,268,1,8,40
5,1862,0.8062500000,4,258,0,8,40
5,1863,0.2281250000,0,73,0,8,40
7,1864,0.9656250000,7,309,1,8,40
7,1865,0.8843750000,7,283,1,8,40
8,1866,0.9656250000,8,309,1,8,40
6,1867,0.5906250000,6,189,1,8,40
2,1868,0.5343750000,7,171,0,8,40
8,1869,0.8625000000,8,276,1,8,40
2,1870,0.9187500000,2,294,1,8,40
3,1871,0.7093750000,3,227,1,8,40
5,1872,0.7250000000,5,232,1,8,40
6,1873,0.7562500000,6,242,1,8,40
8,1874,0.9250000000,8,296,1,8,40
0,1875,0.8812500000,0,282,1,8,40
2,1876,0.6906250000,2,221,1,8,40
3,1877,0.8468750000,3,271,1,8,40
7,1878,0.8062500000,7,258,1,8,40
0,1879,0.9437500000,0,302,1,8,40
1,1880,0.9750000000,1,312,1,8,40
9,1881,0.9625000000,9,308,1,8,40
1,1882,0.9375000000,1,300,1,8,40
3,1883,0.5875000000,6,188,0,8,40
7,1884,0.5000000000,5,160,0,8,40
5,1885,0.6656250000,5,213,1,8,40
8,1886,0.3468750000,8,111,1,8,40
3,1887,0.4468750000,3,143,1,8,40
2,1888,0.9281250000,2,297,1,8,40
9,1889,0.9250000000,9,296,1,8,40
6,1890,0.5031250000,6,161,1,8,40
8,1891,0.9437500000,8,302,1,8,40
6,1892,0.7000000000,6,224,1,8,40
9,1893,0.9406250000,9,301,1,8,40
3,1894,0.9625000000,3,308,1,8,40
8,1895,0.6500000000,8,208,1,8,40
9,1896,0.5812500000,9,186,1,8,40
8,1897,0.8406250000,8,269,1,8,40
0,1898,0.3593750000,5,115,0,8,40
7,1899,0.9781250000,7,313,1,8,40
8,1900,0.9656250000,8,309,1,8,40
5,1901,0.7656250000,5,245,1,8,40
0,1902,0.6031250000,2,193,0,8,40
0,1903,0.9656250000,0,309,1,8,40
1,1904,0.9593750000,1,307,1,8,40
3,1905,0.2656250000,0,85,0,8,40
9,1906,0.3468750000,9,111,1,8,40
1,1907,0.9156250000,1,293,1,8,40
5,1908,0.5875000000,3,188,0,8,40
3,1909,0.4500000000,3,144,1,8,40
4,1910,0.6625000000,4,212,1,8,40
4,1911,0.5906250000,4,189,1,8,40
0,1912,0.8906250000,0,285,1,8,40
9,1913,0.9437500000,9,302,1,8,40
9,1914,0.9687500000,9,310,1,8,40
9,1915,0.9437500000,9,302,1,8,40
9,1916,0.4531250000,9,145,1,8,40
8,1917,0.9406250000,8,301,1,8,40
2,1918,0.7843750000,2,251,1,8,40
4,1919,0.5218750000,4,167,1,8,40
2,1920,0.9625000000,2,308,1,8,40
2,1921,0.4312500000,0,138,0,8,40
5,1922,0.8468750000,5,271,1,8,40
1,1923,0.9875000000,1,316,1,8,40
9,1924,0.3937500000,6,126,0,8,40
1,1925,0.9281250000,1,297,1,8,40
0,1926,0.5718750000,0,183,1,8,40
9,1927,0.7750000000,9,248,1,8,40
4,1928,0.9062500000,4,290,1,8,40
2,1929,0.4093750000,2,131,1,8,40
1,1930,0.6937500000,1,222,1,8,40
6,1931,0.9562500000,6,306,1,8,40
0,1932,0.8156250000,0,261,1,8,40
3,1933,0.8781250000,5,281,0,8,40
7,1934,0.4062500000,2,130,0,8,40
6,1935,0.4093750000,2,131,0,8,40
3,1936,0.6750000000,3,216,1,8,40
1,1937,0.7875000000,9,252,0,8,40
8,1938,0.5562500000,0,178,0,8,40
6,1939,0.2343750000,7,75,0,8,40
5,1940,0.6718750000,5,215,1,8,40
7,1941,0.3406250000,7,109,1,8,40
2,1942,0.6156250000,2,197,1,8,40
8,1943,0.9687500000,8,310,1,8,40
4,1944,0.8562500000,4,274,1,8,40
4,1945,0.7781250000,7,249,0,8,40
8,1946,0.9281250000,8,297,1,8,40
3,1947,0.7843750000,3,251,1,8,40
5,1948,0.9093750000,5,291,1,8,40
0,1949,0.9281250000,0,297,1,8,40
5,1950,0.8343750000,5,267,1,8,40
7,1951,0.8687500000,7,278,1,8,40
4,1952,0.9375000000,4,300,1,8,40
4,1953,0.4875000000,4,156,1,8,40
2,1954,0.4812500000,0,154,0,8,40
2,1955,0.5781250000,7,185,0,8,40
7,1956,0.9875000000,7,316,1,8,40
3,1957,0.2843750000,6,91,0,8,40
6,1958,0.7343750000,6,235,1,8,40
0,1959,0.7937500000,0,254,1,8,40
2,1960,0.5750000000,5,184,0,8,40
7,1961,0.9656250000,7,309,1,8,40
6,1962,0.9968750000,6,319,1,8,40
2,1963,0.5875000000,2,188,1,8,40
3,1964,0.9656250000,3,309,1,8,40
0,1965,0.8093750000,0,259,1,8,40
7,1966,0.9937500000,7,318,1,8,40
7,1967,0.9281250000,7,297,1,8,40
8,1968,0.9750000000,8,312,1,8,40
1,1969,0.8562500000,9,274,0,8,40
1,1970,0.9937500000,1,318,1,8,40
4,1971,0.8218750000,4,263,1,8,40
6,1972,0.5343750000,6,171,1,8,40
0,1973,0.7968750000,0,255,1,8,40
6,1974,0.9843750000,6,315,1,8,40
6,1975,0.6562500000,6,210,1,8,40
5,1976,0.8531250000,5,273,1,8,40
5,1977,0.3968750000,2,127,0,8,40
6,1978,0.9812500000,6,314,1,8,40
3,1979,0.5343750000,3,171,1,8,40
9,1980,0.9375000000,9,300,1,8,40
3,1981,0.6656250000,3,213,1,8,40
6,1982,0.9500000000,6,304,1,8,40
8,1983,0.5593750000,2,179,0,8,40
7,1984,0.9093750000,7,291,1,8,40
6,1985,0.6968750000,6,223,1,8,40
4,1986,0.4437500000,2,142,0,8,40
9,1987,0.8031250000,9,257,1,8,40
5,1988,0.8656250000,5,277,1,8,40
6,1989,0.5343750000,6,171,1,8,40
4,1990,0.4093750000,7,131,0,8,40
1,1991,0.9937500000,1,318,1,8,40
6,1992,0.9750000000,6,312,1,8,40
3,1993,0.7343750000,3,235,1,8,40
8,1994,0.4125000000,9,132,0,8,40
2,1995,0.9343750000,2,299,1,8,40
3,1996,0.8468750000,5,271,0,8,40
9,1997,0.5187500000,9,166,1,8,40
8,1998,0.8000000000,2,256,0,8,40
5,1999,0.6062500000,5,194,1,8,40
1,2000,0.6750000000,1,216,1,8,40
5,2001,0.5968750000,5,191,1,8,40
4,2002,0.6125000000,2,196,0,8,40
5,2003,0.6468750000,3,207,0,8,40
7,2004,0.8375000000,7,268,1,8,40
5,2005,0.4187500000,3,134,0,8,40
7,2006,0.9812500000,7,314,1,8,40
8,2007,0.9375000000,8,300,1,8,40
9,2008,0.8781250000,9,281,1,8,40
1,2009,0.7406250000,1,237,1,8,40
7,2010,0.4156250000,3,133,0,8,40
2,2011,0.5906250000,4,189,0,8,40
5,2012,0.9687500000,5,310,1,8,40
6,2013,0.4718750000,6,151,1,8,40
8,2014,0.8000000000,8,256,1,8,40
4,2015,0.6781250000,4,217,1,8,40
6,2016,0.8406250000,6,269,1,8,40
5,2017,0.4125000000,3,132,0,8,40
3,2018,0.5156250000,2,165,0,8,40
9,2019,0.8500000000,9,272,1,8,40
9,2020,0.9906250000,9,317,1,8,40
8,2021,0.9062500000,8,290,1,8,40
5,2022,0.5312500000,3,170,0,8,40
5,2023,0.5656250000,5,181,1,8,40
6,2024,0.7593750000,6,243,1,8,40
4,2025,0.8437500000,4,270,1,8,40
5,2026,0.7500000000,3,240,0,8,40
9,2027,0.3343750000,9,107,1,8,40
7,2028,0.9781250000,7,313,1,8,40
3,2029,0.3500000000,3,112,1,8,40
4,2030,0.6093750000,4,195,1,8,40
1,2031,0.9843750000,1,315,1,8,40
4,2032,0.4906250000,4,157,1,8,40
2,2033,0.5906250000,4,189,0,8,40
3,2034,0.5281250000,2,169,0,8,40
6,2035,0.9656250000,6,309,1,8,40
5,2036,0.7531250000,3,241,0,8,40
5,2037,0.4781250000,3,153,0,8,40
2,2038,0.6531250000,2,209,1,8,40
8,2039,0.5250000000,1,168,0,8,40
0,2040,0.9750000000,0,312,1,8,40
0,2041,0.9031250000,0,289,1,8,40
1,2042,0.9718750000,1,311,1,8,40
8,2043,0.8531250000,8,273,1,8,40
3,2044,0.9343750000,3,299,1,8,40
1,2045,0.9500000000,1,304,1,8,40
3,2046,0.4687500000,3,150,1,8,40
5,2047,0.7156250000,5,229,1,8,40
8,2048,0.9812500000,8,314,1,8,40
3,2049,0.5250000000,4,168,0,8,40
8,2050,0.9343750000,8,299,1,8,40
5,2051,0.6156250000,3,197,0,8,40
8,2052,0.9750000000,8,312,1,8,40
6,2053,0.7468750000,6,239,1,8,40
3,2054,0.6156250000,3,197,1,8,40
5,2055,0.7968750000,5,255,1,8,40
5,2056,0.9656250000,5,309,1,8,40
5,2057,0.7343750000,5,235,1,8,40
0,2058,0.8406250000,8,269,0,8,40
9,2059,0.6781250000,8,217,0,8,40
5,2060,0.7718750000,3,247,0,8,40
5,2061,0.8156250000,4,261,0,8,40
7,2062,0.9250000000,7,296,1,8,40
1,2063,0.9312500000,1,298,1,8,40
8,2064,0.9437500000,8,302,1,8,40
2,2065,0.3343750000,6,107,0,8,40
2,2066,0.7843750000,4,251,0,8,40
7,2067,0.6218750000,4,199,0,8,40
3,2068,0.7093750000,3,227,1,8,40
4,2069,0.8562500000,4,274,1,8,40
2,2070,0.9843750000,2,315,1,8,40
9,2071,0.9312500000,9,298,1,8,40
6,2072,0.8156250000,6,261,1,8,40
2,2073,0.8406250000,2,269,1,8,40
2,2074,0.9843750000,2,315,1,8,40
4,2075,0.4406250000,4,141,1,8,40
3,2076,0.9593750000,3,307,1,8,40
0,2077,0.9187500000,0,294,1,8,40
2,2078,0.6031250000,6,193,0,8,40
0,2079,0.8500000000,0,272,1,8,40
1,2080,0.4843750000,1,155,1,8,40
3,2081,0.4718750000,6,151,0,8,40
2,2082,0.9281250000,2,297,1,8,40
2,2083,0.3375000000,5,108,0,8,40
7,2084,0.9968750000,7,319,1,8,40
0,2085,0.4750000000,0,152,1,8,40
1,2086,0.7656250000,1,245,1,8,40
0,2087,0.5281250000,0,169,1,8,40
7,2088,0.8718750000,7,279,1,8,40
7,2089,0.9593750000,7,307,1,8,40
2,2090,0.8906250000,2,285,1,8,40
0,2091,0.4718750000,0,151,1,8,40
1,2092,0.9562500000,1,306,1,8,40
6,2093,0.9937500000,6,318,1,8,40
5,2094,0.9531250000,5,305,1,8,40
0,2095,0.7187500000,0,230,1,8,40
2,2096,0.5843750000,9,187,0,8,40
2,2097,0.8906250000,2,285,1,8,40
0,2098,0.6781250000,0,217,1,8,40
1,2099,0.9625000000,1,308,1,8,40
2,2100,0.7343750000,2,235,1,8,40
6,2101,0.9062500000,6,290,1,8,40
0,2102,0.7031250000,0,225,1,8,40
1,2103,0.9593750000,1,307,1,8,40
6,2104,0.9937500000,6,318,1,8,40
6,2105,0.9437500000,6,302,1,8,40
5,2106,0.5312500000,5,170,1,8,40
3,2107,0.9281250000,3,297,1,8,40
4,2108,0.6218750000,5,199,0,8,40
0,2109,0.9750000000,0,312,1,8,40
0,2110,0.6625000000,0,212,1,8,40
9,2111,0.5406250000,1,173,0,8,40
1,2112,0.9562500000,1,306,1,8,40
0,2113,0.9875000000,0,316,1,8,40
2,2114,0.6375000000,2,204,1,8,40
5,2115,0.7562500000,5,242,1,8,40
9,2116,0.9718750000,9,311,1,8,40
7,2117,0.6750000000,7,216,1,8,40
8,2118,0.9375000000,8,300,1,8,40
6,2119,0.9843750000,6,315,1,8,40
4,2120,0.5687500000,8,182,0,8,40
6,2121,0.7812500000,6,250,1,8,40
0,2122,0.9093750000,0,291,1,8,40
2,2123,0.9531250000,2,305,1,8,40
0,2124,0.9468750000,0,303,1,8,40
1,2125,0.7218750000,1,231,1,8,40
9,2126,0.6687500000,1,214,0,8,40
2,2127,0.4562500000,4,146,0,8,40
4,2128,0.9250000000,6,296,0,8,40
9,2129,0.3187500000,9,102,1,8,40
0,2130,0.7812500000,0,250,1,8,40
7,2131,0.5750000000,7,184,1,8,40
2,2132,0.8531250000,2,273,1,8,40
3,2133,0.9125000000,3,292,1,8,40
4,2134,0.3843750000,4,123,1,8,40
8,2135,0.9718750000,8,311,1,8,40
0,2136,0.8531250000,9,273,0,8,40
2,2137,0.5000000000,2,160,1,8,40
6,2138,0.9781250000,6,313,1,8,40
8,2139,0.9875000000,8,316,1,8,40
9,2140,0.9250000000,9,296,1,8,40
7,2141,0.7406250000,7,237,1,8,40
1,2142,0.8187500000,1,262,1,8,40
9,2143,0.8500000000,9,272,1,8,40
3,2144,0.7343750000,3,235,1,8,40
7,2145,0.9281250000,4,297,0,8,40
2,2146,0.9593750000,2,307,1,8,40
7,2147,0.8375000000,7,268,1,8,40
9,2148,0.9437500000,9,302,1,8,40
6,2149,0.9812500000,6,314,1,8,40
9,2150,0.6093750000,9,195,1,8,40
5,2151,0.4406250000,5,141,1,8,40
7,2152,0.8093750000,7,259,1,8,40
8,2153,0.9281250000,8,297,1,8,40
5,2154,0.3093750000,5,99,1,8,40
9,2155,0.6250000000,9,200,1,8,40
8,2156,0.9843750000,8,315,1,8,40
3,2157,0.5062500000,3,162,1,8,40
9,2158,0.9468750000,9,303,1,8,40
8,2159,0.3281250000,9,105,0,8,40
0,2160,0.9343750000,0,299,1,8,40
5,2161,0.4562500000,3,146,0,8,40
5,2162,0.3718750000,5,119,1,8,40
7,2163,0.9281250000,7,297,1,8,40
1,2164,0.9875000000,1,316,1,8,40
2,2165,0.8593750000,0,275,0,8,40
0,2166,0.8125000000,0,260,1,8,40
7,2167,0.4468750000,7,143,1,8,40
5,2168,0.6000000000,5,192,1,8,40
8,2169,0.8843750000,8,283,1,8,40
2,2170,0.9906250000,2,317,1,8,40
2,2171,0.4000000000,5,128,0,8,40
5,2172,0.7031250000,0,225,0,8,40
3,2173,0.6875000000,3,220,1,8,40
9,2174,0.5281250000,9,169,1,8,40
3,2175,0.6312500000,5,202,0,8,40
1,2176,0.8468750000,1,271,1,8,40
9,2177,0.9031250000,9,289,1,8,40
3,2178,0.3750000000,3,120,1,8,40
1,2179,0.9406250000,1,301,1,8,40
4,2180,0.9562500000,4,306,1,8,40
3,2181,0.5437500000,3,174,1,8,40
4,2182,0.8687500000,4,278,1,8,40
4,2183,0.7843750000,4,251,1,8,40
9,2184,0.9593750000,9,307,1,8,40
0,2185,0.9218750000,0,295,1,8,40
9,2186,0.4718750000,1,151,0,8,40
5,2187,0.5812500000,3,186,0,8,40
9,2188,0.9906250000,9,317,1,8,40
2,2189,0.9812500000,2,314,1,8,40
9,2190,0.5531250000,1,177,0,8,40
4,2191,0.2718750000,4,87,1,8,40
0,2192,0.2843750000,6,91,0,8,40
2,2193,0.6031250000,0,193,0,8,40
8,2194,0.9531250000,8,305,1,8,40
4,2195,0.3000000000,3,96,0,8,40
8,2196,0.9500000000,8,304,1,8,40
6,2197,0.9875000000,6,316,1,8,40
8,2198,0.5531250000,8,177,1,8,40
2,2199,0.5250000000,2,168,1,8,40
0,2200,0.4906250000,2,157,0,8,40
5,2201,0.9062500000,5,290,1,8,40
9,2202,0.9500000000,9,304,1,8,40
6,2203,0.7812500000,6,250,1,8,40
9,2204,0.9281250000,9,297,1,8,40
5,2205,0.8906250000,5,285,1,8,40
1,2206,0.7937500000,1,254,1,8,40
3,2207,0.5625000000,3,180,1,8,40
4,2208,0.9468750000,4,303,1,8,40
4,2209,0.8687500000,4,278,1,8,40
2,2210,0.8218750000,2,263,1,8,40
7,2211,0.9812500000,7,314,1,8,40
2,2212,0.8000000000,2,256,1,8,40
4,2213,0.7156250000,6,229,0,8,40
4,2214,0.7843750000,4,251,1,8,40
0,2215,0.6031250000,0,193,1,8,40
2,2216,0.3906250000,2,125,1,8,40
8,2217,0.9312500000,8,298,1,8,40
4,2218,0.9937500000,4,318,1,8,40
5,2219,0.4906250000,5,157,1,8,40
1,2220,0.9781250000,1,313,1,8,40
2,2221,0.9250000000,2,296,1,8,40
6,2222,0.8250000000,6,264,1,8,40
8,2223,0.7625000000,8,244,1,8,40
1,2224,0.9531250000,1,305,1,8,40
7,2225,0.9750000000,7,312,1,8,40
2,2226,0.5750000000,6,184,0,8,40
8,2227,0.9250000000,8,296,1,8,40
7,2228,0.9593750000,7,307,1,8,40
4,2229,0.9375000000,4,300,1,8,40
3,2230,0.8156250000,3,261,1,8,40
3,2231,0.4781250000,5,153,0,8,40
0,2232,0.4187500000,3,134,0,8,40
3,2233,0.3625000000,0,116,0,8,40
7,2234,0.9468750000,7,303,1,8,40
2,2235,0.9781250000,2,313,1,8,40
5,2236,0.8000000000,5,256,1,8,40
6,2237,0.8812500000,6,282,1,8,40
1,2238,0.9312500000,1,298,1,8,40
7,2239,0.8750000000,7,280,1,8,40
9,2240,0.6156250000,1,197,0,8,40
0,2241,0.9531250000,0,305,1,8,40
2,2242,0.6500000000,3,208,0,8,40
3,2243,0.3437500000,3,110,1,8,40
9,2244,0.8937500000,9,286,1,8,40
8,2245,0.9125000000,8,292,1,8,40
9,2246,0.2312500000,1,74,0,8,40
5,2247,0.9437500000,5,302,1,8,40
0,2248,0.5093750000,0,163,1,8,40
0,2249,0.9812500000,0,314,1,8,40
7,2250,0.5156250000,7,165,1,8,40
6,2251,0.4218750000,3,135,0,8,40
3,2252,0.9406250000,3,301,1,8,40
3,2253,0.3625000000,3,116,1,8,40
8,2254,0.9062500000,8,290,1,8,40
1,2255,0.5937500000,8,190,0,8,40
4,2256,0.9437500000,4,302,1,8,40
0,2257,0.9687500000,0,310,1,8,40
1,2258,0.9906250000,1,317,1,8,40
5,2259,0.8125000000,5,260,1,8,40
4,2260,0.8562500000,4,274,1,8,40
3,2261,0.8718750000,3,279,1,8,40
2,2262,0.4406250000,7,141,0,8,40
6,2263,0.9750000000,6,312,1,8,40
0,2264,0.7781250000,0,249,1,8,40
8,2265,0.9843750000,8,315,1,8,40
8,2266,0.9343750000,8,299,1,8,40
6,2267,0.6437500000,3,206,0,8,40
3,2268,0.8093750000,3,259,1,8,40
3,2269,0.6500000000,3,208,1,8,40
2,2270,0.7406250000,4,237,0,8,40
9,2271,0.3468750000,9,111,1,8,40
7,2272,0.9625000000,7,308,1,8,40
5,2273,0.4312500000,3,138,0,8,40
1,2274,0.9531250000,1,305,1,8,40
6,2275,0.9187500000,6,294,1,8,40
0,2276,0.5687500000,0,182,1,8,40
5,2277,0.8687500000,5,278,1,8,40
9,2278,0.8781250000,9,281,1,8,40
9,2279,0.8000000000,9,256,1,8,40
4,2280,0.4343750000,4,139,1,8,40
5,2281,0.9343750000,5,299,1,8,40
9,2282,0.8281250000,9,265,1,8,40
4,2283,0.3843750000,7,123,0,8,40
8,2284,0.9062500000,8,290,1,8,40
3,2285,0.6781250000,5,217,0,8,40
3,2286,0.6156250000,3,197,1,8,40
2,2287,0.8343750000,2,267,1,8,40
5,2288,0.4531250000,4,145,0,8,40
1,2289,0.9781250000,1,313,1,8,40
9,2290,0.9687500000,9,310,1,8,40
5,2291,0.8656250000,5,277,1,8,40
5,2292,0.4500000000,5,144,1,8,40
8,2293,0.7156250000,1,229,0,8,40
1,2294,0.2843750000,1,91,1,8,40
8,2295,0.9718750000,8,311,1,8,40
9,2296,0.9625000000,9,308,1,8,40
7,2297,0.9875000000,7,316,1,8,40
0,2298,0.8187500000,0,262,1,8,40
6,2299,0.8781250000,3,281,0,8,40
3,2300,0.7437500000,4,238,0,8,40
2,2301,0.5875000000,2,188,1,8,40
0,2302,0.8156250000,0,261,1,8,40
2,2303,0.8218750000,2,263,1,8,40
6,2304,0.9000000000,6,288,1,8,40
9,2305,0.4500000000,9,144,1,8,40
3,2306,0.9750000000,3,312,1,8,40
9,2307,0.9156250000,9,293,1,8,40
1,2308,0.8843750000,1,283,1,8,40
6,2309,0.4906250000,3,157,0,8,40
6,2310,0.4718750000,7,151,0,8,40
7,2311,0.8656250000,7,277,1,8,40
2,2312,0.9625000000,2,308,1,8,40
6,2313,0.5937500000,6,190,1,8,40
3,2314,0.7781250000,3,249,1,8,40
2,2315,0.9531250000,2,305,1,8,40
5,2316,0.4187500000,5,134,1,8,40
5,2317,0.9343750000,5,299,1,8,40
2,2318,0.9812500000,2,314,1,8,40
7,2319,0.8437500000,7,270,1,8,40
5,2320,0.5468750000,2,175,0,8,40
2,2321,0.2812500000,4,90,0,8,40
0,2322,0.8125000000,0,260,1,8,40
8,2323,0.6656250000,8,213,1,8,40
0,2324,0.3781250000,0,121,1,8,40
7,2325,0.3031250000,3,97,0,8,40
7,2326,0.9968750000,7,319,1,8,40
1,2327,0.6125000000,0,196,0,8,40
7,2328,0.9562500000,7,306,1,8,40
4,2329,0.9156250000,4,293,1,8,40
0,2330,0.9343750000,0,299,1,8,40
2,2331,0.3562500000,7,114,0,8,40
2,2332,0.9468750000,2,303,1,8,40
6,2333,0.9968750000,6,319,1,8,40
1,2334,0.6500000000,1,208,1,8,40
5,2335,0.4500000000,5,144,1,8,40
9,2336,0.9406250000,9,301,1,8,40
7,2337,0.8937500000,7,286,1,8,40
6,2338,0.9437500000,6,302,1,8,40
2,2339,0.9281250000,2,297,1,8,40
7,2340,0.9718750000,7,311,1,8,40
0,2341,0.9750000000,0,312,1,8,40
5,2342,0.3312500000,5,106,1,8,40
6,2343,0.7343750000,6,235,1,8,40
0,2344,0.9593750000,0,307,1,8,40
1,2345,1.0000000000,1,320,1,8,40
1,2346,0.9250000000,1,296,1,8,40
8,2347,0.8437500000,8,270,1,8,40
4,2348,0.3156250000,4,101,1,8,40
5,2349,0.8218750000,5,263,1,8,40
3,2350,0.4031250000,5,129,0,8,40
1,2351,0.6625000000,1,212,1,8,40
2,2352,0.6593750000,2,211,1,8,40
4,2353,0.7687500000,4,246,1,8,40
8,2354,0.9437500000,8,302,1,8,40
9,2355,0.6031250000,0,193,0,8,40
8,2356,0.9062500000,8,290,1,8,40
1,2357,0.9468750000,1,303,1,8,40
7,2358,0.4656250000,3,149,0,8,40
2,2359,0.4687500000,2,150,1,8,40
7,2360,0.7593750000,7,243,1,8,40
2,2361,0.6250000000,2,200,1,8,40
3,2362,0.3187500000,3,102,1,8,40
2,2363,0.5062500000,6,162,0,8,40
6,2364,0.9906250000,6,317,1,8,40
7,2365,0.8562500000,7,274,1,8,40
9,2366,0.8125000000,9,260,1,8,40
4,2367,0.9468750000,4,303,1,8,40
0,2368,0.8343750000,0,267,1,8,40
1,2369,0.9656250000,1,309,1,8,40
0,2370,0.9781250000,0,313,1,8,40
4,2371,0.6343750000,4,203,1,8,40
5,2372,0.4250000000,5,136,1,8,40
0,2373,0.9687500000,0,310,1,8,40
8,2374,0.9156250000,8,293,1,8,40
0,2375,0.8781250000,0,281,1,8,40
7,2376,0.4718750000,7,151,1,8,40
6,2377,0.6781250000,6,217,1,8,40
1,2378,0.9843750000,1,315,1,8,40
0,2379,0.7906250000,8,253,0,8,40
8,2380,0.9593750000,8,307,1,8,40
5,2381,0.9125000000,5,292,1,8,40
9,2382,0.9500000000,9,304,1,8,40
2,2383,0.4562500000,2,146,1,8,40
5,2384,0.3843750000,7,123,0,8,40
4,2385,0.3250000000,4,104,1,8,40
4,2386,0.2187500000,3,70,0,8,40
9,2387,0.5375000000,9,172,1,8,40
0,2388,0.9531250000,0,305,1,8,40
6,2389,0.9687500000,6,310,1,8,40
1,2390,0.3031250000,3,97,0,8,40
2,2391,0.6750000000,2,216,1,8,40
5,2392,0.8312500000,5,266,1,8,40
1,2393,0.8125000000,1,260,1,8,40
6,2394,0.9187500000,6,294,1,8,40
7,2395,0.5062500000,7,162,1,8,40
1,2396,0.3218750000,9,103,0,8,40
5,2397,0.5062500000,5,162,1,8,40
8,2398,0.8281250000,8,265,1,8,40
8,2399,0.9812500000,8,314,1,8,40
0,2400,0.9343750000,0,299,1,8,40
3,2401,0.3656250000,5,117,0,8,40
9,2402,0.9812500000,9,314,1,8,40
4,2403,0.5312500000,4,170,1,8,40
0,2404,0.5625000000,0,180,1,8,40
3,2405,0.9968750000,6,319,0,8,40
4,2406,0.9812500000,4,314,1,8,40
9,2407,0.9093750000,9,291,1,8,40
2,2408,0.9281250000,2,297,1,8,40
4,2409,0.6562500000,4,210,1,8,40
3,2410,0.9375000000,3,300,1,8,40
0,2411,0.9531250000,0,305,1,8,40
6,2412,0.7718750000,6,247,1,8,40
4,2413,0.6718750000,6,215,0,8,40
5,2414,0.4375000000,6,140,0,8,40
6,2415,0.8562500000,6,274,1,8,40
6,2416,0.3843750000,9,123,0,8,40
7,2417,0.9125000000,7,292,1,8,40
8,2418,0.9625000000,8,308,1,8,40
4,2419,0.6875000000,4,220,1,8,40
8,2420,0.2906250000,1,93,0,8,40
8,2421,0.8968750000,8,287,1,8,40
3,2422,0.3812500000,3,122,1,8,40
2,2423,0.5312500000,2,170,1,8,40
8,2424,0.9281250000,8,297,1,8,40
0,2425,0.6406250000,0,205,1,8,40
2,2426,0.7531250000,2,241,1,8,40
5,2427,0.6656250000,3,213,0,8,40
6,2428,0.9906250000,6,317,1,8,40
8,2429,0.9531250000,8,305,1,8,40
7,2430,0.9125000000,7,292,1,8,40
8,2431,0.8937500000,8,286,1,8,40
9,2432,0.7437500000,0,238,0,8,40
9,2433,0.7187500000,9,230,1,8,40
0,2434,0.4843750000,0,155,1,8,40
6,2435,0.4468750000,6,143,1,8,40
6,2436,0.9312500000,6,298,1,8,40
8,2437,0.9062500000,8,290,1,8,40
1,2438,0.6500000000,1,208,1,8,40
1,2439,0.9375000000,1,300,1,8,40
7,2440,0.6562500000,7,210,1,8,40
4,2441,0.6375000000,4,204,1,8,40
4,2442,0.5437500000,3,174,0,8,40
2,2443,0.8281250000,2,265,1,8,40
3,2444,0.4625000000,5,148,0,8,40
6,2445,0.9843750000,6,315,1,8,40
9,2446,0.8625000000,9,276,1,8,40
6,2447,0.4000000000,2,128,0,8,40
2,2448,0.9968750000,2,319,1,8,40
4,2449,0.3781250000,5,121,0,8,40
1,2450,0.9531250000,1,305,1,8,40
8,2451,0.9687500000,8,310,1,8,40
2,2452,0.4125000000,2,132,1,8,40
3,2453,0.9343750000,4,299,0,8,40
1,2454,0.6718750000,1,215,1,8,40
6,2455,0.3500000000,3,112,0,8,40
8,2456,0.8593750000,8,275,1,8,40
6,2457,1.0000000000,6,320,1,8,40
8,2458,0.8375000000,8,268,1,8,40
5,2459,0.9406250000,5,301,1,8,40
9,2460,0.8968750000,9,287,1,8,40
0,2461,0.7781250000,0,249,1,8,40
1,2462,0.9906250000,1,317,1,8,40
0,2463,0.6125000000,0,196,1,8,40
2,2464,0.3750000000,0,120,0,8,40
9,2465,0.9218750000,9,295,1,8,40
2,2466,0.5937500000,2,190,1,8,40
9,2467,0.9625000000,9,308,1,8,40
0,2468,0.6031250000,0,193,1,8,40
9,2469,0.8625000000,9,276,1,8,40
7,2470,0.8468750000,7,271,1,8,40
8,2471,0.8656250000,8,277,1,8,40
5,2472,0.3125000000,5,100,1,8,40
0,2473,0.5281250000,8,169,0,8,40
6,2474,0.7687500000,6,246,1,8,40
6,2475,0.9750000000,6,312,1,8,40
8,2476,0.9812500000,8,314,1,8,40
1,2477,0.9718750000,1,311,1,8,40
6,2478,0.9718750000,6,311,1,8,40
5,2479,0.6906250000,5,221,1,8,40
8,2480,0.9593750000,8,307,1,8,40
7,2481,0.5750000000,7,184,1,8,40
9,2482,0.8000000000,9,256,1,8,40
2,2483,0.7406250000,2,237,1,8,40
1,2484,0.9875000000,1,316,1,8,40
6,2485,0.9625000000,6,308,1,8,40
7,2486,0.8156250000,4,261,0,8,40
5,2487,0.9218750000,5,295,1,8,40
6,2488,0.9718750000,6,311,1,8,40
3,2489,0.7218750000,3,231,1,8,40
0,2490,0.7437500000,0,238,1,8,40
9,2491,0.6406250000,0,205,0,8,40
8,2492,0.9750000000,8,312,1,8,40
9,2493,0.5718750000,9,183,1,8,40
5,2494,0.7156250000,5,229,1,8,40
9,2495,0.8468750000,8,271,0,8,40
9,2496,0.9531250000,9,305,1,8,40
9,2497,0.4812500000,8,154,0,8,40
3,2498,0.6000000000,3,192,1,8,40
6,2499,0.4343750000,2,139,0,8,40
4,2500,0.4937500000,6,158,0,8,40
4,2501,0.8843750000,4,283,1,8,40
8,2502,0.9375000000,8,300,1,8,40
8,2503,0.8625000000,8,276,1,8,40
1,2504,0.9375000000,1,300,1,8,40
7,2505,0.5812500000,7,186,1,8,40
3,2506,0.5406250000,0,173,0,8,40
0,2507,0.7937500000,0,254,1,8,40
6,2508,0.5531250000,4,177,0,8,40
2,2509,0.3375000000,2,108,1,8,40
4,2510,0.8656250000,4,277,1,8,40
8,2511,0.4656250000,1,149,0,8,40
2,2512,0.5156250000,2,165,1,8,40
2,2513,0.9875000000,2,316,1,8,40
9,2514,0.5000000000,9,160,1,8,40
2,2515,0.7656250000,2,245,1,8,40
2,2516,0.7343750000,3,235,0,8,40
9,2517,0.6906250000,9,221,1,8,40
7,2518,0.9906250000,7,317,1,8,40
4,2519,0.7656250000,4,245,1,8,40
1,2520,0.8187500000,1,262,1,8,40
9,2521,0.7125000000,5,228,0,8,40
1,2522,0.8750000000,1,280,1,8,40
4,2523,0.4312500000,4,138,1,8,40
3,2524,0.5093750000,3,163,1,8,40
5,2525,0.3218750000,3,103,0,8,40
3,2526,0.5531250000,5,177,0,8,40
8,2527,0.9500000000,8,304,1,8,40
9,2528,0.8000000000,9,256,1,8,40
3,2529,0.5593750000,5,179,0,8,40
6,2530,0.4875000000,2,156,0,8,40
2,2531,0.5281250000,2,169,1,8,40
0,2532,0.8375000000,1,268,0,8,40
8,2533,0.4593750000,6,147,0,8,40
9,2534,0.6906250000,9,221,1,8,40
0,2535,0.3000000000,6,96,0,8,40
5,2536,0.9781250000,5,313,1,8,40
1,2537,0.9781250000,1,313,1,8,40
5,2538,0.3843750000,5,123,1,8,40
8,2539,0.4937500000,9,158,0,8,40
2,2540,0.6187500000,2,198,1,8,40
1,2541,0.9937500000,1,318,1,8,40
2,2542,0.4781250000,8,153,0,8,40
3,2543,0.4437500000,3,142,1,8,40
2,2544,0.8875000000,2,284,1,8,40
4,2545,0.8375000000,4,268,1,8,40
8,2546,0.9781250000,8,313,1,8,40
4,2547,0.5000000000,4,160,1,8,40
0,2548,0.9125000000,0,292,1,8,40
6,2549,0.8406250000,6,269,1,8,40
4,2550,0.7906250000,4,253,1,8,40
2,2551,0.4187500000,2,134,1,8,40
9,2552,0.9781250000,9,313,1,8,40
8,2553,0.9843750000,8,315,1,8,40
4,2554,0.6343750000,4,203,1,8,40
7,2555,0.6625000000,9,212,0,8,40
6,2556,0.9281250000,6,297,1,8,40
2,2557,0.3093750000,2,99,1,8,40
4,2558,0.6687500000,4,214,1,8,40
7,2559,0.9343750000,7,299,1,8,40
7,2560,0.7437500000,7,238,1,8,40
6,2561,1.0000000000,6,320,1,8,40
4,2562,0.6968750000,4,223,1,8,40
2,2563,0.9187500000,2,294,1,8,40
2,2564,0.9937500000,2,318,1,8,40
3,2565,0.6593750000,3,211,1,8,40
2,2566,0.8812500000,2,282,1,8,40
4,2567,0.3125000000,4,100,1,8,40
9,2568,0.3625000000,4,116,0,8,40
0,2569,0.9562500000,0,306,1,8,40
0,2570,0.3781250000,0,121,1,8,40
9,2571,0.8062500000,9,258,1,8,40
6,2572,0.7687500000,6,246,1,8,40
5,2573,0.5406250000,5,173,1,8,40
8,2574,0.9750000000,8,312,1,8,40
5,2575,0.5937500000,4,190,0,8,40
2,2576,0.4812500000,2,154,1,8,40
4,2577,0.5250000000,6,168,0,8,40
8,2578,0.8781250000,8,281,1,8,40
8,2579,0.7468750000,8,239,1,8,40
6,2580,0.5000000000,6,160,1,8,40
4,2581,0.5031250000,6,161,0,8,40
5,2582,0.8906250000,5,285,1,8,40
7,2583,0.9750000000,7,312,1,8,40
6,2584,0.9906250000,6,317,1,8,40
3,2585,0.7906250000,5,253,0,8,40
7,2586,0.3906250000,2,125,0,8,40
0,2587,0.6406250000,0,205,1,8,40
4,2588,0.8968750000,4,287,1,8,40
0,2589,0.7750000000,0,248,1,8,40
5,2590,0.4562500000,3,146,0,8,40
8,2591,0.7500000000,8,240,1,8,40
2,2592,0.5031250000,4,161,0,8,40
8,2593,0.9500000000,8,304,1,8,40
0,2594,0.9375000000,0,300,1,8,40
4,2595,0.9218750000,4,295,1,8,40
9,2596,0.2468750000,9,79,1,8,40
2,2597,0.2593750000,2,83,1,8,40
3,2598,0.4156250000,2,133,0,8,40
6,2599,0.6281250000,3,201,0,8,40
8,2600,0.9781250000,8,313,1,8,40
1,2601,0.9750000000,1,312,1,8,40
6,2602,1.0000000000,6,320,1,8,40
0,2603,0.4625000000,0,148,1,8,40
8,2604,0.9062500000,8,290,1,8,40
4,2605,0.6281250000,4,201,1,8,40
3,2606,0.6718750000,5,215,0,8,40
1,2607,0.9468750000,1,303,1,8,40
4,2608,0.7562500000,4,242,1,8,40
5,2609,0.3500000000,3,112,0,8,40
2,2610,0.9875000000,2,316,1,8,40
4,2611,0.6718750000,4,215,1,8,40
3,2612,0.5000000000,5,160,0,8,40
6,2613,0.6843750000,6,219,1,8,40
0,2614,0.9156250000,0,293,1,8,40
7,2615,0.9718750000,7,311,1,8,40
1,2616,0.8906250000,1,285,1,8,40
3,2617,0.4281250000,3,137,1,8,40
5,2618,0.7937500000,5,254,1,8,40
7,2619,0.5781250000,7,185,1,8,40
1,2620,0.9375000000,1,300,1,8,40
8,2621,0.9468750000,8,303,1,8,40
0,2622,0.7093750000,0,227,1,8,40
4,2623,0.7750000000,4,248,1,8,40
8,2624,0.7250000000,8,232,1,8,40
2,2625,0.9187500000,2,294,1,8,40
7,2626,0.7500000000,7,240,1,8,40
7,2627,0.8843750000,7,283,1,8,40
0,2628,0.7500000000,0,240,1,8,40
2,2629,0.3812500000,2,122,1,8,40
2,2630,0.5312500000,2,170,1,8,40
4,2631,0.8812500000,4,282,1,8,40
3,2632,0.4750000000,3,152,1,8,40
3,2633,0.7562500000,3,242,1,8,40
1,2634,0.4218750000,1,135,1,8,40
6,2635,0.6781250000,4,217,0,8,40
1,2636,0.9500000000,1,304,1,8,40
6,2637,0.9343750000,6,299,1,8,40
4,2638,0.8375000000,4,268,1,8,40
6,2639,0.7656250000,6,245,1,8,40
7,2640,0.9312500000,7,298,1,8,40
4,2641,0.7937500000,4,254,1,8,40
7,2642,0.3562500000,7,114,1,8,40
3,2643,0.5718750000,3,183,1,8,40
8,2644,0.8125000000,8,260,1,8,40
1,2645,0.9906250000,1,317,1,8,40
3,2646,0.4812500000,3,154,1,8,40
1,2647,0.9437500000,1,302,1,8,40
4,2648,0.8156250000,4,261,1,8,40
6,2649,0.8593750000,6,275,1,8,40
5,2650,0.4875000000,9,156,0,8,40
5,2651,0.4937500000,8,158,0,8,40
7,2652,0.9218750000,7,295,1,8,40
4,2653,0.6906250000,4,221,1,8,40
5,2654,0.6375000000,5,204,1,8,40
4,2655,0.6000000000,4,192,1,8,40
9,2656,0.9500000000,9,304,1,8,40
7,2657,0.3875000000,5,124,0,8,40
7,2658,0.9343750000,7,299,1,8,40
2,2659,0.9000000000,2,288,1,8,40
3,2660,0.4625000000,3,148,1,8,40
3,2661,0.8187500000,5,262,0,8,40
6,2662,0.6312500000,6,202,1,8,40
7,2663,0.9625000000,7,308,1,8,40
4,2664,0.9812500000,4,314,1,8,40
1,2665,0.9843750000,1,315,1,8,40
6,2666,0.8343750000,6,267,1,8,40
1,2667,0.9812500000,1,314,1,8,40
0,2668,0.7968750000,0,255,1,8,40
6,2669,0.9718750000,6,311,1,8,40
9,2670,0.8656250000,9,277,1,8,40
6,2671,0.6687500000,6,214,1,8,40
0,2672,0.6468750000,0,207,1,8,40
2,2673,0.2718750000,2,87,1,8,40
0,2674,0.9500000000,0,304,1,8,40
2,2675,0.7187500000,4,230,0,8,40
4,2676,0.3218750000,3,103,0,8,40
7,2677,0.8937500000,7,286,1,8,40
0,2678,0.8750000000,0,280,1,8,40
0,2679,0.7687500000,0,246,1,8,40
0,2680,0.9531250000,0,305,1,8,40
0,2681,0.5843750000,0,187,1,8,40
7,2682,0.5125000000,7,164,1,8,40
5,2683,0.9687500000,5,310,1,8,40
3,2684,0.8031250000,3,257,1,8,40
2,2685,0.5281250000,2,169,1,8,40
7,2686,0.9406250000,7,301,1,8,40
8,2687,0.9718750000,8,311,1,8,40
5,2688,0.5656250000,5,181,1,8,40
5,2689,0.4781250000,5,153,1,8,40
2,2690,0.4281250000,6,137,0,8,40
2,2691,0.9156250000,2,293,1,8,40
8,2692,0.9281250000,8,297,1,8,40
9,2693,0.9375000000,9,300,1,8,40
1,2694,0.9718750000,1,311,1,8,40
2,2695,0.5187500000,2,166,1,8,40
2,2696,0.6250000000,2,200,1,8,40
0,2697,0.7843750000,0,251,1,8,40
3,2698,0.8812500000,3,282,1,8,40
4,2699,0.8843750000,4,283,1,8,40
9,2700,0.4750000000,9,152,1,8,40
1,2701,0.6125000000,1,196,1,8,40
6,2702,0.6187500000,6,198,1,8,40
9,2703,0.5156250000,0,165,0,8,40
0,2704,0.5125000000,0,164,1,8,40
8,2705,0.7343750000,8,235,1,8,40
3,2706,0.7875000000,3,252,1,8,40
6,2707,0.9531250000,6,305,1,8,40
4,2708,0.6312500000,4,202,1,8,40
6,2709,0.6437500000,6,206,1,8,40
7,2710,0.9718750000,7,311,1,8,40
5,2711,0.8093750000,5,259,1,8,40
1,2712,0.8968750000,1,287,1,8,40
8,2713,0.9906250000,8,317,1,8,40
9,2714,0.3718750000,8,119,0,8,40
0,2715,0.9750000000,0,312,1,8,40
5,2716,0.3437500000,3,110,0,8,40
0,2717,0.5656250000,0,181,1,8,40
5,2718,0.4281250000,2,137,0,8,40
4,2719,0.3906250000,3,125,0,8,40
3,2720,0.5750000000,3,184,1,8,40
8,2721,0.5218750000,8,167,1,8,40
5,2722,0.5437500000,4,174,0,8,40
2,2723,0.5250000000,2,168,1,8,40
0,2724,0.9218750000,0,295,1,8,40
8,2725,0.6562500000,8,210,1,8,40
5,2726,0.7312500000,5,234,1,8,40
9,2727,0.8625000000,9,276,1,8,40
2,2728,0.4937500000,5,158,0,8,40
5,2729,0.5843750000,4,187,0,8,40
6,2730,0.9031250000,6,289,1,8,40
5,2731,0.4031250000,5,129,1,8,40
7,2732,0.9718750000,7,311,1,8,40
3,2733,0.3437500000,3,110,1,8,40
7,2734,0.9781250000,7,313,1,8,40
2,2735,0.8875000000,2,284,1,8,40
8,2736,0.5531250000,8,177,1,8,40
8,2737,0.3468750000,1,111,0,8,40
4,2738,0.5781250000,4,185,1,8,40
2,2739,0.9406250000,2,301,1,8,40
1,2740,0.8687500000,1,278,1,8,40
6,2741,0.9906250000,6,317,1,8,40
2,2742,0.7812500000,2,250,1,8,40
9,2743,0.9187500000,9,294,1,8,40
9,2744,0.9281250000,9,297,1,8,40
8,2745,0.9687500000,8,310,1,8,40
2,2746,0.3593750000,2,115,1,8,40
3,2747,0.5562500000,3,178,1,8,40
1,2748,0.9468750000,1,303,1,8,40
0,2749,0.9468750000,0,303,1,8,40
5,2750,0.8562500000,5,274,1,8,40
2,2751,0.9031250000,2,289,1,8,40
3,2752,0.6437500000,5,206,0,8,40
7,2753,0.8500000000,7,272,1,8,40
9,2754,0.4218750000,6,135,0,8,40
5,2755,0.5843750000,7,187,0,8,40
9,2756,0.3500000000,3,112,0,8,40
1,2757,0.6125000000,1,196,1,8,40
1,2758,0.5468750000,1,175,1,8,40
3,2759,0.6593750000,3,211,1,8,40
2,2760,0.8812500000,2,282,1,8,40
7,2761,0.8625000000,7,276,1,8,40
4,2762,0.5031250000,2,161,0,8,40
4,2763,0.9531250000,4,305,1,8,40
1,2764,0.9750000000,1,312,1,8,40
9,2765,0.9343750000,9,299,1,8,40
4,2766,0.9468750000,4,303,1,8,40
5,2767,0.4875000000,5,156,1,8,40
5,2768,0.7062500000,5,226,1,8,40
2,2769,0.3593750000,1,115,0,8,40
7,2770,0.3562500000,5,114,0,8,40
7,2771,0.9187500000,7,294,1,8,40
6,2772,0.9937500000,6,318,1,8,40
1,2773,0.7937500000,1,254,1,8,40
2,2774,0.4968750000,2,159,1,8,40
3,2775,0.7093750000,3,227,1,8,40
7,2776,0.8500000000,7,272,1,8,40
5,2777,0.5781250000,3,185,0,8,40
4,2778,0.9468750000,4,303,1,8,40
3,2779,0.3562500000,2,114,0,8,40
7,2780,0.9781250000,7,313,1,8,40
7,2781,0.4718750000,7,151,1,8,40
0,2782,0.7343750000,0,235,1,8,40
0,2783,0.8500000000,0,272,1,8,40
1,2784,0.9468750000,1,303,1,8,40
4,2785,0.5718750000,4,183,1,8,40
4,2786,0.8125000000,4,260,1,8,40
3,2787,0.5562500000,3,178,1,8,40
7,2788,0.3718750000,6,119,0,8,40
9,2789,0.6156250000,9,197,1,8,40
8,2790,0.9750000000,8,312,1,8,40
7,2791,0.9812500000,7,314,1,8,40
0,2792,0.9656250000,0,309,1,8,40
9,2793,0.9000000000,9,288,1,8,40
0,2794,0.6031250000,0,193,1,8,40
3,2795,0.6781250000,3,217,1,8,40
7,2796,0.9625000000,7,308,1,8,40
6,2797,0.4906250000,6,157,1,8,40
3,2798,0.5187500000,3,166,1,8,40
8,2799,0.9625000000,8,308,1,8,40
4,2800,0.9031250000,4,289,1,8,40
5,2801,0.8250000000,5,264,1,8,40
6,2802,0.9781250000,6,313,1,8,40
5,2803,0.9812500000,5,314,1,8,40
3,2804,0.3937500000,4,126,0,8,40
4,2805,0.9187500000,4,294,1,8,40
2,2806,0.6781250000,2,217,1,8,40
9,2807,0.8500000000,9,272,1,8,40
2,2808,0.4468750000,3,143,0,8,40
4,2809,0.6281250000,4,201,1,8,40
9,2810,0.5406250000,3,173,0,8,40
2,2811,0.8250000000,2,264,1,8,40
0,2812,0.7843750000,0,251,1,8,40
1,2813,0.9812500000,1,314,1,8,40
1,2814,0.6500000000,9,208,0,8,40
3,2815,0.6937500000,3,222,1,8,40
7,2816,0.6468750000,7,207,1,8,40
9,2817,0.9437500000,9,302,1,8,40
5,2818,0.4593750000,4,147,0,8,40
1,2819,0.9656250000,1,309,1,8,40
6,2820,0.9781250000,6,313,1,8,40
0,2821,0.4968750000,0,159,1,8,40
3,2822,0.5562500000,5,178,0,8,40
3,2823,0.3375000000,3,108,1,8,40
7,2824,0.8750000000,7,280,1,8,40
2,2825,0.6375000000,2,204,1,8,40
4,2826,0.9406250000,4,301,1,8,40
5,2827,0.9718750000,5,311,1,8,40
2,2828,0.5656250000,2,181,1,8,40
3,2829,0.3718750000,3,119,1,8,40
6,2830,0.9937500000,6,318,1,8,40
3,2831,0.3468750000,3,111,1,8,40
3,2832,0.7937500000,3,254,1,8,40
0,2833,0.9875000000,0,316,1,8,40
4,2834,0.7875000000,4,252,1,8,40
4,2835,0.2406250000,3,77,0,8,40
3,2836,0.7781250000,3,249,1,8,40
8,2837,0.9750000000,8,312,1,8,40
1,2838,0.7781250000,1,249,1,8,40
2,2839,0.8750000000,2,280,1,8,40
3,2840,0.9343750000,3,299,1,8,40
2,2841,0.8031250000,2,257,1,8,40
7,2842,0.8468750000,7,271,1,8,40
1,2843,0.3125000000,0,100,0,8,40
4,2844,0.5031250000,3,161,0,8,40
5,2845,0.4000000000,4,128,0,8,40
6,2846,0.8281250000,6,265,1,8,40
8,2847,0.5218750000,0,167,0,8,40
6,2848,0.4843750000,6,155,1,8,40
6,2849,0.3906250000,4,125,0,8,40
5,2850,0.9593750000,5,307,1,8,40
4,2851,0.8875000000,4,284,1,8,40
2,2852,0.4812500000,2,154,1,8,40
9,2853,0.7750000000,9,248,1,8,40
9,2854,0.2656250000,7,85,0,8,40
3,2855,0.4781250000,2,153,0,8,40
2,2856,0.9406250000,2,301,1,8,40
0,2857,0.9656250000,0,309,1,8,40
4,2858,0.8343750000,4,267,1,8,40
1,2859,0.3156250000,6,101,0,8,40
5,2860,0.6468750000,5,207,1,8,40
5,2861,0.9562500000,5,306,1,8,40
6,2862,0.4875000000,6,156,1,8,40
6,2863,0.9281250000,6,297,1,8,40
5,2864,0.9593750000,5,307,1,8,40
6,2865,0.9062500000,6,290,1,8,40
9,2866,0.9437500000,9,302,1,8,40
7,2867,0.4968750000,7,159,1,8,40
9,2868,0.4000000000,9,128,1,8,40
4,2869,0.7781250000,4,249,1,8,40
8,2870,0.9625000000,8,308,1,8,40
3,2871,0.4562500000,3,146,1,8,40
1,2872,0.7281250000,1,233,1,8,40
9,2873,0.7531250000,9,241,1,8,40
8,2874,0.6812500000,8,218,1,8,40
1,2875,0.5281250000,0,169,0,8,40
9,2876,0.7125000000,9,228,1,8,40
0,2877,0.9437500000,0,302,1,8,40
3,2878,0.5531250000,3,177,1,8,40
0,2879,0.7656250000,0,245,1,8,40
4,2880,0.9687500000,4,310,1,8,40
7,2881,0.8187500000,7,262,1,8,40
7,2882,0.7593750000,7,243,1,8,40
2,2883,0.9687500000,2,310,1,8,40
6,2884,0.7000000000,6,224,1,8,40
5,2885,0.9562500000,5,306,1,8,40
6,2886,0.8812500000,6,282,1,8,40
9,2887,0.7812500000,9,250,1,8,40
7,2888,0.3500000000,7,112,1,8,40
7,2889,0.7406250000,5,237,0,8,40
5,2890,0.7687500000,5,246,1,8,40
7,2891,0.7718750000,7,247,1,8,40
0,2892,0.6843750000,0,219,1,8,40
8,2893,0.9843750000,8,315,1,8,40
6,2894,0.9125000000,6,292,1,8,40
7,2895,0.5656250000,5,181,0,8,40
8,2896,0.9906250000,8,317,1,8,40
3,2897,0.8312500000,3,266,1,8,40
8,2898,0.3562500000,6,114,0,8,40
9,2899,0.6281250000,9,201,1,8,40
3,2900,0.5281250000,2,169,0,8,40
2,2901,0.9062500000,2,290,1,8,40
9,2902,0.6468750000,9,207,1,8,40
2,2903,0.9031250000,2,289,1,8,40
7,2904,0.9062500000,7,290,1,8,40
4,2905,0.7750000000,4,248,1,8,40
1,2906,0.4593750000,1,147,1,8,40
9,2907,0.8312500000,9,266,1,8,40
7,2908,0.9031250000,7,289,1,8,40
0,2909,0.8218750000,0,263,1,8,40
8,2910,0.5750000000,8,184,1,8,40
1,2911,0.9750000000,1,312,1,8,40
2,2912,0.5687500000,3,182,0,8,40
0,2913,0.9375000000,0,300,1,8,40
6,2914,0.6500000000,6,208,1,8,40
5,2915,0.9875000000,5,316,1,8,40
1,2916,0.8531250000,1,273,1,8,40
4,2917,0.9843750000,4,315,1,8,40
2,2918,0.8656250000,2,277,1,8,40
8,2919,0.9843750000,8,315,1,8,40
2,2920,0.3718750000,3,119,0,8,40
8,2921,0.9781250000,8,313,1,8,40
3,2922,0.9625000000,3,308,1,8,40
3,2923,0.3625000000,3,116,1,8,40
1,2924,0.9875000000,1,316,1,8,40
4,2925,0.9468750000,4,303,1,8,40
9,2926,0.6500000000,9,208,1,8,40
8,2927,0.9250000000,8,296,1,8,40
1,2928,0.9906250000,1,317,1,8,40
1,2929,0.9875000000,1,316,1,8,40
7,2930,0.4625000000,3,148,0,8,40
9,2931,0.8718750000,9,279,1,8,40
9,2932,0.8406250000,9,269,1,8,40
4,2933,0.8968750000,4,287,1,8,40
6,2934,0.5343750000,6,171,1,8,40
8,2935,0.7156250000,8,229,1,8,40
5,2936,0.9500000000,5,304,1,8,40
3,2937,0.7062500000,3,226,1,8,40
2,2938,0.6625000000,2,212,1,8,40
2,2939,0.8031250000,2,257,1,8,40
3,2940,0.7906250000,0,253,0,8,40
8,2941,0.8750000000,8,280,1,8,40
5,2942,0.8250000000,5,264,1,8,40
1,2943,0.8656250000,1,277,1,8,40
9,2944,0.9687500000,9,310,1,8,40
7,2945,0.7250000000,7,232,1,8,40
9,2946,0.9250000000,9,296,1,8,40
1,2947,0.9656250000,1,309,1,8,40
5,2948,0.7187500000,0,230,0,8,40
3,2949,0.6031250000,3,193,1,8,40
1,2950,0.8125000000,1,260,1,8,40
0,2951,0.5656250000,0,181,1,8,40
3,2952,0.5906250000,3,189,1,8,40
8,2953,0.9812500000,8,314,1,8,40
9,2954,0.5531250000,9,177,1,8,40
2,2955,0.3687500000,2,118,1,8,40
0,2956,0.7437500000,0,238,1,8,40
8,2957,0.5031250000,8,161,1,8,40
0,2958,0.8250000000,8,264,0,8,40
7,2959,0.4750000000,4,152,0,8,40
9,2960,0.3687500000,0,118,0,8,40
4,2961,0.8562500000,4,274,1,8,40
8,2962,0.8968750000,8,287,1,8,40
3,2963,0.6656250000,3,213,1,8,40
0,2964,0.7656250000,0,245,1,8,40
7,2965,0.8000000000,7,256,1,8,40
0,2966,0.5343750000,0,171,1,8,40
7,2967,0.9625000000,7,308,1,8,40
0,2968,0.8000000000,0,256,1,8,40
5,2969,0.8468750000,5,271,1,8,40
5,2970,0.7843750000,5,251,1,8,40
4,2971,0.9468750000,4,303,1,8,40
3,2972,0.5187500000,3,166,1,8,40
0,2973,0.8843750000,0,283,1,8,40
9,2974,0.7875000000,9,252,1,8,40
9,2975,0.8125000000,2,260,0,8,40
0,2976,0.4968750000,0,159,1,8,40
2,2977,0.3218750000,6,103,0,8,40
2,2978,0.4375000000,2,140,1,8,40
0,2979,0.9750000000,0,312,1,8,40
8,2980,0.9781250000,8,313,1,8,40
4,2981,0.3781250000,4,121,1,8,40
4,2982,0.9687500000,4,310,1,8,40
5,2983,0.9843750000,5,315,1,8,40
2,2984,0.8906250000,2,285,1,8,40
2,2985,0.3468750000,8,111,0,8,40
1,2986,0.6562500000,8,210,0,8,40
1,2987,0.4562500000,3,146,0,8,40
5,2988,0.4625000000,3,148,0,8,40
5,2989,0.6562500000,6,210,0,8,40
4,2990,0.7812500000,4,250,1,8,40
3,2991,0.8781250000,3,281,1,8,40
4,2992,0.4625000000,4,148,1,8,40
0,2993,0.7937500000,0,254,1,8,40
8,2994,0.9031250000,8,289,1,8,40
4,2995,0.9468750000,4,303,1,8,40
8,2996,0.9750000000,8,312,1,8,40
2,2997,0.8375000000,5,268,0,8,40
5,2998,0.8312500000,5,266,1,8,40
6,2999,0.9187500000,6,294,1,8,40
5,3000,0.9750000000,5,312,1,8,40
1,3001,0.9875000000,1,316,1,8,40
7,3002,0.9062500000,7,290,1,8,40
2,3003,0.5375000000,2,172,1,8,40
4,3004,0.8906250000,4,285,1,8,40
0,3005,0.5062500000,2,162,0,8,40
5,3006,0.5656250000,5,181,1,8,40
6,3007,0.9687500000,6,310,1,8,40
8,3008,0.6562500000,8,210,1,8,40
7,3009,0.9343750000,7,299,1,8,40
6,3010,0.8843750000,6,283,1,8,40
3,3011,0.9000000000,3,288,1,8,40
1,3012,0.3531250000,9,113,0,8,40
3,3013,0.6250000000,5,200,0,8,40
6,3014,0.3343750000,6,107,1,8,40
6,3015,0.9375000000,6,300,1,8,40
4,3016,0.5093750000,4,163,1,8,40
5,3017,0.9000000000,5,288,1,8,40
5,3018,0.8375000000,5,268,1,8,40
5,3019,0.7093750000,5,227,1,8,40
1,3020,0.8781250000,1,281,1,8,40
8,3021,0.9000000000,8,288,1,8,40
7,3022,0.9625000000,7,308,1,8,40
3,3023,0.6125000000,2,196,0,8,40
0,3024,0.9093750000,0,291,1,8,40
2,3025,0.5593750000,6,179,0,8,40
5,3026,0.8437500000,7,270,0,8,40
1,3027,0.9906250000,1,317,1,8,40
1,3028,0.9062500000,1,290,1,8,40
1,3029,0.6562500000,9,210,0,8,40
6,3030,0.7906250000,6,253,1,8,40
7,3031,0.6562500000,7,210,1,8,40
2,3032,0.2468750000,4,79,0,8,40
1,3033,0.8937500000,1,286,1,8,40
2,3034,0.9156250000,2,293,1,8,40
3,3035,0.8281250000,3,265,1,8,40
9,3036,0.8968750000,9,287,1,8,40
8,3037,0.9875000000,8,316,1,8,40
3,3038,0.3750000000,3,120,1,8,40
1,3039,0.9312500000,1,298,1,8,40
7,3040,0.9968750000,7,319,1,8,40
4,3041,0.8562500000,4,274,1,8,40
8,3042,0.5031250000,8,161,1,8,40
4,3043,0.5000000000,4,160,1,8,40
7,3044,0.8437500000,7,270,1,8,40
5,3045,0.8281250000,5,265,1,8,40
8,3046,0.9312500000,8,298,1,8,40
6,3047,0.7531250000,6,241,1,8,40
0,3048,0.8843750000,0,283,1,8,40
3,3049,0.4375000000,5,140,0,8,40
0,3050,0.7281250000,0,233,1,8,40
8,3051,0.5312500000,8,170,1,8,40
3,3052,0.7468750000,2,239,0,8,40
4,3053,0.3812500000,3,122,0,8,40
4,3054,0.3937500000,8,126,0,8,40
9,3055,0.7656250000,9,245,1,8,40
4,3056,0.6125000000,4,196,1,8,40
6,3057,0.9625000000,6,308,1,8,40
1,3058,0.9812500000,1,314,1,8,40
5,3059,0.5812500000,3,186,0,8,40
7,3060,0.8062500000,7,258,1,8,40
7,3061,0.7625000000,7,244,1,8,40
9,3062,0.9687500000,9,310,1,8,40
0,3063,0.6718750000,2,215,0,8,40
1,3064,0.9343750000,1,299,1,8,40
3,3065,0.5656250000,3,181,1,8,40
1,3066,0.4281250000,1,137,1,8,40
3,3067,0.7125000000,4,228,0,8,40
2,3068,0.7031250000,0,225,0,8,40
4,3069,0.4625000000,4,148,1,8,40
0,3070,0.7687500000,0,246,1,8,40
7,3071,0.7281250000,7,233,1,8,40
8,3072,0.5312500000,1,170,0,8,40
3,3073,0.6468750000,5,207,0,8,40
1,3074,0.9906250000,1,317,1,8,40
6,3075,0.6937500000,3,222,0,8,40
2,3076,0.5656250000,2,181,1,8,40
1,3077,0.9781250000,1,313,1,8,40
8,3078,0.9531250000,8,305,1,8,40
8,3079,0.6156250000,8,197,1,8,40
1,3080,0.7718750000,1,247,1,8,40
9,3081,0.9781250000,9,313,1,8,40
7,3082,0.8656250000,7,277,1,8,40
5,3083,0.6031250000,3,193,0,8,40
3,3084,0.7843750000,3,251,1,8,40
2,3085,0.6437500000,2,206,1,8,40
9,3086,0.9656250000,9,309,1,8,40
0,3087,0.6156250000,0,197,1,8,40
6,3088,0.8062500000,6,258,1,8,40
8,3089,0.9781250000,8,313,1,8,40
4,3090,0.8562500000,4,274,1,8,40
1,3091,0.7156250000,1,229,1,8,40
5,3092,0.5812500000,7,186,0,8,40
7,3093,0.6125000000,7,196,1,8,40
2,3094,0.8406250000,0,269,0,8,40
4,3095,0.5812500000,4,186,1,8,40
7,3096,0.8250000000,7,264,1,8,40
0,3097,0.3968750000,7,127,0,8,40
4,3098,0.8906250000,4,285,1,8,40
9,3099,0.9562500000,9,306,1,8,40
0,3100,0.9031250000,0,289,1,8,40
7,3101,0.9968750000,7,319,1,8,40
0,3102,0.8343750000,0,267,1,8,40
6,3103,0.9125000000,6,292,1,8,40
7,3104,1.0000000000,7,320,1,8,40
1,3105,0.3625000000,9,116,0,8,40
8,3106,0.9281250000,8,297,1,8,40
5,3107,0.5218750000,5,167,1,8,40
8,3108,0.2937500000,2,94,0,8,40
8,3109,0.7812500000,8,250,1,8,40
7,3110,0.5218750000,5,167,0,8,40
0,3111,0.8718750000,0,279,1,8,40
0,3112,0.9218750000,0,295,1,8,40
3,3113,0.3718750000,2,119,0,8,40
2,3114,0.4187500000,8,134,0,8,40
5,3115,0.4062500000,2,130,0,8,40
7,3116,0.8437500000,7,270,1,8,40
0,3117,0.8031250000,0,257,1,8,40
6,3118,0.9312500000,6,298,1,8,40
4,3119,0.7000000000,4,224,1,8,40
4,3120,0.4968750000,4,159,1,8,40
9,3121,0.9250000000,9,296,1,8,40
1,3122,0.9406250000,1,301,1,8,40
8,3123,0.7218750000,8,231,1,8,40
6,3124,0.7812500000,6,250,1,8,40
3,3125,0.8937500000,3,286,1,8,40
9,3126,0.9812500000,9,314,1,8,40
4,3127,0.6750000000,4,216,1,8,40
9,3128,0.9593750000,9,307,1,8,40
3,3129,0.9500000000,3,304,1,8,40
3,3130,0.6218750000,3,199,1,8,40
7,3131,0.7625000000,7,244,1,8,40
5,3132,0.6406250000,5,205,1,8,40
9,3133,0.8562500000,9,274,1,8,40
7,3134,1.0000000000,7,320,1,8,40
7,3135,0.5687500000,5,182,0,8,40
4,3136,0.9687500000,4,310,1,8,40
5,3137,0.7531250000,5,241,1,8,40
8,3138,0.9531250000,8,305,1,8,40
2,3139,0.4625000000,9,148,0,8,40
8,3140,0.8812500000,8,282,1,8,40
9,3141,0.9562500000,9,306,1,8,40
5,3142,0.9218750000,5,295,1,8,40
3,3143,0.7968750000,3,255,1,8,40
1,3144,0.9843750000,1,315,1,8,40
9,3145,0.8156250000,9,261,1,8,40
2,3146,0.3218750000,6,103,0,8,40
2,3147,0.9000000000,2,288,1,8,40
0,3148,0.6187500000,0,198,1,8,40
1,3149,0.5093750000,9,163,0,8,40
1,3150,0.7343750000,9,235,0,8,40
8,3151,0.8250000000,8,264,1,8,40
1,3152,0.9781250000,1,313,1,8,40
1,3153,0.9843750000,1,315,1,8,40
9,3154,0.8125000000,0,260,0,8,40
8,3155,0.9437500000,8,302,1,8,40
9,3156,0.9875000000,9,316,1,8,40
9,3157,0.9843750000,9,315,1,8,40
0,3158,0.3687500000,8,118,0,8,40
2,3159,0.4406250000,7,141,0,8,40
6,3160,0.4000000000,2,128,0,8,40
9,3161,0.7375000000,9,236,1,8,40
1,3162,0.9375000000,1,300,1,8,40
9,3163,0.8375000000,9,268,1,8,40
0,3164,0.8687500000,2,278,0,8,40
1,3165,0.4312500000,1,138,1,8,40
9,3166,0.7250000000,9,232,1,8,40
2,3167,0.8125000000,2,260,1,8,40
9,3168,0.2093750000,7,67,0,8,40
9,3169,0.9250000000,9,296,1,8,40
9,3170,0.9125000000,9,292,1,8,40
0,3171,0.8343750000,1,267,0,8,40
9,3172,0.4812500000,1,154,0,8,40
9,3173,0.6281250000,9,201,1,8,40
2,3174,0.5437500000,2,174,1,8,40
1,3175,0.9562500000,1,306,1,8,40
7,3176,1.0000000000,7,320,1,8,40
0,3177,0.5625000000,0,180,1,8,40
5,3178,0.6937500000,5,222,1,8,40
6,3179,0.7968750000,6,255,1,8,40
3,3180,0.5625000000,6,180,0,8,40
9,3181,0.7750000000,9,248,1,8,40
8,3182,0.9187500000,8,294,1,8,40
3,3183,0.7843750000,3,251,1,8,40
0,3184,0.8812500000,0,282,1,8,40
2,3185,0.3937500000,6,126,0,8,40
7,3186,0.3812500000,2,122,0,8,40
7,3187,0.9937500000,7,318,1,8,40
4,3188,0.6218750000,4,199,1,8,40
8,3189,0.9281250000,8,297,1,8,40
3,3190,0.6562500000,3,210,1,8,40
0,3191,0.5562500000,0,178,1,8,40
5,3192,0.6343750000,4,203,0,8,40
2,3193,0.6937500000,4,222,0,8,40
3,3194,0.9062500000,3,290,1,8,40
5,3195,0.2593750000,4,83,0,8,40
7,3196,0.8906250000,7,285,1,8,40
6,3197,0.9812500000,6,314,1,8,40
6,3198,0.8312500000,6,266,1,8,40
6,3199,0.9687500000,6,310,1,8,40
5,3200,0.7718750000,5,247,1,8,40
6,3201,0.8500000000,6,272,1,8,40
5,3202,0.5562500000,3,178,0,8,40
4,3203,0.9562500000,4,306,1,8,40
5,3204,0.7656250000,5,245,1,8,40
8,3205,0.9312500000,8,298,1,8,40
8,3206,0.5312500000,8,170,1,8,40
0,3207,0.5312500000,0,170,1,8,40
9,3208,0.9250000000,9,296,1,8,40
7,3209,0.3750000000,2,120,0,8,40
9,3210,0.9562500000,9,306,1,8,40
0,3211,0.3718750000,9,119,0,8,40
6,3212,0.9687500000,6,310,1,8,40
9,3213,0.9593750000,9,307,1,8,40
6,3214,0.7875000000,6,252,1,8,40
1,3215,0.9781250000,1,313,1,8,40
4,3216,0.3312500000,4,106,1,8,40
7,3217,0.9937500000,7,318,1,8,40
9,3218,0.2062500000,0,66,0,8,40
0,3219,0.4750000000,0,152,1,8,40
3,3220,0.6468750000,9,207,0,8,40
5,3221,0.7281250000,5,233,1,8,40
4,3222,0.8187500000,4,262,1,8,40
7,3223,1.0000000000,7,320,1,8,40
6,3224,0.9437500000,6,302,1,8,40
9,3225,0.9750000000,9,312,1,8,40
8,3226,0.6156250000,0,197,0,8,40
2,3227,0.7156250000,2,229,1,8,40
3,3228,0.8093750000,3,259,1,8,40
9,3229,0.5968750000,8,191,0,8,40
3,3230,0.5343750000,3,171,1,8,40
3,3231,0.6906250000,3,221,1,8,40
7,3232,0.7968750000,7,255,1,8,40
8,3233,0.9687500000,8,310,1,8,40
3,3234,0.9437500000,3,302,1,8,40
5,3235,0.4812500000,5,154,1,8,40
5,3236,0.5437500000,3,174,0,8,40
9,3237,0.5406250000,1,173,0,8,40
6,3238,0.9375000000,6,300,1,8,40
1,3239,0.9812500000,1,314,1,8,40
4,3240,0.3250000000,0,104,0,8,40
7,3241,0.9937500000,7,318,1,8,40
4,3242,0.6343750000,4,203,1,8,40
8,3243,0.9656250000,8,309,1,8,40
7,3244,0.8093750000,7,259,1,8,40
7,3245,0.9656250000,7,309,1,8,40
1,3246,0.7843750000,8,251,0,8,40
3,3247,0.5875000000,3,188,1,8,40
0,3248,0.8968750000,0,287,1,8,40
3,3249,0.8875000000,3,284,1,8,40
2,3250,0.5062500000,2,162,1,8,40
5,3251,0.5156250000,5,165,1,8,40
4,3252,0.9031250000,4,289,1,8,40
9,3253,0.7375000000,9,236,1,8,40
3,3254,0.8281250000,3,265,1,8,40
5,3255,0.8031250000,5,257,1,8,40
4,3256,0.9125000000,4,292,1,8,40
7,3257,0.8281250000,7,265,1,8,40
0,3258,0.7250000000,0,232,1,8,40
3,3259,0.8906250000,3,285,1,8,40
7,3260,0.9500000000,7,304,1,8,40
0,3261,0.9625000000,0,308,1,8,40
2,3262,0.4843750000,3,155,0,8,40
1,3263,0.9000000000,1,288,1,8,40
5,3264,0.4656250000,0,149,0,8,40
8,3265,0.9843750000,8,315,1,8,40
7,3266,0.9718750000,7,311,1,8,40
3,3267,0.6250000000,3,200,1,8,40
5,3268,0.8500000000,5,272,1,8,40
7,3269,0.9562500000,7,306,1,8,40
8,3270,0.9156250000,8,293,1,8,40
5,3271,0.5500000000,5,176,1,8,40
7,3272,0.9906250000,7,317,1,8,40
8,3273,0.9625000000,8,308,1,8,40
1,3274,0.6062500000,1,194,1,8,40
5,3275,0.3843750000,7,123,0,8,40
4,3276,0.5875000000,7,188,0,8,40
7,3277,0.9812500000,7,314,1,8,40
0,3278,0.7312500000,0,234,1,8,40
8,3279,0.9062500000,8,290,1,8,40
3,3280,0.5593750000,3,179,1,8,40
2,3281,0.9500000000,2,304,1,8,40
9,3282,0.7687500000,9,246,1,8,40
7,3283,0.5250000000,7,168,1,8,40
4,3284,0.7593750000,4,243,1,8,40
1,3285,0.8531250000,1,273,1,8,40
6,3286,0.9906250000,6,317,1,8,40
5,3287,0.4593750000,7,147,0,8,40
9,3288,0.8656250000,9,277,1,8,40
8,3289,0.9687500000,8,310,1,8,40
5,3290,0.8437500000,5,270,1,8,40
5,3291,0.5906250000,5,189,1,8,40
4,3292,0.8656250000,4,277,1,8,40
1,3293,0.9843750000,1,315,1,8,40
0,3294,0.9468750000,0,303,1,8,40
9,3295,0.9718750000,9,311,1,8,40
4,3296,0.9281250000,4,297,1,8,40
4,3297,0.4531250000,3,145,0,8,40
3,3298,0.8250000000,3,264,1,8,40
0,3299,0.4218750000,4,135,0,8,40
4,3300,0.6281250000,4,201,1,8,40
8,3301,0.6218750000,0,199,0,8,40
0,3302,0.9562500000,0,306,1,8,40
8,3303,0.8843750000,8,283,1,8,40
2,3304,0.9156250000,2,293,1,8,40
9,3305,0.9781250000,9,313,1,8,40
5,3306,0.3531250000,4,113,0,8,40
9,3307,0.9125000000,9,292,1,8,40
7,3308,0.8906250000,7,285,1,8,40
4,3309,0.5468750000,4,175,1,8,40
6,3310,0.9531250000,6,305,1,8,40
7,3311,0.4687500000,7,150,1,8,40
9,3312,0.7500000000,5,240,0,8,40
2,3313,0.9500000000,2,304,1,8,40
9,3314,0.7031250000,1,225,0,8,40
3,3315,0.9187500000,3,294,1,8,40
7,3316,0.9843750000,7,315,1,8,40
7,3317,0.9843750000,7,315,1,8,40
8,3318,0.8093750000,8,259,1,8,40
2,3319,0.6312500000,2,202,1,8,40
2,3320,0.6781250000,7,217,0,8,40
0,3321,0.5843750000,2,187,0,8,40
2,3322,0.9312500000,2,298,1,8,40
5,3323,0.7062500000,5,226,1,8,40
3,3324,0.5562500000,6,178,0,8,40
6,3325,0.4343750000,8,139,0,8,40
4,3326,0.9125000000,4,292,1,8,40
7,3327,0.2687500000,5,86,0,8,40
2,3328,0.8000000000,2,256,1,8,40
3,3329,0.6968750000,3,223,1,8,40
7,3330,0.6218750000,7,199,1,8,40
8,3331,0.9625000000,8,308,1,8,40
7,3332,0.9062500000,7,290,1,8,40
2,3333,0.6031250000,2,193,1,8,40
5,3334,0.5875000000,5,188,1,8,40
0,3335,0.3250000000,0,104,1,8,40
0,3336,0.6312500000,0,202,1,8,40
7,3337,0.9843750000,7,315,1,8,40
0,3338,0.7875000000,0,252,1,8,40
9,3339,0.3968750000,3,127,0,8,40
6,3340,0.9468750000,6,303,1,8,40
1,3341,0.9781250000,1,313,1,8,40
0,3342,0.4843750000,0,155,1,8,40
3,3343,0.4187500000,7,134,0,8,40
9,3344,0.5781250000,9,185,1,8,40
7,3345,0.9937500000,7,318,1,8,40
4,3346,0.4656250000,0,149,0,8,40
9,3347,0.8593750000,9,275,1,8,40
1,3348,0.8437500000,1,270,1,8,40
6,3349,0.6718750000,6,215,1,8,40
8,3350,0.8500000000,8,272,1,8,40
1,3351,0.9437500000,1,302,1,8,40
2,3352,0.7531250000,2,241,1,8,40
3,3353,0.8593750000,3,275,1,8,40
3,3354,0.2718750000,3,87,1,8,40
5,3355,0.3718750000,0,119,0,8,40
4,3356,0.4406250000,7,141,0,8,40
8,3357,0.4531250000,2,145,0,8,40
9,3358,0.7781250000,9,249,1,8,40
7,3359,0.3937500000,7,126,1,8,40
4,3360,0.9312500000,4,298,1,8,40
4,3361,0.4562500000,7,146,0,8,40
1,3362,0.9906250000,1,317,1,8,40
2,3363,0.3375000000,2,108,1,8,40
4,3364,0.4031250000,4,129,1,8,40
9,3365,0.8218750000,9,263,1,8,40
8,3366,0.6281250000,8,201,1,8,40
7,3367,0.8968750000,7,287,1,8,40
9,3368,0.9406250000,9,301,1,8,40
5,3369,0.7000000000,3,224,0,8,40
1,3370,0.9875000000,1,316,1,8,40
2,3371,0.6875000000,2,220,1,8,40
1,3372,0.9875000000,1,316,1,8,40
6,3373,0.4750000000,6,152,1,8,40
6,3374,0.9343750000,6,299,1,8,40
4,3375,0.8187500000,4,262,1,8,40
5,3376,0.6750000000,5,216,1,8,40
7,3377,0.9687500000,7,310,1,8,40
4,3378,0.7093750000,4,227,1,8,40
5,3379,0.3312500000,5,106,1,8,40
8,3380,0.9812500000,8,314,1,8,40
5,3381,0.8468750000,3,271,0,8,40
2,3382,0.6656250000,4,213,0,8,40
8,3383,0.9718750000,8,311,1,8,40
7,3384,0.7562500000,7,242,1,8,40
8,3385,0.7312500000,8,234,1,8,40
2,3386,0.9343750000,2,299,1,8,40
3,3387,0.5156250000,3,165,1,8,40
6,3388,0.8093750000,6,259,1,8,40
1,3389,0.9687500000,1,310,1,8,40
3,3390,0.8437500000,5,270,0,8,40
3,3391,0.8656250000,3,277,1,8,40
1,3392,0.2937500000,9,94,0,8,40
5,3393,0.8187500000,5,262,1,8,40
1,3394,0.9843750000,1,315,1,8,40
9,3395,0.9750000000,9,312,1,8,40
0,3396,0.7625000000,0,244,1,8,40
9,3397,0.8562500000,9,274,1,8,40
2,3398,0.6125000000,2,196,1,8,40
0,3399,0.9281250000,0,297,1,8,40
6,3400,0.3437500000,8,110,0,8,40
2,3401,0.5062500000,7,162,0,8,40
4,3402,0.6718750000,4,215,1,8,40
8,3403,0.9593750000,8,307,1,8,40
5,3404,0.9687500000,5,310,1,8,40
7,3405,0.9875000000,7,316,1,8,40
6,3406,0.9187500000,6,294,1,8,40
1,3407,0.9718750000,1,311,1,8,40
2,3408,0.5750000000,2,184,1,8,40
9,3409,0.9656250000,9,309,1,8,40
4,3410,0.9625000000,4,308,1,8,40
5,3411,0.5250000000,3,168,0,8,40
0,3412,0.7812500000,0,250,1,8,40
3,3413,0.4375000000,1,140,0,8,40
3,3414,0.4062500000,5,130,0,8,40
7,3415,0.3437500000,2,110,0,8,40
7,3416,0.3812500000,4,122,0,8,40
7,3417,0.4625000000,2,148,0,8,40
1,3418,0.8625000000,1,276,1,8,40
4,3419,0.5500000000,4,176,1,8,40
5,3420,0.4750000000,3,152,0,8,40
0,3421,0.7375000000,0,236,1,8,40
2,3422,0.5125000000,6,164,0,8,40
8,3423,0.9500000000,8,304,1,8,40
5,3424,0.9625000000,5,308,1,8,40
0,3425,0.6687500000,0,214,1,8,40
0,3426,0.8562500000,0,274,1,8,40
6,3427,0.7875000000,6,252,1,8,40
2,3428,0.9156250000,2,293,1,8,40
0,3429,0.5531250000,2,177,0,8,40
8,3430,0.7812500000,8,250,1,8,40
4,3431,0.9156250000,4,293,1,8,40
5,3432,0.6656250000,5,213,1,8,40
4,3433,0.3125000000,4,100,1,8,40
5,3434,0.7687500000,5,246,1,8,40
6,3435,0.9281250000,6,297,1,8,40
4,3436,0.6875000000,4,220,1,8,40
7,3437,0.9875000000,7,316,1,8,40
9,3438,0.9562500000,9,306,1,8,40
4,3439,0.5500000000,6,176,0,8,40
2,3440,0.5250000000,3,168,0,8,40
0,3441,0.9531250000,0,305,1,8,40
6,3442,0.3687500000,2,118,0,8,40
4,3443,0.8843750000,2,283,0,8,40
0,3444,0.6437500000,0,206,1,8,40
0,3445,0.9937500000,0,318,1,8,40
6,3446,0.5656250000,5,181,0,8,40
4,3447,0.9125000000,4,292,1,8,40
6,3448,0.9312500000,6,298,1,8,40
1,3449,0.6593750000,1,211,1,8,40
9,3450,0.8531250000,1,273,0,8,40
5,3451,0.8437500000,5,270,1,8,40
5,3452,0.5406250000,3,173,0,8,40
2,3453,0.9562500000,2,306,1,8,40
2,3454,0.9312500000,2,298,1,8,40
6,3455,0.6437500000,6,206,1,8,40
3,3456,0.8343750000,3,267,1,8,40
4,3457,0.4031250000,4,129,1,8,40
5,3458,0.6968750000,5,223,1,8,40
9,3459,0.4468750000,9,143,1,8,40
1,3460,0.9343750000,1,299,1,8,40
7,3461,0.4531250000,5,145,0,8,40
2,3462,0.9156250000,2,293,1,8,40
3,3463,0.3875000000,3,124,1,8,40
9,3464,0.4843750000,1,155,0,8,40
6,3465,0.9156250000,6,293,1,8,40
5,3466,0.9375000000,5,300,1,8,40
0,3467,0.8250000000,0,264,1,8,40
2,3468,0.9593750000,2,307,1,8,40
9,3469,0.3656250000,9,117,1,8,40
7,3470,0.2875000000,7,92,1,8,40
1,3471,0.9875000000,1,316,1,8,40
7,3472,0.9031250000,7,289,1,8,40
2,3473,0.9656250000,2,309,1,8,40
2,3474,0.6468750000,2,207,1,8,40
0,3475,0.8187500000,0,262,1,8,40
8,3476,0.5187500000,8,166,1,8,40
6,3477,0.9000000000,6,288,1,8,40
4,3478,0.8187500000,4,262,1,8,40
3,3479,0.5843750000,3,187,1,8,40
2,3480,0.9906250000,2,317,1,8,40
7,3481,0.6812500000,7,218,1,8,40
7,3482,0.8406250000,7,269,1,8,40
0,3483,0.9312500000,0,298,1,8,40
4,3484,0.9843750000,4,315,1,8,40
1,3485,0.6593750000,1,211,1,8,40
6,3486,0.9968750000,6,319,1,8,40
5,3487,0.9625000000,5,308,1,8,40
1,3488,0.8718750000,1,279,1,8,40
3,3489,0.4000000000,9,128,0,8,40
0,3490,0.3000000000,4,96,0,8,40
3,3491,0.6312500000,3,202,1,8,40
9,3492,0.8437500000,9,270,1,8,40
0,3493,0.7781250000,0,249,1,8,40
0,3494,0.5125000000,9,164,0,8,40
2,3495,0.6531250000,5,209,0,8,40
5,3496,0.3000000000,0,96,0,8,40
0,3497,0.3468750000,6,111,0,8,40
4,3498,0.3531250000,0,113,0,8,40
0,3499,0.9875000000,0,316,1,8,40
1,3500,0.7875000000,1,252,1,8,40
9,3501,0.6968750000,1,223,0,8,40
8,3502,0.5718750000,8,183,1,8,40
4,3503,0.4062500000,7,130,0,8,40
9,3504,0.9718750000,9,311,1,8,40
4,3505,0.8343750000,4,267,1,8,40
2,3506,0.4031250000,2,129,1,8,40
4,3507,0.7968750000,4,255,1,8,40
3,3508,0.9062500000,3,290,1,8,40
3,3509,0.4406250000,3,141,1,8,40
4,3510,0.8468750000,4,271,1,8,40
0,3511,0.6656250000,0,213,1,8,40
4,3512,0.8031250000,4,257,1,8,40
3,3513,0.6281250000,3,201,1,8,40
2,3514,0.4250000000,3,136,0,8,40
8,3515,0.9562500000,8,306,1,8,40
9,3516,0.9468750000,9,303,1,8,40
1,3517,0.4062500000,1,130,1,8,40
5,3518,0.8937500000,5,286,1,8,40
8,3519,0.6406250000,8,205,1,8,40
1,3520,0.9750000000,1,312,1,8,40
8,3521,0.9312500000,8,298,1,8,40
2,3522,0.9906250000,2,317,1,8,40
4,3523,0.7968750000,6,255,0,8,40
5,3524,0.4968750000,4,159,0,8,40
2,3525,0.3843750000,2,123,1,8,40
4,3526,0.6000000000,4,192,1,8,40
1,3527,0.9031250000,1,289,1,8,40
1,3528,0.7687500000,1,246,1,8,40
6,3529,0.7625000000,6,244,1,8,40
6,3530,0.9781250000,6,313,1,8,40
8,3531,0.4843750000,8,155,1,8,40
5,3532,0.8062500000,5,258,1,8,40
2,3533,0.8875000000,2,284,1,8,40
2,3534,0.5562500000,3,178,0,8,40
5,3535,0.8875000000,5,284,1,8,40
0,3536,0.8968750000,0,287,1,8,40
8,3537,0.8187500000,8,262,1,8,40
2,3538,0.8062500000,2,258,1,8,40
3,3539,0.5781250000,3,185,1,8,40
6,3540,0.9093750000,6,291,1,8,40
2,3541,0.9656250000,2,309,1,8,40
9,3542,0.9812500000,9,314,1,8,40
6,3543,0.7750000000,6,248,1,8,40
1,3544,0.5562500000,9,178,0,8,40
4,3545,0.9812500000,4,314,1,8,40
5,3546,0.9218750000,5,295,1,8,40
9,3547,0.9343750000,9,299,1,8,40
0,3548,0.9281250000,0,297,1,8,40
1,3549,0.8125000000,1,260,1,8,40
0,3550,0.4468750000,4,143,0,8,40
0,3551,0.7937500000,0,254,1,8,40
8,3552,0.8968750000,8,287,1,8,40
1,3553,0.8343750000,1,267,1,8,40
1,3554,0.5156250000,9,165,0,8,40
6,3555,0.8250000000,6,264,1,8,40
6,3556,0.9906250000,6,317,1,8,40
9,3557,0.4000000000,3,128,0,8,40
5,3558,0.9656250000,5,309,1,8,40
4,3559,0.6343750000,4,203,1,8,40
1,3560,0.7000000000,9,224,0,8,40
7,3561,0.5343750000,5,171,0,8,40
8,3562,0.7375000000,8,236,1,8,40
6,3563,0.9656250000,6,309,1,8,40
9,3564,0.5156250000,0,165,0,8,40
1,3565,0.8875000000,1,284,1,8,40
7,3566,0.8593750000,7,275,1,8,40
6,3567,0.9687500000,6,310,1,8,40
0,3568,0.9781250000,0,313,1,8,40
9,3569,0.6000000000,9,192,1,8,40
3,3570,0.5656250000,3,181,1,8,40
5,3571,0.4093750000,5,131,1,8,40
3,3572,0.7906250000,3,253,1,8,40
2,3573,0.8781250000,2,281,1,8,40
5,3574,0.3031250000,0,97,0,8,40
3,3575,0.6906250000,3,221,1,8,40
4,3576,0.7750000000,4,248,1,8,40
9,3577,0.6875000000,9,220,1,8,40
7,3578,0.6593750000,7,211,1,8,40
1,3579,0.9156250000,1,293,1,8,40
4,3580,0.5625000000,4,180,1,8,40
4,3581,0.7000000000,4,224,1,8,40
6,3582,0.9937500000,6,318,1,8,40
1,3583,0.9781250000,1,313,1,8,40
3,3584,0.7000000000,5,224,0,8,40
8,3585,0.9687500000,8,310,1,8,40
8,3586,0.9375000000,8,300,1,8,40
0,3587,0.2656250000,3,85,0,8,40
6,3588,0.9906250000,6,317,1,8,40
7,3589,0.8656250000,7,277,1,8,40
7,3590,0.9906250000,7,317,1,8,40
6,3591,0.8968750000,6,287,1,8,40
7,3592,0.9937500000,7,318,1,8,40
2,3593,0.8343750000,2,267,1,8,40
3,3594,0.5593750000,5,179,0,8,40
2,3595,0.6437500000,2,206,1,8,40
2,3596,0.8250000000,4,264,0,8,40
6,3597,0.9937500000,6,318,1,8,40
2,3598,0.9750000000,2,312,1,8,40
7,3599,0.9781250000,7,313,1,8,40
4,3600,0.4625000000,2,148,0,8,40
0,3601,0.5687500000,0,182,1,8,40
3,3602,0.3000000000,3,96,1,8,40
6,3603,0.4906250000,6,157,1,8,40
2,3604,0.9593750000,2,307,1,8,40
6,3605,0.5375000000,4,172,0,8,40
3,3606,0.8468750000,3,271,1,8,40
3,3607,0.8562500000,2,274,0,8,40
0,3608,0.7093750000,0,227,1,8,40
9,3609,0.9625000000,9,308,1,8,40
5,3610,0.5250000000,3,168,0,8,40
1,3611,0.6906250000,1,221,1,8,40
1,3612,0.9062500000,1,290,1,8,40
5,3613,0.9562500000,5,306,1,8,40
3,3614,0.7125000000,3,228,1,8,40
6,3615,0.3750000000,2,120,0,8,40
4,3616,0.6937500000,4,222,1,8,40
3,3617,0.8093750000,3,259,1,8,40
4,3618,0.7093750000,2,227,0,8,40
1,3619,0.6656250000,1,213,1,8,40
0,3620,0.6000000000,0,192,1,8,40
4,3621,0.7750000000,4,248,1,8,40
5,3622,0.4531250000,3,145,0,8,40
5,3623,0.8781250000,5,281,1,8,40
2,3624,0.6656250000,4,213,0,8,40
8,3625,0.9500000000,8,304,1,8,40
9,3626,0.9656250000,9,309,1,8,40
4,3627,0.6656250000,3,213,0,8,40
3,3628,0.9812500000,3,314,1,8,40
1,3629,0.7031250000,1,225,1,8,40
8,3630,0.9781250000,8,313,1,8,40
0,3631,0.4718750000,9,151,0,8,40
1,3632,0.8718750000,1,279,1,8,40
3,3633,0.9250000000,3,296,1,8,40
3,3634,0.9312500000,3,298,1,8,40
4,3635,0.8562500000,4,274,1,8,40
4,3636,0.6031250000,4,193,1,8,40
2,3637,0.7906250000,6,253,0,8,40
9,3638,0.8250000000,9,264,1,8,40
7,3639,0.9125000000,7,292,1,8,40
6,3640,0.6187500000,6,198,1,8,40
8,3641,0.9125000000,8,292,1,8,40
1,3642,0.9781250000,1,313,1,8,40
8,3643,0.9062500000,8,290,1,8,40
9,3644,0.8750000000,9,280,1,8,40
1,3645,0.7531250000,9,241,0,8,40
3,3646,0.8187500000,3,262,1,8,40
1,3647,0.9218750000,1,295,1,8,40
7,3648,0.9625000000,7,308,1,8,40
3,3649,0.7718750000,3,247,1,8,40
0,3650,0.9000000000,0,288,1,8,40
0,3651,0.8875000000,0,284,1,8,40
2,3652,0.9343750000,2,299,1,8,40
8,3653,0.4812500000,8,154,1,8,40
3,3654,0.4906250000,5,157,0,8,40
9,3655,0.9000000000,9,288,1,8,40
2,3656,0.7500000000,2,240,1,8,40
7,3657,0.6781250000,7,217,1,8,40
2,3658,0.8750000000,4,280,0,8,40
6,3659,0.9125000000,6,292,1,8,40
0,3660,0.8593750000,0,275,1,8,40
1,3661,0.9968750000,1,319,1,8,40
6,3662,0.5593750000,6,179,1,8,40
1,3663,0.9906250000,1,317,1,8,40
6,3664,0.9781250000,6,313,1,8,40
7,3665,0.9093750000,7,291,1,8,40
5,3666,0.8687500000,5,278,1,8,40
5,3667,0.9218750000,5,295,1,8,40
2,3668,0.8031250000,2,257,1,8,40
5,3669,0.5656250000,3,181,0,8,40
9,3670,0.9375000000,9,300,1,8,40
4,3671,0.9000000000,4,288,1,8,40
0,3672,0.8843750000,0,283,1,8,40
2,3673,0.4000000000,8,128,0,8,40
3,3674,0.6562500000,3,210,1,8,40
4,3675,0.7500000000,4,240,1,8,40
9,3676,0.4750000000,9,152,1,8,40
4,3677,0.4343750000,5,139,0,8,40
1,3678,0.9750000000,1,312,1,8,40
0,3679,0.8062500000,0,258,1,8,40
0,3680,0.5468750000,0,175,1,8,40
2,3681,0.8750000000,2,280,1,8,40
3,3682,0.5937500000,4,190,0,8,40
8,3683,0.4218750000,5,135,0,8,40
9,3684,0.8406250000,9,269,1,8,40
2,3685,0.9375000000,2,300,1,8,40
8,3686,0.9687500000,8,310,1,8,40
9,3687,0.7031250000,1,225,0,8,40
5,3688,0.4375000000,3,140,0,8,40
7,3689,0.4781250000,7,153,1,8,40
9,3690,0.6156250000,9,197,1,8,40
1,3691,0.9750000000,1,312,1,8,40
4,3692,0.7437500000,4,238,1,8,40
6,3693,0.3718750000,8,119,0,8,40
2,3694,0.7312500000,2,234,1,8,40
8,3695,0.9718750000,8,311,1,8,40
4,3696,0.5750000000,2,184,0,8,40
4,3697,0.6312500000,4,202,1,8,40
8,3698,0.7781250000,8,249,1,8,40
9,3699,0.9406250000,9,301,1,8,40
3,3700,0.7562500000,3,242,1,8,40
1,3701,0.9937500000,1,318,1,8,40
1,3702,0.8250000000,1,264,1,8,40
6,3703,0.9406250000,6,301,1,8,40
5,3704,0.5531250000,2,177,0,8,40
8,3705,0.8625000000,8,276,1,8,40
4,3706,0.9125000000,4,292,1,8,40
6,3707,0.7718750000,6,247,1,8,40
4,3708,0.6062500000,6,194,0,8,40
5,3709,0.9531250000,5,305,1,8,40
2,3710,0.5843750000,2,187,1,8,40
6,3711,0.4406250000,4,141,0,8,40
4,3712,0.5468750000,4,175,1,8,40
2,3713,0.7656250000,2,245,1,8,40
3,3714,0.5718750000,3,183,1,8,40
1,3715,0.4250000000,1,136,1,8,40
3,3716,0.3750000000,3,120,1,8,40
6,3717,0.9843750000,6,315,1,8,40
8,3718,0.9312500000,8,298,1,8,40
5,3719,0.7156250000,5,229,1,8,40
2,3720,0.9812500000,2,314,1,8,40
2,3721,0.8750000000,0,280,0,8,40
7,3722,1.0000000000,7,320,1,8,40
1,3723,0.9031250000,1,289,1,8,40
6,3724,0.6125000000,6,196,1,8,40
2,3725,0.5156250000,2,165,1,8,40
5,3726,0.4937500000,3,158,0,8,40
9,3727,0.9125000000,9,292,1,8,40
2,3728,0.5687500000,3,182,0,8,40
8,3729,0.9531250000,8,305,1,8,40
1,3730,0.7968750000,1,255,1,8,40
6,3731,0.8343750000,6,267,1,8,40
9,3732,0.9000000000,9,288,1,8,40
2,3733,0.3656250000,5,117,0,8,40
7,3734,0.6750000000,7,216,1,8,40
5,3735,0.3375000000,2,108,0,8,40
3,3736,0.6687500000,3,214,1,8,40
2,3737,0.9406250000,2,301,1,8,40
9,3738,0.8031250000,9,257,1,8,40
7,3739,0.9218750000,7,295,1,8,40
0,3740,0.9750000000,0,312,1,8,40
2,3741,0.5031250000,7,161,0,8,40
9,3742,0.9562500000,9,306,1,8,40
3,3743,0.6781250000,3,217,1,8,40
4,3744,0.8250000000,4,264,1,8,40
1,3745,0.9843750000,1,315,1,8,40
7,3746,0.4468750000,6,143,0,8,40
9,3747,0.9500000000,9,304,1,8,40
5,3748,0.8156250000,5,261,1,8,40
8,3749,0.9343750000,8,299,1,8,40
9,3750,0.6343750000,9,203,1,8,40
7,3751,0.9875000000,7,316,1,8,40
3,3752,0.4500000000,3,144,1,8,40
4,3753,0.7468750000,3,239,0,8,40
0,3754,0.6187500000,0,198,1,8,40
9,3755,0.3187500000,7,102,0,8,40
7,3756,0.8312500000,7,266,1,8,40
4,3757,0.2468750000,0,79,0,8,40
2,3758,0.3687500000,3,118,0,8,40
4,3759,0.9250000000,4,296,1,8,40
7,3760,0.9968750000,7,319,1,8,40
0,3761,0.6187500000,0,198,1,8,40
1,3762,0.5750000000,1,184,1,8,40
8,3763,0.9687500000,8,310,1,8,40
1,3764,0.8750000000,1,280,1,8,40
0,3765,0.6375000000,0,204,1,8,40
4,3766,0.4593750000,4,147,1,8,40
6,3767,0.8218750000,6,263,1,8,40
1,3768,0.9031250000,1,289,1,8,40
9,3769,0.8406250000,9,269,1,8,40
9,3770,0.8593750000,9,275,1,8,40
2,3771,0.9062500000,0,290,0,8,40
1,3772,0.5812500000,8,186,0,8,40
2,3773,0.6312500000,5,202,0,8,40
5,3774,0.5500000000,3,176,0,8,40
6,3775,0.9531250000,6,305,1,8,40
9,3776,0.5718750000,9,183,1,8,40
7,3777,0.9281250000,7,297,1,8,40
7,3778,0.6937500000,7,222,1,8,40
3,3779,0.5000000000,2,160,0,8,40
4,3780,0.8218750000,4,263,1,8,40
2,3781,0.8031250000,2,257,1,8,40
0,3782,0.8500000000,0,272,1,8,40
2,3783,0.8656250000,2,277,1,8,40
5,3784,0.9093750000,5,291,1,8,40
6,3785,0.6250000000,6,200,1,8,40
7,3786,0.5750000000,7,184,1,8,40
3,3787,0.3281250000,4,105,0,8,40
7,3788,0.9937500000,7,318,1,8,40
9,3789,0.3750000000,1,120,0,8,40
4,3790,0.8906250000,4,285,1,8,40
2,3791,0.8562500000,2,274,1,8,40
0,3792,0.8375000000,0,268,1,8,40
6,3793,0.7656250000,6,245,1,8,40
1,3794,0.9875000000,1,316,1,8,40
7,3795,0.9468750000,7,303,1,8,40
5,3796,0.9093750000,5,291,1,8,40
6,3797,0.7093750000,6,227,1,8,40
5,3798,0.9593750000,5,307,1,8,40
3,3799,0.7125000000,7,228,0,8,40
9,3800,0.9187500000,9,294,1,8,40
2,3801,0.7062500000,2,226,1,8,40
7,3802,0.9718750000,7,311,1,8,40
8,3803,0.9625000000,8,308,1,8,40
5,3804,0.3687500000,5,118,1,8,40
9,3805,0.9812500000,9,314,1,8,40
5,3806,0.4062500000,3,130,0,8,40
8,3807,0.6625000000,8,212,1,8,40
5,3808,0.3937500000,3,126,0,8,40
4,3809,0.8500000000,4,272,1,8,40
3,3810,0.6343750000,3,203,1,8,40
7,3811,0.9968750000,7,319,1,8,40
9,3812,0.6031250000,9,193,1,8,40
8,3813,0.9625000000,8,308,1,8,40
1,3814,0.9156250000,1,293,1,8,40
2,3815,0.5750000000,2,184,1,8,40
2,3816,0.8000000000,4,256,0,8,40
8,3817,0.8656250000,8,277,1,8,40
9,3818,0.9687500000,9,310,1,8,40
3,3819,0.4656250000,3,149,1,8,40
0,3820,0.4875000000,0,156,1,8,40
8,3821,0.4031250000,8,129,1,8,40
4,3822,0.8531250000,4,273,1,8,40
0,3823,0.9312500000,0,298,1,8,40
2,3824,0.6562500000,2,210,1,8,40
0,3825,0.9406250000,0,301,1,8,40
1,3826,0.9625000000,1,308,1,8,40
4,3827,0.5593750000,4,179,1,8,40
1,3828,0.3437500000,3,110,0,8,40
8,3829,0.8312500000,8,266,1,8,40
5,3830,0.7343750000,3,235,0,8,40
5,3831,0.8187500000,5,262,1,8,40
7,3832,0.8125000000,7,260,1,8,40
9,3833,0.9250000000,9,296,1,8,40
8,3834,0.7625000000,8,244,1,8,40
3,3835,0.8343750000,5,267,0,8,40
7,3836,0.9906250000,7,317,1,8,40
9,3837,0.9781250000,9,313,1,8,40
1,3838,0.9593750000,1,307,1,8,40
5,3839,0.9375000000,5,300,1,8,40
6,3840,0.5812500000,6,186,1,8,40
9,3841,0.9625000000,9,308,1,8,40
8,3842,0.8968750000,8,287,1,8,40
7,3843,0.4343750000,7,139,1,8,40
2,3844,0.7875000000,2,252,1,8,40
0,3845,0.9218750000,0,295,1,8,40
9,3846,0.9687500000,9,310,1,8,40
0,3847,0.8531250000,0,273,1,8,40
8,3848,0.8375000000,8,268,1,8,40
5,3849,0.4156250000,6,133,0,8,40
9,3850,0.8968750000,9,287,1,8,40
4,3851,0.2468750000,4,79,1,8,40
2,3852,0.9531250000,2,305,1,8,40
9,3853,0.3062500000,9,98,1,8,40
8,3854,0.9406250000,8,301,1,8,40
1,3855,0.9906250000,1,317,1,8,40
9,3856,0.7593750000,9,243,1,8,40
1,3857,0.6625000000,1,212,1,8,40
8,3858,0.8750000000,8,280,1,8,40
3,3859,0.6812500000,3,218,1,8,40
7,3860,1.0000000000,7,320,1,8,40
6,3861,0.9406250000,6,301,1,8,40
4,3862,0.7937500000,4,254,1,8,40
2,3863,0.8093750000,2,259,1,8,40
3,3864,0.4468750000,3,143,1,8,40
7,3865,0.9156250000,7,293,1,8,40
0,3866,0.9468750000,0,303,1,8,40
3,3867,0.6593750000,5,211,0,8,40
5,3868,0.5875000000,2,188,0,8,40
8,3869,0.9187500000,8,294,1,8,40
8,3870,0.9187500000,8,294,1,8,40
8,3871,0.9562500000,8,306,1,8,40
7,3872,0.4250000000,7,136,1,8,40
9,3873,0.9031250000,9,289,1,8,40
6,3874,0.8718750000,6,279,1,8,40
2,3875,0.4437500000,7,142,0,8,40
7,3876,0.9687500000,7,310,1,8,40
4,3877,0.8843750000,4,283,1,8,40
5,3878,0.2156250000,0,69,0,8,40
7,3879,0.8375000000,7,268,1,8,40
6,3880,0.7625000000,6,244,1,8,40
7,3881,0.8812500000,7,282,1,8,40
1,3882,0.6625000000,9,212,0,8,40
7,3883,0.5750000000,7,184,1,8,40
3,3884,0.3281250000,3,105,1,8,40
6,3885,0.7093750000,6,227,1,8,40
8,3886,0.9656250000,8,309,1,8,40
2,3887,0.4718750000,4,151,0,8,40
6,3888,0.9406250000,6,301,1,8,40
6,3889,0.9968750000,6,319,1,8,40
7,3890,0.7968750000,7,255,1,8,40
1,3891,0.9250000000,1,296,1,8,40
5,3892,0.5312500000,6,170,0,8,40
9,3893,0.7937500000,9,254,1,8,40
7,3894,0.9593750000,7,307,1,8,40
1,3895,0.6031250000,1,193,1,8,40
7,3896,0.6500000000,7,208,1,8,40
0,3897,0.8781250000,0,281,1,8,40
1,3898,0.8437500000,1,270,1,8,40
6,3899,0.4843750000,2,155,0,8,40
3,3900,0.6312500000,6,202,0,8,40
3,3901,0.2937500000,8,94,0,8,40
9,3902,0.7843750000,1,251,0,8,40
0,3903,0.7875000000,0,252,1,8,40
1,3904,0.8968750000,1,287,1,8,40
2,3905,0.4187500000,2,134,1,8,40
3,3906,0.5093750000,5,163,0,8,40
2,3907,0.7750000000,2,248,1,8,40
2,3908,0.9812500000,2,314,1,8,40
5,3909,0.6781250000,3,217,0,8,40
4,3910,0.3031250000,4,97,1,8,40
9,3911,0.9312500000,9,298,1,8,40
8,3912,0.8750000000,8,280,1,8,40
7,3913,0.7312500000,7,234,1,8,40
4,3914,0.8500000000,4,272,1,8,40
4,3915,0.7656250000,4,245,1,8,40
9,3916,0.7593750000,9,243,1,8,40
7,3917,0.6125000000,7,196,1,8,40
6,3918,0.9718750000,6,311,1,8,40
7,3919,0.9000000000,7,288,1,8,40
7,3920,0.2562500000,5,82,0,8,40
1,3921,0.5937500000,1,190,1,8,40
2,3922,0.4625000000,2,148,1,8,40
3,3923,0.3625000000,7,116,0,8,40
5,3924,0.6000000000,6,192,0,8,40
1,3925,0.9156250000,1,293,1,8,40
9,3926,0.9718750000,9,311,1,8,40
0,3927,0.8281250000,0,265,1,8,40
3,3928,0.2937500000,3,94,1,8,40
3,3929,0.8250000000,3,264,1,8,40
1,3930,0.9718750000,1,311,1,8,40
5,3931,0.9750000000,5,312,1,8,40
6,3932,0.7718750000,6,247,1,8,40
6,3933,0.4906250000,2,157,0,8,40
2,3934,0.8312500000,2,266,1,8,40
4,3935,0.5250000000,4,168,1,8,40
6,3936,0.9875000000,6,316,1,8,40
8,3937,0.9812500000,8,314,1,8,40
8,3938,0.9843750000,8,315,1,8,40
9,3939,0.8687500000,9,278,1,8,40
6,3940,0.4718750000,6,151,1,8,40
6,3941,0.9656250000,6,309,1,8,40
1,3942,0.4968750000,9,159,0,8,40
0,3943,0.9718750000,0,311,1,8,40
7,3944,0.9218750000,7,295,1,8,40
5,3945,0.5750000000,5,184,1,8,40
8,3946,0.9750000000,8,312,1,8,40
2,3947,0.5625000000,2,180,1,8,40
1,3948,0.3593750000,9,115,0,8,40
5,3949,0.5906250000,5,189,1,8,40
8,3950,0.9343750000,8,299,1,8,40
1,3951,0.9750000000,1,312,1,8,40
4,3952,0.8500000000,4,272,1,8,40
7,3953,0.6937500000,7,222,1,8,40
5,3954,0.6937500000,5,222,1,8,40
0,3955,0.9781250000,0,313,1,8,40
3,3956,0.5000000000,3,160,1,8,40
9,3957,0.6468750000,0,207,0,8,40
9,3958,0.9562500000,9,306,1,8,40
5,3959,0.6500000000,5,208,1,8,40
2,3960,0.7875000000,2,252,1,8,40
8,3961,0.9406250000,8,301,1,8,40
4,3962,0.4718750000,7,151,0,8,40
1,3963,0.4406250000,5,141,0,8,40
9,3964,0.5093750000,9,163,1,8,40
0,3965,0.9218750000,0,295,1,8,40
4,3966,0.6437500000,4,206,1,8,40
4,3967,0.8968750000,4,287,1,8,40
8,3968,0.4718750000,8,151,1,8,40
2,3969,0.6093750000,2,195,1,8,40
9,3970,0.4843750000,9,155,1,8,40
0,3971,0.9656250000,0,309,1,8,40
7,3972,0.8312500000,7,266,1,8,40
9,3973,0.7125000000,9,228,1,8,40
8,3974,0.9718750000,8,311,1,8,40
7,3975,0.9625000000,7,308,1,8,40
1,3976,0.9625000000,1,308,1,8,40
3,3977,0.9593750000,6,307,0,8,40
2,3978,0.7906250000,2,253,1,8,40
9,3979,0.8781250000,9,281,1,8,40
9,3980,0.3656250000,0,117,0,8,40
5,3981,0.3875000000,5,124,1,8,40
9,3982,0.9937500000,9,318,1,8,40
7,3983,0.7437500000,7,238,1,8,40
6,3984,0.8718750000,6,279,1,8,40
7,3985,0.9500000000,7,304,1,8,40
7,3986,0.4968750000,7,159,1,8,40
1,3987,0.8187500000,1,262,1,8,40
1,3988,0.7500000000,1,240,1,8,40
2,3989,0.7625000000,2,244,1,8,40
4,3990,0.6687500000,4,214,1,8,40
2,3991,0.8875000000,2,284,1,8,40
0,3992,0.9812500000,0,314,1,8,40
6,3993,0.9031250000,6,289,1,8,40
8,3994,0.9625000000,8,308,1,8,40
7,3995,0.4531250000,7,145,1,8,40
6,3996,0.3937500000,6,126,1,8,40
2,3997,0.5937500000,2,190,1,8,40
2,3998,0.3781250000,2,121,1,8,40
9,3999,0.6718750000,1,215,0,8,40
8,4000,0.2656250000,4,85,0,8,40
2,4001,0.6031250000,2,193,1,8,40
4,4002,0.5000000000,7,160,0,8,40
2,4003,0.8531250000,0,273,0,8,40
0,4004,0.6906250000,0,221,1,8,40
5,4005,0.6625000000,5,212,1,8,40
8,4006,0.9625000000,8,308,1,8,40
6,4007,0.9718750000,6,311,1,8,40
8,4008,0.9781250000,8,313,1,8,40
2,4009,0.9843750000,2,315,1,8,40
7,4010,0.3687500000,7,118,1,8,40
7,4011,0.7281250000,7,233,1,8,40
3,4012,0.5281250000,9,169,0,8,40
1,4013,0.3562500000,1,114,1,8,40
8,4014,0.9843750000,8,315,1,8,40
1,4015,0.9062500000,1,290,1,8,40
6,4016,0.7062500000,6,226,1,8,40
5,4017,0.5031250000,5,161,1,8,40
9,4018,0.9125000000,9,292,1,8,40
7,4019,0.7656250000,7,245,1,8,40
8,4020,0.8718750000,8,279,1,8,40
9,4021,0.9156250000,9,293,1,8,40
6,4022,0.9281250000,6,297,1,8,40
4,4023,0.4031250000,5,129,0,8,40
8,4024,0.9375000000,8,300,1,8,40
1,4025,0.8812500000,1,282,1,8,40
9,4026,0.8062500000,9,258,1,8,40
4,4027,0.8875000000,4,284,1,8,40
0,4028,0.8656250000,0,277,1,8,40
4,4029,0.5093750000,4,163,1,8,40
1,4030,0.9468750000,1,303,1,8,40
4,4031,0.7281250000,4,233,1,8,40
3,4032,0.7875000000,3,252,1,8,40
6,4033,0.9218750000,6,295,1,8,40
2,4034,0.9281250000,2,297,1,8,40
2,4035,0.9406250000,2,301,1,8,40
7,4036,0.9125000000,0,292,0,8,40
0,4037,0.9343750000,0,299,1,8,40
0,4038,0.6656250000,9,213,0,8,40
7,4039,0.9500000000,7,304,1,8,40
0,4040,0.9093750000,0,291,1,8,40
7,4041,0.9500000000,7,304,1,8,40
4,4042,0.6062500000,4,194,1,8,40
3,4043,0.8656250000,3,277,1,8,40
6,4044,0.7031250000,6,225,1,8,40
7,4045,0.9687500000,7,310,1,8,40
7,4046,0.9750000000,7,312,1,8,40
4,4047,0.8562500000,4,274,1,8,40
5,4048,0.3687500000,5,118,1,8,40
4,4049,0.8531250000,4,273,1,8,40
3,4050,0.4812500000,3,154,1,8,40
5,4051,0.5781250000,3,185,0,8,40
5,4052,0.7531250000,5,241,1,8,40
4,4053,0.8843750000,4,283,1,8,40
7,4054,0.7125000000,0,228,0,8,40
1,4055,0.3562500000,0,114,0,8,40
0,4056,0.9687500000,0,310,1,8,40
7,4057,0.8531250000,7,273,1,8,40
7,4058,0.2781250000,7,89,1,8,40
1,4059,0.8250000000,1,264,1,8,40
6,4060,0.9218750000,6,295,1,8,40
5,4061,0.8656250000,5,277,1,8,40
0,4062,0.8468750000,0,271,1,8,40
7,4063,0.5250000000,7,168,1,8,40
7,4064,0.9937500000,7,318,1,8,40
4,4065,0.5750000000,4,184,1,8,40
6,4066,0.5968750000,6,191,1,8,40
1,4067,0.9718750000,1,311,1,8,40
8,4068,0.9468750000,8,303,1,8,40
5,4069,0.9687500000,5,310,1,8,40
9,4070,0.9718750000,9,311,1,8,40
3,4071,0.6750000000,3,216,1,8,40
5,4072,0.9406250000,5,301,1,8,40
6,4073,0.8593750000,6,275,1,8,40
2,4074,0.7468750000,2,239,1,8,40
2,4075,0.9000000000,2,288,1,8,40
7,4076,0.9343750000,7,299,1,8,40
3,4077,0.5937500000,5,190,0,8,40
5,4078,0.8406250000,5,269,1,8,40
8,4079,0.9656250000,8,309,1,8,40
1,4080,0.9781250000,1,313,1,8,40
0,4081,0.7406250000,0,237,1,8,40
6,4082,0.8781250000,6,281,1,8,40
8,4083,0.8343750000,8,267,1,8,40
7,4084,0.8875000000,7,284,1,8,40
8,4085,0.5218750000,7,167,0,8,40
8,4086,0.8906250000,8,285,1,8,40
5,4087,0.6906250000,5,221,1,8,40
7,4088,0.9937500000,7,318,1,8,40
5,4089,0.4406250000,3,141,0,8,40
4,4090,0.8187500000,4,262,1,8,40
9,4091,0.9562500000,9,306,1,8,40
7,4092,0.6125000000,7,196,1,8,40
3,4093,0.6218750000,3,199,1,8,40
3,4094,0.8531250000,5,273,0,8,40
8,4095,0.8750000000,8,280,1,8,40
8,4096,0.9093750000,8,291,1,8,40
3,4097,0.5656250000,6,181,0,8,40
9,4098,0.6000000000,9,192,1,8,40
4,4099,0.4031250000,3,129,0,8,40
7,4100,1.0000000000,7,320,1,8,40
2,4101,0.5937500000,4,190,0,8,40
0,4102,0.9562500000,0,306,1,8,40
8,4103,0.5500000000,8,176,1,8,40
0,4104,0.9437500000,0,302,1,8,40
7,4105,0.9781250000,7,313,1,8,40
3,4106,0.8375000000,0,268,0,8,40
3,4107,0.3437500000,4,110,0,8,40
2,4108,0.7625000000,2,244,1,8,40
5,4109,0.7218750000,5,231,1,8,40
2,4110,0.9468750000,2,303,1,8,40
4,4111,0.2437500000,9,78,0,8,40
4,4112,0.7843750000,5,251,0,8,40
0,4113,0.9781250000,0,313,1,8,40
4,4114,0.3843750000,4,123,1,8,40
8,4115,0.7312500000,8,234,1,8,40
2,4116,0.5812500000,6,186,0,8,40
4,4117,0.8937500000,4,286,1,8,40
0,4118,0.7375000000,0,236,1,8,40
6,4119,0.4718750000,6,151,1,8,40
4,4120,0.8937500000,4,286,1,8,40
5,4121,0.4062500000,5,130,1,8,40
6,4122,0.8687500000,6,278,1,8,40
0,4123,0.9437500000,0,302,1,8,40
8,4124,0.8250000000,8,264,1,8,40
8,4125,0.6187500000,0,198,0,8,40
0,4126,0.6781250000,0,217,1,8,40
6,4127,0.8312500000,6,266,1,8,40
1,4128,0.9656250000,1,309,1,8,40
1,4129,0.9812500000,1,314,1,8,40
6,4130,0.8687500000,6,278,1,8,40
1,4131,0.9156250000,1,293,1,8,40
4,4132,0.9250000000,4,296,1,8,40
2,4133,0.8718750000,2,279,1,8,40
1,4134,0.3875000000,1,124,1,8,40
1,4135,0.5000000000,2,160,0,8,40
2,4136,0.5031250000,4,161,0,8,40
4,4137,0.4031250000,6,129,0,8,40
4,4138,0.7125000000,4,228,1,8,40
5,4139,0.5187500000,4,166,0,8,40
5,4140,0.4781250000,5,153,1,8,40
8,4141,0.9625000000,8,308,1,8,40
8,4142,0.9718750000,8,311,1,8,40
5,4143,0.9625000000,5,308,1,8,40
1,4144,0.9531250000,1,305,1,8,40
8,4145,0.9625000000,8,308,1,8,40
2,4146,0.6968750000,2,223,1,8,40
3,4147,0.6750000000,2,216,0,8,40
3,4148,0.7625000000,3,244,1,8,40
9,4149,0.9406250000,9,301,1,8,40
6,4150,0.9187500000,6,294,1,8,40
6,4151,0.7406250000,6,237,1,8,40
5,4152,0.5250000000,1,168,0,8,40
0,4153,0.9468750000,0,303,1,8,40
7,4154,0.9968750000,7,319,1,8,40
3,4155,0.5875000000,3,188,1,8,40
3,4156,0.9562500000,3,306,1,8,40
2,4157,0.5156250000,2,165,1,8,40
7,4158,0.8406250000,7,269,1,8,40
4,4159,0.9468750000,4,303,1,8,40
5,4160,0.7718750000,5,247,1,8,40
6,4161,0.9687500000,6,310,1,8,40
0,4162,0.9218750000,0,295,1,8,40
2,4163,0.5968750000,6,191,0,8,40
1,4164,0.6406250000,1,205,1,8,40
8,4165,0.7906250000,8,253,1,8,40
1,4166,0.3812500000,8,122,0,8,40
0,4167,0.8500000000,0,272,1,8,40
9,4168,0.9500000000,9,304,1,8,40
3,4169,0.7187500000,3,230,1,8,40
1,4170,0.4375000000,1,140,1,8,40
0,4171,0.8156250000,0,261,1,8,40
5,4172,0.8812500000,5,282,1,8,40
4,4173,0.6906250000,4,221,1,8,40
2,4174,0.5593750000,2,179,1,8,40
3,4175,0.6906250000,3,221,1,8,40
3,4176,0.8718750000,3,279,1,8,40
6,4177,0.9250000000,6,296,1,8,40
7,4178,1.0000000000,7,320,1,8,40
6,4179,0.5593750000,6,179,1,8,40
0,4180,0.6718750000,0,215,1,8,40
0,4181,0.9750000000,0,312,1,8,40
5,4182,0.7031250000,5,225,1,8,40
7,4183,0.9843750000,7,315,1,8,40
4,4184,0.8812500000,4,282,1,8,40
7,4185,0.9031250000,7,289,1,8,40
7,4186,0.9875000000,7,316,1,8,40
0,4187,0.7656250000,0,245,1,8,40
6,4188,0.9687500000,6,310,1,8,40
1,4189,0.9500000000,1,304,1,8,40
3,4190,0.6843750000,7,219,0,8,40
9,4191,0.9500000000,9,304,1,8,40
0,4192,0.7656250000,0,245,1,8,40
9,4193,0.3937500000,9,126,1,8,40
0,4194,0.9625000000,0,308,1,8,40
3,4195,0.8843750000,3,283,1,8,40
8,4196,0.9500000000,8,304,1,8,40
4,4197,0.6187500000,4,198,1,8,40
8,4198,0.8187500000,0,262,0,8,40
8,4199,0.5937500000,8,190,1,8,40
4,4200,0.7656250000,4,245,1,8,40
1,4201,0.9625000000,1,308,1,8,40
0,4202,0.8437500000,0,270,1,8,40
2,4203,0.5062500000,2,162,1,8,40
2,4204,0.7000000000,6,224,0,8,40
4,4205,0.5187500000,4,166,1,8,40
1,4206,0.9156250000,1,293,1,8,40
1,4207,0.9687500000,1,310,1,8,40
2,4208,0.7625000000,2,244,1,8,40
4,4209,0.5906250000,7,189,0,8,40
3,4210,0.2750000000,9,88,0,8,40
4,4211,0.6250000000,7,200,0,8,40
1,4212,0.9593750000,1,307,1,8,40
4,4213,0.9250000000,4,296,1,8,40
7,4214,0.8312500000,7,266,1,8,40
1,4215,0.6843750000,1,219,1,8,40
0,4216,0.9093750000,0,291,1,8,40
0,4217,0.6375000000,0,204,1,8,40
9,4218,0.9687500000,9,310,1,8,40
0,4219,0.9125000000,0,292,1,8,40
4,4220,0.5218750000,0,167,0,8,40
2,4221,0.7687500000,2,246,1,8,40
8,4222,0.9000000000,8,288,1,8,40
8,4223,0.7062500000,0,226,0,8,40
5,4224,0.8125000000,5,260,1,8,40
5,4225,0.8343750000,5,267,1,8,40
0,4226,0.9187500000,0,294,1,8,40
4,4227,0.5156250000,4,165,1,8,40
0,4228,0.9093750000,0,291,1,8,40
8,4229,0.9656250000,8,309,1,8,40
6,4230,0.4250000000,6,136,1,8,40
2,4231,0.9531250000,2,305,1,8,40
5,4232,0.9750000000,5,312,1,8,40
9,4233,0.9468750000,9,303,1,8,40
2,4234,0.9937500000,2,318,1,8,40
9,4235,0.9875000000,9,316,1,8,40
1,4236,0.9843750000,1,315,1,8,40
1,4237,0.9593750000,1,307,1,8,40
5,4238,0.4375000000,5,140,1,8,40
4,4239,0.8187500000,4,262,1,8,40
7,4240,0.6468750000,7,207,1,8,40
5,4241,0.7250000000,5,232,1,8,40
8,4242,0.8500000000,8,272,1,8,40
6,4243,0.9718750000,6,311,1,8,40
2,4244,0.4562500000,5,146,0,8,40
1,4245,0.6593750000,1,211,1,8,40
5,4246,0.8593750000,5,275,1,8,40
5,4247,0.6531250000,5,209,1,8,40
3,4248,0.5781250000,3,185,1,8,40
4,4249,0.9062500000,4,290,1,8,40
1,4250,0.5312500000,1,170,1,8,40
8,4251,0.7781250000,8,249,1,8,40
9,4252,0.9500000000,9,304,1,8,40
9,4253,0.9562500000,9,306,1,8,40
8,4254,0.9593750000,8,307,1,8,40
9,4255,0.8375000000,9,268,1,8,40
8,4256,0.9687500000,8,310,1,8,40
6,4257,0.9875000000,6,316,1,8,40
8,4258,0.8593750000,8,275,1,8,40
5,4259,0.8687500000,5,278,1,8,40
8,4260,0.9843750000,8,315,1,8,40
9,4261,0.5250000000,9,168,1,8,40
4,4262,0.8312500000,4,266,1,8,40
6,4263,0.9562500000,6,306,1,8,40
2,4264,0.6968750000,4,223,0,8,40
6,4265,0.5812500000,6,186,1,8,40
3,4266,0.6687500000,3,214,1,8,40
7,4267,0.4531250000,7,145,1,8,40
4,4268,0.7218750000,4,231,1,8,40
0,4269,0.8593750000,0,275,1,8,40
0,4270,0.7968750000,0,255,1,8,40
1,4271,0.7968750000,1,255,1,8,40
7,4272,0.9906250000,7,317,1,8,40
5,4273,0.5687500000,5,182,1,8,40
1,4274,0.9781250000,1,313,1,8,40
5,4275,0.5875000000,5,188,1,8,40
9,4276,0.4062500000,1,130,0,8,40
3,4277,0.5093750000,5,163,0,8,40
1,4278,0.9875000000,1,316,1,8,40
6,4279,0.8500000000,6,272,1,8,40
8,4280,0.7406250000,0,237,0,8,40
7,4281,0.7625000000,2,244,0,8,40
3,4282,0.3312500000,3,106,1,8,40
6,4283,0.5875000000,6,188,1,8,40
9,4284,0.9687500000,9,310,1,8,40
1,4285,0.3500000000,6,112,0,8,40
2,4286,0.6156250000,0,197,0,8,40
0,4287,0.4218750000,3,135,0,8,40
1,4288,0.9656250000,1,309,1,8,40
7,4289,0.2812500000,9,90,0,8,40
2,4290,0.8812500000,2,282,1,8,40
6,4291,0.5031250000,6,161,1,8,40
1,4292,0.9750000000,1,312,1,8,40
9,4293,0.5906250000,9,189,1,8,40
0,4294,0.5156250000,0,165,1,8,40
0,4295,0.9406250000,0,301,1,8,40
8,4296,0.5468750000,1,175,0,8,40
9,4297,0.9687500000,9,310,1,8,40
9,4298,0.7000000000,9,224,1,8,40
2,4299,0.5625000000,0,180,0,8,40
8,4300,0.9750000000,8,312,1,8,40
6,4301,0.3968750000,6,127,1,8,40
2,4302,0.6187500000,5,198,0,8,40
5,4303,0.7250000000,5,232,1,8,40
6,4304,0.5312500000,5,170,0,8,40
0,4305,0.9656250000,0,309,1,8,40
3,4306,0.6000000000,3,192,1,8,40
3,4307,0.6843750000,2,219,0,8,40
0,4308,0.8812500000,0,282,1,8,40
7,4309,0.4531250000,5,145,0,8,40
4,4310,0.5968750000,4,191,1,8,40
7,4311,0.9812500000,7,314,1,8,40
5,4312,0.7656250000,5,245,1,8,40
0,4313,0.2875000000,0,92,1,8,40
1,4314,0.9375000000,1,300,1,8,40
6,4315,0.4156250000,2,133,0,8,40
8,4316,0.8812500000,8,282,1,8,40
8,4317,0.9781250000,8,313,1,8,40
1,4318,0.9875000000,1,316,1,8,40
2,4319,0.6000000000,2,192,1,8,40
1,4320,0.3093750000,1,99,1,8,40
5,4321,0.4218750000,3,135,0,8,40
4,4322,0.5281250000,4,169,1,8,40
5,4323,0.9531250000,5,305,1,8,40
9,4324,0.9625000000,9,308,1,8,40
6,4325,0.9468750000,6,303,1,8,40
7,4326,0.9468750000,7,303,1,8,40
1,4327,0.9656250000,1,309,1,8,40
0,4328,0.9718750000,0,311,1,8,40
6,4329,0.7656250000,6,245,1,8,40
9,4330,0.9687500000,9,310,1,8,40
2,4331,0.4687500000,4,150,0,8,40
7,4332,0.7687500000,7,246,1,8,40
7,4333,0.7468750000,7,239,1,8,40
3,4334,0.3500000000,4,112,0,8,40
9,4335,0.4781250000,8,153,0,8,40
9,4336,0.9468750000,9,303,1,8,40
1,4337,0.9406250000,1,301,1,8,40
9,4338,0.7656250000,9,245,1,8,40
7,4339,0.9937500000,7,318,1,8,40
0,4340,0.9656250000,0,309,1,8,40
1,4341,0.9812500000,1,314,1,8,40
3,4342,0.6406250000,3,205,1,8,40
5,4343,0.8343750000,5,267,1,8,40
4,4344,0.8718750000,4,279,1,8,40
6,4345,0.5281250000,6,169,1,8,40
3,4346,0.9250000000,3,296,1,8,40
8,4347,0.8781250000,8,281,1,8,40
8,4348,0.9375000000,8,300,1,8,40
0,4349,0.8937500000,0,286,1,8,40
4,4350,0.9531250000,4,305,1,8,40
8,4351,0.9500000000,8,304,1,8,40
3,4352,0.5000000000,5,160,0,8,40
6,4353,0.5156250000,6,165,1,8,40
7,4354,0.3750000000,3,120,0,8,40
0,4355,0.7593750000,3,243,0,8,40
0,4356,0.9781250000,0,313,1,8,40
4,4357,0.4718750000,4,151,1,8,40
5,4358,0.6812500000,5,218,1,8,40
2,4359,0.8968750000,2,287,1,8,40
6,4360,0.9437500000,6,302,1,8,40
8,4361,0.9687500000,8,310,1,8,40
4,4362,0.8875000000,4,284,1,8,40
9,4363,0.7687500000,9,246,1,8,40
9,4364,0.5843750000,9,187,1,8,40
9,4365,0.8875000000,9,284,1,8,40
2,4366,0.9062500000,2,290,1,8,40
0,4367,0.7937500000,0,254,1,8,40
4,4368,0.8062500000,4,258,1,8,40
2,4369,0.9593750000,2,307,1,8,40
8,4370,0.9687500000,8,310,1,8,40
1,4371,0.9781250000,1,313,1,8,40
1,4372,0.9750000000,1,312,1,8,40
0,4373,0.7125000000,0,228,1,8,40
0,4374,0.9250000000,0,296,1,8,40
3,4375,0.4031250000,4,129,0,8,40
7,4376,0.4906250000,2,157,0,8,40
4,4377,0.8031250000,4,257,1,8,40
1,4378,0.8875000000,1,284,1,8,40
1,4379,0.9843750000,1,315,1,8,40
9,4380,0.9093750000,9,291,1,8,40
7,4381,0.5281250000,4,169,0,8,40
7,4382,0.9343750000,7,299,1,8,40
4,4383,0.4312500000,4,138,1,8,40
6,4384,0.7468750000,6,239,1,8,40
8,4385,0.8781250000,8,281,1,8,40
6,4386,0.5000000000,2,160,0,8,40
0,4387,0.7562500000,0,242,1,8,40
2,4388,0.6531250000,2,209,1,8,40
8,4389,0.9125000000,8,292,1,8,40
5,4390,0.9500000000,5,304,1,8,40
3,4391,0.2875000000,0,92,0,8,40
5,4392,0.5218750000,3,167,0,8,40
3,4393,0.5875000000,7,188,0,8,40
5,4394,0.9906250000,5,317,1,8,40
7,4395,0.9875000000,7,316,1,8,40
9,4396,0.9562500000,9,306,1,8,40
8,4397,0.7937500000,8,254,1,8,40
4,4398,0.3250000000,9,104,0,8,40
4,4399,0.7781250000,4,249,1,8,40
3,4400,0.7250000000,3,232,1,8,40
1,4401,0.9750000000,1,312,1,8,40
4,4402,0.6812500000,4,218,1,8,40
8,4403,0.7125000000,8,228,1,8,40
3,4404,0.7968750000,4,255,0,8,40
6,4405,0.9500000000,6,304,1,8,40
5,4406,0.9437500000,5,302,1,8,40
3,4407,0.9937500000,3,318,1,8,40
0,4408,0.3031250000,1,97,0,8,40
8,4409,0.9093750000,8,291,1,8,40
9,4410,0.8687500000,9,278,1,8,40
5,4411,0.6625000000,5,212,1,8,40
7,4412,0.9437500000,7,302,1,8,40
6,4413,0.9906250000,6,317,1,8,40
2,4414,0.4562500000,2,146,1,8,40
0,4415,0.9500000000,0,304,1,8,40
4,4416,0.4281250000,2,137,0,8,40
9,4417,0.9562500000,9,306,1,8,40
9,4418,0.9093750000,9,291,1,8,40
0,4419,0.8656250000,0,277,1,8,40
5,4420,0.5656250000,5,181,1,8,40
2,4421,0.4125000000,5,132,0,8,40
3,4422,0.8906250000,3,285,1,8,40
6,4423,0.4031250000,3,129,0,8,40
1,4424,0.9468750000,1,303,1,8,40
1,4425,0.9687500000,1,310,1,8,40
0,4426,0.9687500000,0,310,1,8,40
2,4427,0.7125000000,2,228,1,8,40
8,4428,0.9343750000,8,299,1,8,40
2,4429,0.9531250000,2,305,1,8,40
1,4430,0.8312500000,1,266,1,8,40
1,4431,0.6781250000,1,217,1,8,40
7,4432,0.3500000000,5,112,0,8,40
5,4433,0.9593750000,5,307,1,8,40
2,4434,0.9343750000,2,299,1,8,40
3,4435,0.7187500000,3,230,1,8,40
4,4436,0.9281250000,4,297,1,8,40
1,4437,0.9312500000,1,298,1,8,40
2,4438,0.5531250000,2,177,1,8,40
9,4439,0.6187500000,9,198,1,8,40
2,4440,0.4531250000,2,145,1,8,40
1,4441,0.3968750000,1,127,1,8,40
3,4442,0.5000000000,1,160,0,8,40
4,4443,0.9406250000,4,301,1,8,40
8,4444,0.9687500000,8,310,1,8,40
9,4445,0.5375000000,1,172,0,8,40
0,4446,0.7031250000,0,225,1,8,40
0,4447,0.2062500000,9,66,0,8,40
4,4448,0.6500000000,6,208,0,8,40
9,4449,0.5781250000,1,185,0,8,40
0,4450,0.7656250000,0,245,1,8,40
2,4451,0.7093750000,2,227,1,8,40
2,4452,0.9031250000,2,289,1,8,40
0,4453,0.7875000000,0,252,1,8,40
6,4454,0.9875000000,6,316,1,8,40
8,4455,0.9875000000,8,316,1,8,40
7,4456,1.0000000000,7,320,1,8,40
3,4457,0.5906250000,3,189,1,8,40
3,4458,0.7281250000,3,233,1,8,40
8,4459,0.9781250000,8,313,1,8,40
9,4460,0.8468750000,9,271,1,8,40
0,4461,0.9218750000,0,295,1,8,40
2,4462,0.5375000000,5,172,0,8,40
5,4463,0.4281250000,5,137,1,8,40
3,4464,0.6593750000,3,211,1,8,40
6,4465,0.9437500000,6,302,1,8,40
1,4466,0.9218750000,1,295,1,8,40
3,4467,0.8343750000,3,267,1,8,40
9,4468,0.4781250000,8,153,0,8,40
5,4469,0.8531250000,5,273,1,8,40
0,4470,0.4750000000,0,152,1,8,40
5,4471,0.5218750000,5,167,1,8,40
4,4472,0.8125000000,4,260,1,8,40
4,4473,0.9000000000,4,288,1,8,40
0,4474,0.9312500000,0,298,1,8,40
1,4475,0.5593750000,1,179,1,8,40
1,4476,0.3843750000,3,123,0,8,40
6,4477,0.3906250000,3,125,0,8,40
1,4478,0.9812500000,1,314,1,8,40
7,4479,0.8875000000,7,284,1,8,40
9,4480,0.9812500000,9,314,1,8,40
9,4481,0.4125000000,1,132,0,8,40
6,4482,0.9250000000,6,296,1,8,40
2,4483,0.8718750000,2,279,1,8,40
4,4484,0.7250000000,4,232,1,8,40
3,4485,0.8750000000,7,280,0,8,40
8,4486,0.4906250000,1,157,0,8,40
3,4487,0.6656250000,5,213,0,8,40
4,4488,0.9781250000,4,313,1,8,40
7,4489,0.9937500000,7,318,1,8,40
0,4490,0.6031250000,0,193,1,8,40
2,4491,0.5531250000,2,177,1,8,40
8,4492,0.9656250000,8,309,1,8,40
4,4493,0.7437500000,4,238,1,8,40
8,4494,0.8812500000,8,282,1,8,40
3,4495,0.3937500000,5,126,0,8,40
8,4496,0.9687500000,8,310,1,8,40
8,4497,0.9875000000,8,316,1,8,40
8,4498,0.8937500000,8,286,1,8,40
3,4499,0.4093750000,3,131,1,8,40
3,4500,0.4812500000,3,154,1,8,40
5,4501,0.8062500000,5,258,1,8,40
7,4502,0.9687500000,7,310,1,8,40
7,4503,0.2750000000,3,88,0,8,40
0,4504,0.2562500000,0,82,1,8,40
4,4505,0.9531250000,4,305,1,8,40
1,4506,0.9687500000,1,310,1,8,40
5,4507,0.6093750000,5,195,1,8,40
9,4508,0.3750000000,9,120,1,8,40
7,4509,0.8312500000,7,266,1,8,40
0,4510,0.7968750000,0,255,1,8,40
6,4511,0.9968750000,6,319,1,8,40
8,4512,0.5031250000,0,161,0,8,40
4,4513,0.9000000000,3,288,0,8,40
9,4514,0.9250000000,9,296,1,8,40
0,4515,0.9625000000,0,308,1,8,40
1,4516,0.6406250000,9,205,0,8,40
8,4517,0.8500000000,8,272,1,8,40
9,4518,0.9250000000,9,296,1,8,40
6,4519,0.8000000000,6,256,1,8,40
3,4520,0.4406250000,3,141,1,8,40
9,4521,0.4781250000,9,153,1,8,40
2,4522,0.9468750000,2,303,1,8,40
4,4523,0.5375000000,4,172,1,8,40
4,4524,0.7531250000,4,241,1,8,40
0,4525,0.4312500000,0,138,1,8,40
3,4526,0.6406250000,3,205,1,8,40
3,4527,0.4968750000,5,159,0,8,40
5,4528,0.4187500000,4,134,0,8,40
4,4529,0.8593750000,4,275,1,8,40
5,4530,0.4781250000,3,153,0,8,40
1,4531,0.9906250000,1,317,1,8,40
1,4532,0.9593750000,1,307,1,8,40
8,4533,0.8031250000,8,257,1,8,40
2,4534,0.9218750000,2,295,1,8,40
2,4535,0.9375000000,2,300,1,8,40
9,4536,0.6437500000,9,206,1,8,40
3,4537,0.6156250000,3,197,1,8,40
7,4538,0.8718750000,7,279,1,8,40
8,4539,0.7468750000,8,239,1,8,40
9,4540,0.9781250000,9,313,1,8,40
2,4541,0.9750000000,2,312,1,8,40
3,4542,0.5718750000,3,183,1,8,40
1,4543,0.9656250000,1,309,1,8,40
7,4544,0.9656250000,7,309,1,8,40
3,4545,0.5125000000,4,164,0,8,40
2,4546,0.6375000000,2,204,1,8,40
3,4547,0.3812500000,5,122,0,8,40
0,4548,0.4218750000,0,135,1,8,40
1,4549,0.8000000000,1,256,1,8,40
9,4550,0.1968750000,4,63,0,8,40
5,4551,0.5781250000,3,185,0,8,40
5,4552,0.6843750000,3,219,0,8,40
3,4553,0.8406250000,3,269,1,8,40
4,4554,0.7812500000,4,250,1,8,40
5,4555,0.4375000000,9,140,0,8,40
2,4556,0.3781250000,2,121,1,8,40
0,4557,0.9843750000,0,315,1,8,40
0,4558,0.9500000000,0,304,1,8,40
3,4559,0.4781250000,3,153,1,8,40
1,4560,0.9906250000,1,317,1,8,40
3,4561,0.6687500000,3,214,1,8,40
4,4562,0.4718750000,3,151,0,8,40
7,4563,0.6718750000,7,215,1,8,40
4,4564,0.9250000000,4,296,1,8,40
2,4565,0.6093750000,4,195,0,8,40
8,4566,0.5281250000,8,169,1,8,40
4,4567,0.8906250000,4,285,1,8,40
8,4568,0.9843750000,8,315,1,8,40
9,4569,0.9468750000,9,303,1,8,40
9,4570,0.5312500000,3,170,0,8,40
4,4571,0.3500000000,2,112,0,8,40
2,4572,0.5562500000,2,178,1,8,40
4,4573,0.4718750000,4,151,1,8,40
3,4574,0.6625000000,3,212,1,8,40
6,4575,0.9718750000,6,311,1,8,40
4,4576,0.9468750000,4,303,1,8,40
6,4577,0.6000000000,6,192,1,8,40
4,4578,0.7031250000,4,225,1,8,40
6,4579,0.5125000000,6,164,1,8,40
6,4580,0.9375000000,6,300,1,8,40
3,4581,0.5656250000,3,181,1,8,40
8,4582,0.5906250000,8,189,1,8,40
7,4583,0.7375000000,7,236,1,8,40
4,4584,0.4625000000,4,148,1,8,40
8,4585,0.5593750000,8,179,1,8,40
0,4586,0.8156250000,0,261,1,8,40
5,4587,0.7375000000,5,236,1,8,40
9,4588,0.6718750000,9,215,1,8,40
3,4589,0.5843750000,3,187,1,8,40
9,4590,0.9656250000,2,309,0,8,40
0,4591,0.9843750000,0,315,1,8,40
7,4592,0.8000000000,7,256,1,8,40
5,4593,0.5343750000,5,171,1,8,40
1,4594,0.8093750000,1,259,1,8,40
9,4595,0.7593750000,9,243,1,8,40
7,4596,0.4125000000,4,132,0,8,40
9,4597,0.9281250000,9,297,1,8,40
1,4598,0.9375000000,1,300,1,8,40
8,4599,0.6875000000,8,220,1,8,40
4,4600,0.4250000000,7,136,0,8,40
2,4601,0.8375000000,2,268,1,8,40
1,4602,0.9843750000,1,315,1,8,40
6,4603,0.7250000000,6,232,1,8,40
4,4604,0.7656250000,4,245,1,8,40
3,4605,0.5062500000,3,162,1,8,40
0,4606,0.3156250000,9,101,0,8,40
1,4607,0.8718750000,1,279,1,8,40
4,4608,0.4968750000,6,159,0,8,40
8,4609,0.7343750000,8,235,1,8,40
6,4610,0.3093750000,6,99,1,8,40
1,4611,0.9750000000,1,312,1,8,40
7,4612,0.7375000000,7,236,1,8,40
1,4613,0.8593750000,1,275,1,8,40
3,4614,0.9187500000,4,294,0,8,40
5,4615,0.4000000000,4,128,0,8,40
4,4616,0.9312500000,4,298,1,8,40
3,4617,0.8375000000,3,268,1,8,40
3,4618,0.6718750000,6,215,0,8,40
9,4619,0.6781250000,9,217,1,8,40
7,4620,0.8093750000,7,259,1,8,40
8,4621,0.8000000000,8,256,1,8,40
2,4622,0.3281250000,5,105,0,8,40
5,4623,0.7625000000,5,244,1,8,40
5,4624,0.5218750000,5,167,1,8,40
4,4625,0.8531250000,4,273,1,8,40
5,4626,0.9281250000,5,297,1,8,40
4,4627,0.5093750000,4,163,1,8,40
5,4628,0.4031250000,5,129,1,8,40
7,4629,0.9031250000,7,289,1,8,40
2,4630,0.3531250000,3,113,0,8,40
5,4631,0.9843750000,5,315,1,8,40
5,4632,0.4718750000,4,151,0,8,40
1,4633,0.9843750000,1,315,1,8,40
7,4634,0.8343750000,5,267,0,8,40
7,4635,0.9312500000,7,298,1,8,40
8,4636,0.9656250000,8,309,1,8,40
3,4637,0.6031250000,3,193,1,8,40
6,4638,0.9187500000,6,294,1,8,40
0,4639,0.5093750000,2,163,0,8,40
2,4640,0.9437500000,2,302,1,8,40
5,4641,0.8593750000,5,275,1,8,40
2,4642,0.8375000000,2,268,1,8,40
3,4643,0.6500000000,2,208,0,8,40
7,4644,0.7687500000,7,246,1,8,40
4,4645,0.8375000000,4,268,1,8,40
2,4646,0.4218750000,5,135,0,8,40
1,4647,0.8812500000,1,282,1,8,40
6,4648,0.9562500000,6,306,1,8,40
8,4649,0.9250000000,8,296,1,8,40
6,4650,0.8718750000,6,279,1,8,40
8,4651,0.8531250000,8,273,1,8,40
3,4652,0.6968750000,3,223,1,8,40
2,4653,0.9500000000,2,304,1,8,40
7,4654,0.8312500000,7,266,1,8,40
7,4655,0.5593750000,5,179,0,8,40
9,4656,0.8718750000,9,279,1,8,40
7,4657,0.9937500000,7,318,1,8,40
1,4658,0.9593750000,1,307,1,8,40
4,4659,0.9562500000,4,306,1,8,40
7,4660,0.4406250000,4,141,0,8,40
4,4661,0.6093750000,3,195,0,8,40
6,4662,0.9156250000,6,293,1,8,40
1,4663,0.9968750000,1,319,1,8,40
7,4664,0.8531250000,7,273,1,8,40
3,4665,0.5937500000,3,190,1,8,40
0,4666,0.9625000000,0,308,1,8,40
0,4667,0.7968750000,0,255,1,8,40
6,4668,0.9625000000,6,308,1,8,40
6,4669,0.4312500000,2,138,0,8,40
8,4670,0.9531250000,8,305,1,8,40
6,4671,0.9718750000,6,311,1,8,40
6,4672,0.9593750000,6,307,1,8,40
0,4673,0.9093750000,0,291,1,8,40
3,4674,0.8593750000,3,275,1,8,40
4,4675,0.7437500000,4,238,1,8,40
7,4676,0.6968750000,7,223,1,8,40
4,4677,0.7812500000,4,250,1,8,40
9,4678,0.6093750000,8,195,0,8,40
4,4679,0.6843750000,4,219,1,8,40
9,4680,0.7218750000,9,231,1,8,40
9,4681,0.7593750000,1,243,0,8,40
3,4682,0.5187500000,3,166,1,8,40
4,4683,0.8750000000,4,280,1,8,40
1,4684,0.9218750000,1,295,1,8,40
4,4685,0.7625000000,4,244,1,8,40
0,4686,0.6531250000,0,209,1,8,40
3,4687,0.4656250000,3,149,1,8,40
7,4688,0.8656250000,7,277,1,8,40
1,4689,0.9875000000,1,316,1,8,40
2,4690,0.8250000000,2,264,1,8,40
2,4691,0.5031250000,2,161,1,8,40
8,4692,0.7593750000,8,243,1,8,40
4,4693,0.4187500000,4,134,1,8,40
7,4694,0.6031250000,7,193,1,8,40
8,4695,0.7937500000,8,254,1,8,40
5,4696,0.3687500000,5,118,1,8,40
5,4697,0.6468750000,3,207,0,8,40
6,4698,0.9125000000,6,292,1,8,40
5,4699,0.3062500000,2,98,0,8,40
6,4700,0.3562500000,6,114,1,8,40
0,4701,0.9750000000,0,312,1,8,40
6,4702,0.9812500000,6,314,1,8,40
4,4703,0.5687500000,4,182,1,8,40
9,4704,0.9343750000,9,299,1,8,40
3,4705,0.5593750000,4,179,0,8,40
2,4706,0.9531250000,2,305,1,8,40
7,4707,0.5625000000,7,180,1,8,40
3,4708,0.6937500000,3,222,1,8,40
8,4709,0.5125000000,9,164,0,8,40
3,4710,0.8437500000,3,270,1,8,40
9,4711,0.9656250000,9,309,1,8,40
4,4712,0.8843750000,4,283,1,8,40
1,4713,0.9812500000,1,314,1,8,40
6,4714,0.9968750000,6,319,1,8,40
9,4715,0.9343750000,9,299,1,8,40
9,4716,0.7531250000,9,241,1,8,40
4,4717,0.7250000000,4,232,1,8,40
3,4718,0.7937500000,3,254,1,8,40
9,4719,0.9750000000,9,312,1,8,40
8,4720,0.7531250000,8,241,1,8,40
1,4721,0.8625000000,1,276,1,8,40
6,4722,0.5562500000,3,178,0,8,40
9,4723,0.9781250000,9,313,1,8,40
5,4724,0.5937500000,5,190,1,8,40
9,4725,0.8281250000,9,265,1,8,40
0,4726,0.8906250000,0,285,1,8,40
9,4727,0.9875000000,9,316,1,8,40
7,4728,0.9968750000,7,319,1,8,40
2,4729,0.3968750000,2,127,1,8,40
2,4730,0.5718750000,2,183,1,8,40
4,4731,0.7843750000,4,251,1,8,40
2,4732,0.2875000000,2,92,1,8,40
6,4733,0.9062500000,6,290,1,8,40
4,4734,0.9375000000,4,300,1,8,40
8,4735,0.7343750000,8,235,1,8,40
1,4736,0.9500000000,1,304,1,8,40
9,4737,0.9562500000,9,306,1,8,40
5,4738,0.5218750000,5,167,1,8,40
6,4739,0.9281250000,6,297,1,8,40
5,4740,0.5468750000,3,175,0,8,40
1,4741,0.8687500000,1,278,1,8,40
8,4742,0.8656250000,8,277,1,8,40
6,4743,0.9281250000,6,297,1,8,40
6,4744,0.5156250000,0,165,0,8,40
7,4745,0.3281250000,0,105,0,8,40
6,4746,0.9781250000,6,313,1,8,40
5,4747,0.4875000000,7,156,0,8,40
0,4748,0.8187500000,1,262,0,8,40
2,4749,0.5875000000,3,188,0,8,40
7,4750,0.3875000000,9,124,0,8,40
6,4751,0.9125000000,6,292,1,8,40
1,4752,0.8843750000,1,283,1,8,40
2,4753,0.5156250000,2,165,1,8,40
3,4754,0.7218750000,0,231,0,8,40
1,4755,0.9750000000,1,312,1,8,40
6,4756,0.8843750000,6,283,1,8,40
4,4757,0.9250000000,4,296,1,8,40
9,4758,0.2562500000,2,82,0,8,40
0,4759,0.9562500000,0,306,1,8,40
3,4760,0.5468750000,2,175,0,8,40
9,4761,0.9656250000,9,309,1,8,40
1,4762,0.9437500000,1,302,1,8,40
0,4763,0.9062500000,0,290,1,8,40
5,4764,0.7562500000,5,242,1,8,40
3,4765,0.2750000000,5,88,0,8,40
1,4766,0.9406250000,1,301,1,8,40
6,4767,0.9125000000,6,292,1,8,40
9,4768,0.9718750000,9,311,1,8,40
8,4769,0.9781250000,8,313,1,8,40
9,4770,0.6937500000,9,222,1,8,40
0,4771,0.9531250000,0,305,1,8,40
6,4772,0.9312500000,6,298,1,8,40
1,4773,1.0000000000,1,320,1,8,40
6,4774,0.9750000000,6,312,1,8,40
2,4775,0.6750000000,2,216,1,8,40
3,4776,0.7000000000,3,224,1,8,40
5,4777,0.9000000000,5,288,1,8,40
6,4778,0.9437500000,6,302,1,8,40
9,4779,0.4812500000,9,154,1,8,40
0,4780,0.6937500000,0,222,1,8,40
7,4781,0.9750000000,7,312,1,8,40
2,4782,0.9562500000,2,306,1,8,40
4,4783,0.6750000000,4,216,1,8,40
0,4784,0.6687500000,0,214,1,8,40
3,4785,0.8656250000,3,277,1,8,40
6,4786,0.3406250000,3,109,0,8,40
8,4787,0.9843750000,8,315,1,8,40
6,4788,0.8500000000,6,272,1,8,40
9,4789,0.9093750000,9,291,1,8,40
1,4790,0.5781250000,9,185,0,8,40
9,4791,0.7125000000,9,228,1,8,40
0,4792,0.7187500000,4,230,0,8,40
6,4793,0.7093750000,1,227,0,8,40
4,4794,0.8750000000,2,280,0,8,40
5,4795,0.7843750000,3,251,0,8,40
9,4796,0.7031250000,9,225,1,8,40
5,4797,0.6281250000,5,201,1,8,40
4,4798,0.5281250000,4,169,1,8,40
1,4799,0.6812500000,1,218,1,8,40
9,4800,0.9781250000,9,313,1,8,40
2,4801,0.6000000000,2,192,1,8,40
0,4802,0.9625000000,0,308,1,8,40
7,4803,0.8937500000,7,286,1,8,40
3,4804,0.6531250000,3,209,1,8,40
5,4805,0.5312500000,3,170,0,8,40
1,4806,0.9625000000,1,308,1,8,40
8,4807,0.9593750000,8,307,1,8,40
3,4808,0.4531250000,3,145,1,8,40
0,4809,0.9625000000,0,308,1,8,40
5,4810,0.9500000000,5,304,1,8,40
2,4811,0.5531250000,2,177,1,8,40
8,4812,0.8312500000,8,266,1,8,40
8,4813,0.9625000000,8,308,1,8,40
3,4814,0.6281250000,3,201,1,8,40
9,4815,0.7093750000,9,227,1,8,40
6,4816,0.8468750000,6,271,1,8,40
0,4817,0.9562500000,0,306,1,8,40
3,4818,0.5031250000,3,161,1,8,40
5,4819,0.7437500000,5,238,1,8,40
3,4820,0.6468750000,3,207,1,8,40
4,4821,0.8437500000,4,270,1,8,40
1,4822,0.9468750000,1,303,1,8,40
5,4823,0.3218750000,4,103,0,8,40
0,4824,0.9750000000,0,312,1,8,40
7,4825,0.8031250000,7,257,1,8,40
3,4826,0.3531250000,5,113,0,8,40
9,4827,0.9187500000,9,294,1,8,40
4,4828,0.4593750000,2,147,0,8,40
5,4829,0.6750000000,5,216,1,8,40
3,4830,0.3562500000,3,114,1,8,40
1,4831,0.9812500000,1,314,1,8,40
4,4832,0.5312500000,4,170,1,8,40
2,4833,0.6718750000,6,215,0,8,40
4,4834,0.3875000000,4,124,1,8,40
9,4835,0.9843750000,9,315,1,8,40
9,4836,0.8312500000,9,266,1,8,40
7,4837,0.9843750000,7,315,1,8,40
1,4838,0.7906250000,1,253,1,8,40
7,4839,0.9718750000,7,311,1,8,40
0,4840,0.9406250000,0,301,1,8,40
1,4841,0.9812500000,1,314,1,8,40
2,4842,0.9125000000,2,292,1,8,40
1,4843,0.8062500000,1,258,1,8,40
5,4844,0.8000000000,3,256,0,8,40
3,4845,0.7531250000,3,241,1,8,40
8,4846,0.5937500000,8,190,1,8,40
4,4847,0.4687500000,4,150,1,8,40
1,4848,0.9750000000,1,312,1,8,40
5,4849,0.8031250000,5,257,1,8,40
1,4850,0.8375000000,1,268,1,8,40
9,4851,0.9718750000,9,311,1,8,40
9,4852,0.8000000000,0,256,0,8,40
7,4853,0.9562500000,7,306,1,8,40
0,4854,0.9656250000,0,309,1,8,40
1,4855,0.9750000000,1,312,1,8,40
7,4856,0.9875000000,7,316,1,8,40
6,4857,0.9968750000,6,319,1,8,40
2,4858,0.9062500000,2,290,1,8,40
6,4859,0.9000000000,6,288,1,8,40
5,4860,0.9343750000,5,299,1,8,40
0,4861,0.4156250000,8,133,0,8,40
3,4862,0.4500000000,2,144,0,8,40
1,4863,0.6875000000,1,220,1,8,40
3,4864,0.6031250000,3,193,1,8,40
8,4865,0.5156250000,9,165,0,8,40
9,4866,0.9468750000,9,303,1,8,40
9,4867,0.4968750000,9,159,1,8,40
0,4868,0.6250000000,0,200,1,8,40
8,4869,0.9500000000,8,304,1,8,40
8,4870,0.4093750000,8,131,1,8,40
7,4871,0.3562500000,3,114,0,8,40
9,4872,0.7343750000,9,235,1,8,40
2,4873,0.5500000000,2,176,1,8,40
9,4874,0.7656250000,9,245,1,8,40
1,4875,0.9406250000,1,301,1,8,40
3,4876,0.7312500000,3,234,1,8,40
6,4877,0.9812500000,6,314,1,8,40
7,4878,0.7500000000,7,240,1,8,40
6,4879,0.9687500000,6,310,1,8,40
0,4880,0.3906250000,7,125,0,8,40
8,4881,0.9656250000,8,309,1,8,40
6,4882,0.9625000000,6,308,1,8,40
2,4883,0.6437500000,2,206,1,8,40
4,4884,0.6906250000,4,221,1,8,40
2,4885,0.6687500000,2,214,1,8,40
3,4886,0.9875000000,3,316,1,8,40
5,4887,0.6125000000,5,196,1,8,40
5,4888,0.6468750000,5,207,1,8,40
4,4889,0.5656250000,7,181,0,8,40
1,4890,0.9781250000,1,313,1,8,40
6,4891,0.9750000000,6,312,1,8,40
7,4892,0.8468750000,4,271,0,8,40
1,4893,0.9500000000,1,304,1,8,40
6,4894,0.5906250000,6,189,1,8,40
1,4895,0.9843750000,1,315,1,8,40
7,4896,0.9218750000,7,295,1,8,40
1,4897,0.7281250000,1,233,1,8,40
6,4898,0.9468750000,6,303,1,8,40
2,4899,0.7500000000,2,240,1,8,40
3,4900,0.5375000000,3,172,1,8,40
0,4901,0.9406250000,0,301,1,8,40
4,4902,0.6406250000,4,205,1,8,40
2,4903,0.5593750000,2,179,1,8,40
9,4904,0.9781250000,9,313,1,8,40
7,4905,1.0000000000,7,320,1,8,40
5,4906,0.3937500000,2,126,0,8,40
5,4907,0.4968750000,3,159,0,8,40
6,4908,0.5781250000,6,185,1,8,40
0,4909,0.8625000000,0,276,1,8,40
8,4910,0.4812500000,8,154,1,8,40
8,4911,0.8968750000,8,287,1,8,40
1,4912,0.9750000000,1,312,1,8,40
1,4913,0.7968750000,1,255,1,8,40
3,4914,0.7031250000,3,225,1,8,40
5,4915,0.9843750000,5,315,1,8,40
6,4916,0.7843750000,6,251,1,8,40
5,4917,0.3125000000,2,100,0,8,40
3,4918,0.9906250000,3,317,1,8,40
8,4919,0.9406250000,8,301,1,8,40
7,4920,0.9593750000,7,307,1,8,40
5,4921,0.3187500000,6,102,0,8,40
0,4922,0.7312500000,0,234,1,8,40
7,4923,0.9781250000,7,313,1,8,40
7,4924,0.5531250000,7,177,1,8,40
5,4925,0.4968750000,3,159,0,8,40
7,4926,0.4187500000,7,134,1,8,40
1,4927,0.9437500000,1,302,1,8,40
9,4928,0.9500000000,9,304,1,8,40
9,4929,0.6937500000,1,222,0,8,40
1,4930,0.6218750000,1,199,1,8,40
9,4931,0.4812500000,1,154,0,8,40
9,4932,0.7843750000,9,251,1,8,40
3,4933,0.5375000000,3,172,1,8,40
5,4934,0.7781250000,5,249,1,8,40
5,4935,0.9312500000,5,298,1,8,40
3,4936,0.6250000000,3,200,1,8,40
0,4937,0.8687500000,0,278,1,8,40
3,4938,0.6500000000,9,208,0,8,40
0,4939,0.8187500000,0,262,1,8,40
6,4940,0.8937500000,6,286,1,8,40
6,4941,0.5718750000,3,183,0,8,40
5,4942,0.7781250000,0,249,0,8,40
6,4943,0.5125000000,6,164,1,8,40
8,4944,0.9375000000,8,300,1,8,40
9,4945,0.5281250000,1,169,0,8,40
4,4946,0.5718750000,6,183,0,8,40
5,4947,0.4593750000,6,147,0,8,40
1,4948,0.9750000000,1,312,1,8,40
1,4949,0.9781250000,1,313,1,8,40
2,4950,0.9531250000,2,305,1,8,40
7,4951,0.5406250000,7,173,1,8,40
9,4952,0.6062500000,9,194,1,8,40
0,4953,0.9875000000,0,316,1,8,40
1,4954,0.3062500000,1,98,1,8,40
2,4955,0.6156250000,8,197,0,8,40
5,4956,0.8031250000,5,257,1,8,40
4,4957,0.8906250000,4,285,1,8,40
4,4958,0.7750000000,4,248,1,8,40
7,4959,0.9125000000,7,292,1,8,40
4,4960,0.7593750000,4,243,1,8,40
8,4961,0.9875000000,8,316,1,8,40
3,4962,0.5687500000,3,182,1,8,40
3,4963,0.6656250000,3,213,1,8,40
5,4964,0.3687500000,2,118,0,8,40
3,4965,0.2156250000,4,69,0,8,40
5,4966,0.8062500000,5,258,1,8,40
7,4967,0.2968750000,0,95,0,8,40
0,4968,0.9468750000,0,303,1,8,40
1,4969,0.9562500000,1,306,1,8,40
2,4970,0.5093750000,2,163,1,8,40
9,4971,0.9750000000,9,312,1,8,40
8,4972,0.6906250000,8,221,1,8,40
1,4973,0.4625000000,9,148,0,8,40
7,4974,0.4875000000,3,156,0,8,40
3,4975,0.8000000000,3,256,1,8,40
5,4976,0.9093750000,5,291,1,8,40
9,4977,0.9406250000,9,301,1,8,40
1,4978,0.8906250000,1,285,1,8,40
9,4979,0.6687500000,9,214,1,8,40
1,4980,0.5437500000,1,174,1,8,40
1,4981,0.3968750000,0,127,0,8,40
3,4982,0.6031250000,5,193,0,8,40
6,4983,0.4593750000,6,147,1,8,40
7,4984,0.5718750000,3,183,0,8,40
4,4985,0.5562500000,2,178,0,8,40
8,4986,0.4843750000,9,155,0,8,40
3,4987,0.8625000000,3,276,1,8,40
5,4988,0.8500000000,5,272,1,8,40
6,4989,0.9875000000,6,316,1,8,40
7,4990,0.5812500000,7,186,1,8,40
0,4991,0.8468750000,0,271,1,8,40
1,4992,0.9718750000,1,311,1,8,40
7,4993,0.2906250000,7,93,1,8,40
7,4994,0.9843750000,7,315,1,8,40
2,4995,0.8093750000,3,259,0,8,40
3,4996,0.5625000000,5,180,0,8,40
3,4997,0.5218750000,3,167,1,8,40
5,4998,0.6375000000,5,204,1,8,40
1,4999,0.9843750000,1,315,1,8,40
7,5000,0.9968750000,7,319,1,8,40
6,5001,0.9968750000,6,319,1,8,40
8,5002,0.7343750000,8,235,1,8,40
4,5003,0.7625000000,4,244,1,8,40
4,5004,0.8937500000,4,286,1,8,40
5,5005,0.5375000000,5,172,1,8,40
7,5006,0.4781250000,4,153,0,8,40
3,5007,0.9062500000,3,290,1,8,40
4,5008,0.9343750000,4,299,1,8,40
7,5009,0.5281250000,2,169,0,8,40
7,5010,0.9656250000,7,309,1,8,40
3,5011,0.3250000000,5,104,0,8,40
6,5012,0.8031250000,6,257,1,8,40
0,5013,0.5718750000,0,183,1,8,40
7,5014,0.8125000000,7,260,1,8,40
2,5015,0.9312500000,2,298,1,8,40
6,5016,0.6218750000,6,199,1,8,40
7,5017,0.6312500000,7,202,1,8,40
4,5018,0.4156250000,2,133,0,8,40
1,5019,0.9843750000,1,315,1,8,40
8,5020,0.7500000000,8,240,1,8,40
0,5021,0.9500000000,0,304,1,8,40
2,5022,0.9437500000,2,302,1,8,40
2,5023,0.2843750000,4,91,0,8,40
1,5024,0.7625000000,1,244,1,8,40
5,5025,0.5718750000,5,183,1,8,40
4,5026,0.8593750000,4,275,1,8,40
0,5027,0.9250000000,0,296,1,8,40
9,5028,0.6562500000,9,210,1,8,40
3,5029,0.3937500000,3,126,1,8,40
4,5030,0.5750000000,4,184,1,8,40
4,5031,0.7625000000,0,244,0,8,40
2,5032,0.9187500000,2,294,1,8,40
3,5033,0.6187500000,3,198,1,8,40
8,5034,0.4468750000,0,143,0,8,40
5,5035,0.8968750000,5,287,1,8,40
0,5036,0.9812500000,0,314,1,8,40
0,5037,0.3968750000,0,127,1,8,40
4,5038,0.8312500000,4,266,1,8,40
6,5039,0.9812500000,6,314,1,8,40
3,5040,0.6875000000,3,220,1,8,40
9,5041,0.7906250000,9,253,1,8,40
2,5042,0.7906250000,2,253,1,8,40
0,5043,0.9468750000,0,303,1,8,40
5,5044,0.8406250000,5,269,1,8,40
7,5045,0.8406250000,7,269,1,8,40
5,5046,0.5187500000,5,166,1,8,40
5,5047,0.9062500000,5,290,1,8,40
1,5048,0.6687500000,1,214,1,8,40
7,5049,0.9312500000,7,298,1,8,40
3,5050,0.5093750000,5,163,0,8,40
1,5051,0.8531250000,1,273,1,8,40
6,5052,0.5625000000,6,180,1,8,40
7,5053,0.3531250000,3,113,0,8,40
9,5054,1.0000000000,9,320,1,8,40
0,5055,0.9750000000,0,312,1,8,40
1,5056,0.3250000000,9,104,0,8,40
2,5057,0.6843750000,2,219,1,8,40
1,5058,0.8031250000,1,257,1,8,40
4,5059,0.9406250000,4,301,1,8,40
6,5060,0.7312500000,6,234,1,8,40
1,5061,0.5062500000,1,162,1,8,40
5,5062,0.8812500000,5,282,1,8,40
9,5063,0.5593750000,9,179,1,8,40
5,5064,0.9812500000,5,314,1,8,40
0,5065,0.9062500000,0,290,1,8,40
4,5066,0.8562500000,4,274,1,8,40
9,5067,0.5625000000,1,180,0,8,40
4,5068,0.4406250000,2,141,0,8,40
9,5069,0.7437500000,9,238,1,8,40
7,5070,0.5875000000,3,188,0,8,40
1,5071,0.3375000000,1,108,1,8,40
6,5072,0.4406250000,6,141,1,8,40
8,5073,0.8125000000,8,260,1,8,40
0,5074,0.6625000000,0,212,1,8,40
6,5075,0.3812500000,6,122,1,8,40
5,5076,0.8562500000,5,274,1,8,40
0,5077,0.5625000000,0,180,1,8,40
8,5078,0.9625000000,8,308,1,8,40
1,5079,0.9343750000,1,299,1,8,40
7,5080,0.9531250000,7,305,1,8,40
5,5081,0.8093750000,5,259,1,8,40
6,5082,0.9312500000,6,298,1,8,40
9,5083,0.8687500000,9,278,1,8,40
3,5084,0.7000000000,3,224,1,8,40
2,5085,0.3687500000,2,118,1,8,40
3,5086,0.4531250000,4,145,0,8,40
9,5087,0.9375000000,9,300,1,8,40
8,5088,0.6625000000,5,212,0,8,40
6,5089,0.7625000000,6,244,1,8,40
1,5090,0.5656250000,1,181,1,8,40
0,5091,0.9312500000,0,298,1,8,40
9,5092,0.9218750000,9,295,1,8,40
0,5093,0.5468750000,0,175,1,8,40
9,5094,0.8406250000,9,269,1,8,40
8,5095,0.8062500000,8,258,1,8,40
7,5096,0.4906250000,7,157,1,8,40
7,5097,0.4812500000,3,154,0,8,40
5,5098,0.5218750000,9,167,0,8,40
2,5099,0.3687500000,3,118,0,8,40
3,5100,0.7500000000,3,240,1,8,40
5,5101,0.9125000000,5,292,1,8,40
5,5102,0.3656250000,4,117,0,8,40
7,5103,0.4343750000,7,139,1,8,40
8,5104,0.8156250000,8,261,1,8,40
7,5105,0.7125000000,7,228,1,8,40
6,5106,0.5062500000,5,162,0,8,40
9,5107,0.7968750000,9,255,1,8,40
1,5108,0.7750000000,1,248,1,8,40
9,5109,0.7906250000,9,253,1,8,40
8,5110,0.9125000000,8,292,1,8,40
6,5111,0.8812500000,6,282,1,8,40
5,5112,0.3593750000,5,115,1,8,40
6,5113,0.6406250000,6,205,1,8,40
7,5114,0.9781250000,7,313,1,8,40
5,5115,0.7687500000,5,246,1,8,40
6,5116,0.7843750000,6,251,1,8,40
7,5117,0.6375000000,7,204,1,8,40
2,5118,0.7375000000,2,236,1,8,40
5,5119,0.5343750000,5,171,1,8,40
9,5120,0.5312500000,9,170,1,8,40
6,5121,0.9500000000,6,304,1,8,40
6,5122,0.8343750000,6,267,1,8,40
7,5123,0.8312500000,7,266,1,8,40
0,5124,0.9843750000,0,315,1,8,40
1,5125,0.6906250000,1,221,1,8,40
0,5126,0.8968750000,0,287,1,8,40
1,5127,0.5625000000,1,180,1,8,40
3,5128,0.5062500000,4,162,0,8,40
2,5129,0.3968750000,6,127,0,8,40
5,5130,0.3343750000,4,107,0,8,40
6,5131,0.9000000000,6,288,1,8,40
1,5132,0.9312500000,1,298,1,8,40
2,5133,0.9750000000,2,312,1,8,40
5,5134,0.5593750000,6,179,0,8,40
1,5135,0.9781250000,1,313,1,8,40
9,5136,0.9281250000,9,297,1,8,40
9,5137,0.9500000000,9,304,1,8,40
8,5138,0.9843750000,8,315,1,8,40
6,5139,0.7218750000,6,231,1,8,40
8,5140,0.9562500000,8,306,1,8,40
6,5141,0.3843750000,3,123,0,8,40
8,5142,0.9625000000,8,308,1,8,40
9,5143,0.9750000000,9,312,1,8,40
0,5144,0.4156250000,9,133,0,8,40
4,5145,0.9343750000,4,299,1,8,40
0,5146,0.6312500000,0,202,1,8,40
3,5147,0.8375000000,3,268,1,8,40
3,5148,0.7312500000,3,234,1,8,40
6,5149,0.9812500000,6,314,1,8,40
4,5150,0.9156250000,4,293,1,8,40
9,5151,0.3656250000,3,117,0,8,40
9,5152,0.6281250000,9,201,1,8,40
7,5153,0.8437500000,7,270,1,8,40
2,5154,0.2687500000,6,86,0,8,40
3,5155,0.6281250000,5,201,0,8,40
5,5156,0.6187500000,8,198,0,8,40
6,5157,0.9968750000,6,319,1,8,40
4,5158,0.8437500000,4,270,1,8,40
6,5159,0.5531250000,6,177,1,8,40
0,5160,0.9656250000,0,309,1,8,40
3,5161,0.9687500000,3,310,1,8,40
7,5162,0.4562500000,3,146,0,8,40
5,5163,0.5906250000,3,189,0,8,40
0,5164,0.9093750000,0,291,1,8,40
2,5165,0.9750000000,2,312,1,8,40
9,5166,0.4937500000,7,158,0,8,40
2,5167,0.8968750000,2,287,1,8,40
7,5168,0.9781250000,7,313,1,8,40
2,5169,0.8000000000,2,256,1,8,40
9,5170,0.9468750000,9,303,1,8,40
2,5171,0.9093750000,2,291,1,8,40
4,5172,0.6562500000,4,210,1,8,40
0,5173,0.9437500000,0,302,1,8,40
6,5174,0.8843750000,6,283,1,8,40
6,5175,0.9218750000,6,295,1,8,40
3,5176,0.5125000000,9,164,0,8,40
4,5177,0.6625000000,4,212,1,8,40
5,5178,0.9156250000,5,293,1,8,40
5,5179,0.6281250000,5,201,1,8,40
9,5180,0.6687500000,9,214,1,8,40
1,5181,0.9718750000,1,311,1,8,40
1,5182,0.4937500000,1,158,1,8,40
4,5183,0.4781250000,2,153,0,8,40
4,5184,0.5156250000,6,165,0,8,40
3,5185,0.4312500000,3,138,1,8,40
5,5186,0.6187500000,5,198,1,8,40
4,5187,0.8125000000,4,260,1,8,40
8,5188,0.8343750000,8,267,1,8,40
0,5189,0.8531250000,0,273,1,8,40
0,5190,0.9218750000,0,295,1,8,40
3,5191,0.6187500000,3,198,1,8,40
9,5192,0.6875000000,1,220,0,8,40
4,5193,0.4593750000,3,147,0,8,40
7,5194,0.8031250000,7,257,1,8,40
4,5195,0.5031250000,4,161,1,8,40
2,5196,0.9281250000,2,297,1,8,40
8,5197,0.4781250000,8,153,1,8,40
3,5198,0.5531250000,3,177,1,8,40
6,5199,0.8875000000,6,284,1,8,40
3,5200,0.6468750000,3,207,1,8,40
1,5201,0.8937500000,1,286,1,8,40
9,5202,0.5500000000,9,176,1,8,40
6,5203,0.4593750000,3,147,0,8,40
3,5204,0.6718750000,3,215,1,8,40
8,5205,0.7437500000,8,238,1,8,40
3,5206,0.4312500000,3,138,1,8,40
8,5207,0.3468750000,8,111,1,8,40
4,5208,0.9656250000,4,309,1,8,40
7,5209,0.9843750000,7,315,1,8,40
5,5210,0.5625000000,5,180,1,8,40
7,5211,0.2968750000,5,95,0,8,40
5,5212,0.4875000000,3,156,0,8,40
3,5213,0.3031250000,7,97,0,8,40
1,5214,0.5687500000,9,182,0,8,40
2,5215,0.4843750000,2,155,1,8,40
6,5216,0.9281250000,6,297,1,8,40
1,5217,0.9687500000,1,310,1,8,40
3,5218,0.5562500000,2,178,0,8,40
2,5219,0.7031250000,2,225,1,8,40
0,5220,0.8531250000,0,273,1,8,40
7,5221,0.9531250000,7,305,1,8,40
5,5222,0.8750000000,5,280,1,8,40
0,5223,0.9937500000,0,318,1,8,40
0,5224,0.8437500000,0,270,1,8,40
0,5225,0.9562500000,0,306,1,8,40
1,5226,0.9750000000,1,312,1,8,40
4,5227,0.3906250000,6,125,0,8,40
3,5228,0.7437500000,3,238,1,8,40
5,5229,0.4718750000,7,151,0,8,40
8,5230,0.7031250000,8,225,1,8,40
4,5231,0.7718750000,4,247,1,8,40
3,5232,0.8125000000,3,260,1,8,40
1,5233,0.5843750000,1,187,1,8,40
7,5234,0.8281250000,7,265,1,8,40
1,5235,0.5437500000,6,174,0,8,40
0,5236,0.8125000000,0,260,1,8,40
4,5237,0.7218750000,4,231,1,8,40
2,5238,0.8000000000,0,256,0,8,40
4,5239,0.5718750000,4,183,1,8,40
1,5240,0.6781250000,1,217,1,8,40
4,5241,0.6093750000,6,195,0,8,40
0,5242,0.8218750000,0,263,1,8,40
1,5243,0.9687500000,1,310,1,8,40
2,5244,0.8843750000,2,283,1,8,40
1,5245,0.9750000000,1,312,1,8,40
7,5246,0.8968750000,7,287,1,8,40
7,5247,0.8125000000,7,260,1,8,40
9,5248,0.9781250000,9,313,1,8,40
8,5249,0.9562500000,8,306,1,8,40
7,5250,0.5562500000,7,178,1,8,40
5,5251,0.7593750000,5,243,1,8,40
4,5252,0.8093750000,4,259,1,8,40
0,5253,0.9468750000,0,303,1,8,40
9,5254,0.9625000000,9,308,1,8,40
0,5255,0.9718750000,0,311,1,8,40
0,5256,0.9718750000,0,311,1,8,40
8,5257,0.8531250000,8,273,1,8,40
2,5258,0.7531250000,2,241,1,8,40
0,5259,0.9375000000,0,300,1,8,40
0,5260,0.9718750000,0,311,1,8,40
2,5261,0.4500000000,7,144,0,8,40
4,5262,0.7906250000,4,253,1,8,40
8,5263,0.9562500000,8,306,1,8,40
6,5264,0.9937500000,6,318,1,8,40
2,5265,0.7093750000,2,227,1,8,40
4,5266,0.8250000000,4,264,1,8,40
6,5267,0.8468750000,6,271,1,8,40
3,5268,0.7062500000,3,226,1,8,40
5,5269,0.7812500000,5,250,1,8,40
1,5270,0.9656250000,1,309,1,8,40
5,5271,0.5625000000,5,180,1,8,40
3,5272,0.3750000000,5,120,0,8,40
7,5273,0.6000000000,7,192,1,8,40
2,5274,0.8468750000,2,271,1,8,40
2,5275,0.8562500000,2,274,1,8,40
9,5276,0.7906250000,9,253,1,8,40
8,5277,0.7031250000,8,225,1,8,40
0,5278,0.7000000000,0,224,1,8,40
0,5279,0.3906250000,0,125,1,8,40
0,5280,0.4062500000,9,130,0,8,40
3,5281,0.4781250000,6,153,0,8,40
4,5282,0.9281250000,4,297,1,8,40
4,5283,0.7093750000,2,227,0,8,40
6,5284,0.9218750000,6,295,1,8,40
1,5285,0.9437500000,1,302,1,8,40
6,5286,0.8875000000,6,284,1,8,40
7,5287,0.5843750000,7,187,1,8,40
4,5288,0.9468750000,4,303,1,8,40
4,5289,0.5375000000,4,172,1,8,40
3,5290,0.5593750000,5,179,0,8,40
9,5291,0.9593750000,9,307,1,8,40
4,5292,0.5093750000,4,163,1,8,40
0,5293,0.9250000000,0,296,1,8,40
8,5294,0.8718750000,8,279,1,8,40
0,5295,0.8156250000,0,261,1,8,40
4,5296,0.7718750000,4,247,1,8,40
6,5297,0.3625000000,6,116,1,8,40
5,5298,0.4687500000,5,150,1,8,40
7,5299,0.9687500000,7,310,1,8,40
9,5300,0.8500000000,9,272,1,8,40
7,5301,0.8718750000,7,279,1,8,40
0,5302,0.8562500000,0,274,1,8,40
5,5303,0.7656250000,5,245,1,8,40
7,5304,0.6281250000,7,201,1,8,40
7,5305,0.8125000000,7,260,1,8,40
3,5306,0.8000000000,3,256,1,8,40
1,5307,0.9375000000,1,300,1,8,40
9,5308,0.8562500000,9,274,1,8,40
3,5309,0.5437500000,3,174,1,8,40
0,5310,0.7281250000,0,233,1,8,40
9,5311,0.4562500000,5,146,0,8,40
5,5312,0.9968750000,5,319,1,8,40
3,5313,0.4687500000,3,150,1,8,40
7,5314,0.3406250000,6,109,0,8,40
9,5315,0.9500000000,9,304,1,8,40
4,5316,0.8687500000,4,278,1,8,40
4,5317,0.9343750000,4,299,1,8,40
1,5318,0.5218750000,0,167,0,8,40
7,5319,0.8281250000,7,265,1,8,40
7,5320,0.7500000000,7,240,1,8,40
1,5321,0.8656250000,1,277,1,8,40
4,5322,0.8406250000,4,269,1,8,40
1,5323,0.9843750000,1,315,1,8,40
2,5324,0.3593750000,9,115,0,8,40
8,5325,0.8500000000,8,272,1,8,40
7,5326,0.9312500000,7,298,1,8,40
0,5327,0.4906250000,0,157,1,8,40
0,5328,0.3531250000,0,113,1,8,40
4,5329,0.3937500000,4,126,1,8,40
7,5330,0.4750000000,6,152,0,8,40
2,5331,0.9093750000,2,291,1,8,40
9,5332,0.9593750000,9,307,1,8,40
7,5333,0.9593750000,7,307,1,8,40
6,5334,0.5218750000,6,167,1,8,40
9,5335,0.7875000000,1,252,0,8,40
3,5336,0.8687500000,3,278,1,8,40
5,5337,0.5968750000,5,191,1,8,40
8,5338,0.8718750000,8,279,1,8,40
0,5339,0.7500000000,0,240,1,8,40
3,5340,0.7937500000,4,254,0,8,40
6,5341,0.8031250000,6,257,1,8,40
8,5342,0.6218750000,8,199,1,8,40
3,5343,0.5562500000,3,178,1,8,40
2,5344,0.4062500000,4,130,0,8,40
4,5345,0.6156250000,4,197,1,8,40
7,5346,0.5156250000,7,165,1,8,40
1,5347,0.9125000000,1,292,1,8,40
1,5348,0.9156250000,1,293,1,8,40
3,5349,0.7125000000,3,228,1,8,40
9,5350,0.7062500000,9,226,1,8,40
7,5351,0.7656250000,7,245,1,8,40
5,5352,0.3718750000,3,119,0,8,40
1,5353,0.9687500000,1,310,1,8,40
0,5354,0.5687500000,8,182,0,8,40
8,5355,0.9500000000,8,304,1,8,40
7,5356,0.8750000000,7,280,1,8,40
0,5357,0.9187500000,0,294,1,8,40
1,5358,0.4000000000,1,128,1,8,40
6,5359,0.9187500000,6,294,1,8,40
9,5360,0.9687500000,9,310,1,8,40
3,5361,0.4656250000,3,149,1,8,40
2,5362,0.7625000000,2,244,1,8,40
7,5363,0.8718750000,7,279,1,8,40
7,5364,0.6718750000,7,215,1,8,40
8,5365,0.7187500000,8,230,1,8,40
1,5366,0.4156250000,9,133,0,8,40
0,5367,0.4562500000,0,146,1,8,40
3,5368,0.7406250000,3,237,1,8,40
4,5369,0.7500000000,2,240,0,8,40
6,5370,0.4656250000,6,149,1,8,40
7,5371,0.7218750000,7,231,1,8,40
5,5372,0.7031250000,8,225,0,8,40
2,5373,0.7812500000,2,250,1,8,40
0,5374,0.8687500000,0,278,1,8,40
1,5375,0.8968750000,1,287,1,8,40
5,5376,0.7093750000,5,227,1,8,40
5,5377,0.3843750000,3,123,0,8,40
1,5378,0.3531250000,1,113,1,8,40
4,5379,0.4093750000,3,131,0,8,40
1,5380,0.5656250000,9,181,0,8,40
3,5381,0.8156250000,3,261,1,8,40
0,5382,0.9656250000,0,309,1,8,40
8,5383,0.9812500000,8,314,1,8,40
6,5384,0.9906250000,6,317,1,8,40
2,5385,0.5781250000,3,185,0,8,40
1,5386,0.8625000000,1,276,1,8,40
3,5387,0.6718750000,6,215,0,8,40
6,5388,0.4531250000,6,145,1,8,40
4,5389,0.9062500000,4,290,1,8,40
1,5390,0.9812500000,1,314,1,8,40
9,5391,0.9187500000,9,294,1,8,40
0,5392,0.5656250000,0,181,1,8,40
4,5393,0.3906250000,4,125,1,8,40
1,5394,0.9593750000,1,307,1,8,40
0,5395,0.8312500000,0,266,1,8,40
1,5396,0.4625000000,1,148,1,8,40
9,5397,0.5375000000,9,172,1,8,40
8,5398,0.6562500000,8,210,1,8,40
6,5399,0.5656250000,3,181,0,8,40
9,5400,0.8281250000,9,265,1,8,40
2,5401,0.4875000000,0,156,0,8,40
4,5402,0.8843750000,4,283,1,8,40
7,5403,0.9656250000,7,309,1,8,40
2,5404,0.3875000000,6,124,0,8,40
2,5405,0.8843750000,0,283,0,8,40
7,5406,0.8468750000,7,271,1,8,40
4,5407,0.6968750000,4,223,1,8,40
9,5408,0.6875000000,0,220,0,8,40
1,5409,0.9906250000,1,317,1,8,40
3,5410,0.6906250000,7,221,0,8,40
2,5411,0.5312500000,6,170,0,8,40
6,5412,0.9843750000,6,315,1,8,40
3,5413,0.6500000000,5,208,0,8,40
4,5414,0.9593750000,4,307,1,8,40
4,5415,0.8781250000,4,281,1,8,40
9,5416,0.9468750000,1,303,0,8,40
4,5417,0.4468750000,4,143,1,8,40
8,5418,0.9437500000,8,302,1,8,40
2,5419,0.6093750000,2,195,1,8,40
6,5420,0.9750000000,6,312,1,8,40
6,5421,0.8375000000,6,268,1,8,40
1,5422,0.9562500000,1,306,1,8,40
6,5423,0.9937500000,6,318,1,8,40
3,5424,0.4375000000,5,140,0,8,40
6,5425,0.4562500000,6,146,1,8,40
5,5426,0.7812500000,3,250,0,8,40
8,5427,0.9062500000,8,290,1,8,40
4,5428,0.6500000000,6,208,0,8,40
6,5429,0.9937500000,6,318,1,8,40
7,5430,0.9062500000,7,290,1,8,40
1,5431,0.9781250000,1,313,1,8,40
9,5432,0.6312500000,9,202,1,8,40
3,5433,0.7500000000,5,240,0,8,40
6,5434,0.8000000000,6,256,1,8,40
7,5435,0.7500000000,4,240,0,8,40
6,5436,0.6250000000,6,200,1,8,40
0,5437,0.9093750000,0,291,1,8,40
7,5438,0.5812500000,4,186,0,8,40
1,5439,0.9968750000,1,319,1,8,40
9,5440,0.9531250000,9,305,1,8,40
5,5441,0.7625000000,3,244,0,8,40
2,5442,0.6187500000,2,198,1,8,40
6,5443,0.6562500000,6,210,1,8,40
7,5444,0.4812500000,7,154,1,8,40
7,5445,0.9312500000,7,298,1,8,40
6,5446,0.5312500000,6,170,1,8,40
5,5447,0.8687500000,5,278,1,8,40
9,5448,0.9093750000,9,291,1,8,40
1,5449,0.9718750000,1,311,1,8,40
5,5450,0.5718750000,3,183,0,8,40
6,5451,0.9906250000,6,317,1,8,40
0,5452,0.9718750000,0,311,1,8,40
2,5453,0.9000000000,2,288,1,8,40
0,5454,0.8125000000,0,260,1,8,40
9,5455,0.3437500000,1,110,0,8,40
1,5456,0.5187500000,1,166,1,8,40
8,5457,0.9843750000,8,315,1,8,40
3,5458,0.2406250000,6,77,0,8,40
5,5459,0.3531250000,3,113,0,8,40
0,5460,0.5093750000,0,163,1,8,40
0,5461,0.4562500000,0,146,1,8,40
0,5462,0.7468750000,0,239,1,8,40
5,5463,0.9406250000,5,301,1,8,40
7,5464,0.4750000000,7,152,1,8,40
7,5465,0.9031250000,7,289,1,8,40
8,5466,0.6718750000,8,215,1,8,40
5,5467,0.4593750000,5,147,1,8,40
5,5468,0.3625000000,3,116,0,8,40
5,5469,0.8968750000,3,287,0,8,40
1,5470,0.9906250000,1,317,1,8,40
6,5471,0.8687500000,6,278,1,8,40
1,5472,0.9250000000,1,296,1,8,40
5,5473,0.9250000000,5,296,1,8,40
1,5474,0.9656250000,1,309,1,8,40
0,5475,0.9593750000,0,307,1,8,40
6,5476,0.9718750000,6,311,1,8,40
2,5477,0.3937500000,2,126,1,8,40
3,5478,0.9718750000,3,311,1,8,40
2,5479,0.9031250000,2,289,1,8,40
1,5480,0.9031250000,1,289,1,8,40
7,5481,0.5125000000,2,164,0,8,40
5,5482,0.6843750000,5,219,1,8,40
1,5483,0.5468750000,1,175,1,8,40
9,5484,0.9687500000,9,310,1,8,40
8,5485,0.9625000000,8,308,1,8,40
3,5486,0.6593750000,3,211,1,8,40
6,5487,0.3343750000,2,107,0,8,40
9,5488,0.7437500000,9,238,1,8,40
7,5489,0.8375000000,7,268,1,8,40
3,5490,0.6375000000,5,204,0,8,40
0,5491,0.9781250000,0,313,1,8,40
2,5492,0.4843750000,2,155,1,8,40
3,5493,0.6281250000,3,201,1,8,40
9,5494,0.9281250000,9,297,1,8,40
4,5495,0.7000000000,4,224,1,8,40
4,5496,0.4843750000,4,155,1,8,40
3,5497,0.5125000000,3,164,1,8,40
9,5498,0.5000000000,9,160,1,8,40
6,5499,0.9250000000,6,296,1,8,40
8,5500,0.8187500000,8,262,1,8,40
6,5501,0.9718750000,6,311,1,8,40
6,5502,0.9906250000,6,317,1,8,40
8,5503,0.9406250000,8,301,1,8,40
5,5504,0.4625000000,5,148,1,8,40
4,5505,0.8500000000,4,272,1,8,40
3,5506,0.8343750000,4,267,0,8,40
6,5507,0.8843750000,6,283,1,8,40
7,5508,0.7375000000,7,236,1,8,40
7,5509,0.8531250000,7,273,1,8,40
4,5510,0.6187500000,4,198,1,8,40
3,5511,0.9406250000,6,301,0,8,40
9,5512,0.7562500000,9,242,1,8,40
6,5513,0.9468750000,6,303,1,8,40
2,5514,0.8906250000,2,285,1,8,40
4,5515,0.5312500000,4,170,1,8,40
0,5516,0.8093750000,0,259,1,8,40
1,5517,0.6000000000,1,192,1,8,40
3,5518,0.3906250000,3,125,1,8,40
6,5519,0.8687500000,6,278,1,8,40
4,5520,0.3281250000,5,105,0,8,40
9,5521,0.7093750000,9,227,1,8,40
2,5522,0.6187500000,2,198,1,8,40
6,5523,0.9062500000,6,290,1,8,40
0,5524,0.9093750000,0,291,1,8,40
3,5525,0.4406250000,4,141,0,8,40
8,5526,0.9687500000,8,310,1,8,40
7,5527,0.9812500000,7,314,1,8,40
5,5528,0.7562500000,5,242,1,8,40
3,5529,0.6156250000,8,197,0,8,40
3,5530,0.5750000000,3,184,1,8,40
8,5531,0.9531250000,8,305,1,8,40
3,5532,0.5843750000,3,187,1,8,40
2,5533,0.9406250000,2,301,1,8,40
6,5534,0.5593750000,2,179,0,8,40
3,5535,0.7375000000,3,236,1,8,40
6,5536,0.7687500000,6,246,1,8,40
2,5537,0.4062500000,5,130,0,8,40
7,5538,0.6156250000,7,197,1,8,40
4,5539,0.5875000000,3,188,0,8,40
5,5540,0.4406250000,5,141,1,8,40
7,5541,0.9375000000,7,300,1,8,40
9,5542,0.9125000000,9,292,1,8,40
0,5543,0.9218750000,0,295,1,8,40
0,5544,0.4968750000,1,159,0,8,40
6,5545,0.9093750000,6,291,1,8,40
7,5546,0.9375000000,7,300,1,8,40
2,5547,0.5562500000,4,178,0,8,40
8,5548,0.3187500000,4,102,0,8,40
5,5549,0.3843750000,5,123,1,8,40
5,5550,0.7625000000,5,244,1,8,40
7,5551,0.2906250000,7,93,1,8,40
5,5552,0.6718750000,5,215,1,8,40
5,5553,0.9093750000,5,291,1,8,40
9,5554,0.5468750000,9,175,1,8,40
4,5555,0.4968750000,4,159,1,8,40
6,5556,0.5968750000,6,191,1,8,40
4,5557,0.7281250000,4,233,1,8,40
7,5558,0.4375000000,7,140,1,8,40
3,5559,0.9843750000,2,315,0,8,40
3,5560,0.4906250000,5,157,0,8,40
6,5561,0.9656250000,6,309,1,8,40
4,5562,0.6093750000,4,195,1,8,40
1,5563,0.9000000000,1,288,1,8,40
6,5564,0.9125000000,6,292,1,8,40
3,5565,0.6531250000,3,209,1,8,40
1,5566,0.7937500000,1,254,1,8,40
6,5567,0.8593750000,6,275,1,8,40
7,5568,0.9875000000,7,316,1,8,40
0,5569,0.9218750000,0,295,1,8,40
5,5570,0.9500000000,5,304,1,8,40
0,5571,0.4687500000,7,150,0,8,40
1,5572,0.7843750000,1,251,1,8,40
9,5573,0.3062500000,5,98,0,8,40
7,5574,0.9906250000,7,317,1,8,40
3,5575,0.4906250000,5,157,0,8,40
5,5576,0.8187500000,5,262,1,8,40
2,5577,0.7062500000,2,226,1,8,40
3,5578,0.8906250000,3,285,1,8,40
9,5579,0.8468750000,9,271,1,8,40
5,5580,0.4093750000,5,131,1,8,40
6,5581,0.5250000000,6,168,1,8,40
4,5582,0.2968750000,3,95,0,8,40
0,5583,0.9531250000,0,305,1,8,40
0,5584,0.9625000000,0,308,1,8,40
0,5585,0.9093750000,0,291,1,8,40
8,5586,0.5156250000,0,165,0,8,40
0,5587,0.9750000000,0,312,1,8,40
3,5588,0.8093750000,3,259,1,8,40
2,5589,0.8968750000,2,287,1,8,40
4,5590,0.7218750000,4,231,1,8,40
5,5591,0.6593750000,5,211,1,8,40
3,5592,0.8343750000,3,267,1,8,40
7,5593,0.9187500000,7,294,1,8,40
9,5594,0.7906250000,9,253,1,8,40
6,5595,0.9250000000,6,296,1,8,40
9,5596,0.8218750000,9,263,1,8,40
3,5597,0.7031250000,3,225,1,8,40
1,5598,0.8531250000,1,273,1,8,40
2,5599,0.9437500000,2,302,1,8,40
6,5600,0.5687500000,6,182,1,8,40
7,5601,0.9500000000,7,304,1,8,40
4,5602,0.9343750000,4,299,1,8,40
5,5603,0.3562500000,5,114,1,8,40
1,5604,0.9937500000,1,318,1,8,40
3,5605,0.7562500000,3,242,1,8,40
7,5606,0.9750000000,7,312,1,8,40
6,5607,0.3875000000,9,124,0,8,40
9,5608,0.9781250000,9,313,1,8,40
5,5609,0.2250000000,5,72,1,8,40
8,5610,0.5968750000,8,191,1,8,40
5,5611,0.3562500000,3,114,0,8,40
8,5612,0.9750000000,8,312,1,8,40
5,5613,0.6781250000,5,217,1,8,40
8,5614,0.9437500000,8,302,1,8,40
5,5615,0.8625000000,5,276,1,8,40
6,5616,0.9218750000,6,295,1,8,40
5,5617,0.7968750000,5,255,1,8,40
0,5618,0.5000000000,0,160,1,8,40
8,5619,0.9125000000,8,292,1,8,40
3,5620,0.3468750000,2,111,0,8,40
8,5621,0.6656250000,9,213,0,8,40
1,5622,0.9468750000,1,303,1,8,40
8,5623,0.9187500000,8,294,1,8,40
1,5624,0.9750000000,1,312,1,8,40
5,5625,0.7843750000,5,251,1,8,40
0,5626,0.3406250000,0,109,1,8,40
9,5627,0.9218750000,9,295,1,8,40
8,5628,0.9750000000,1,312,0,8,40
6,5629,0.6031250000,6,193,1,8,40
3,5630,0.3750000000,4,120,0,8,40
6,5631,0.7218750000,6,231,1,8,40
3,5632,0.4031250000,3,129,1,8,40
4,5633,0.7875000000,4,252,1,8,40
4,5634,0.3750000000,3,120,0,8,40
7,5635,0.9750000000,7,312,1,8,40
4,5636,0.8781250000,4,281,1,8,40
7,5637,0.9437500000,7,302,1,8,40
4,5638,0.8593750000,4,275,1,8,40
3,5639,0.2750000000,2,88,0,8,40
2,5640,0.4000000000,3,128,0,8,40
4,5641,0.7625000000,4,244,1,8,40
5,5642,0.4750000000,4,152,0,8,40
5,5643,0.7468750000,5,239,1,8,40
7,5644,0.8593750000,7,275,1,8,40
5,5645,0.8375000000,3,268,0,8,40
4,5646,0.5468750000,8,175,0,8,40
5,5647,0.6343750000,5,203,1,8,40
8,5648,0.7812500000,8,250,1,8,40
0,5649,0.4281250000,6,137,0,8,40
5,5650,0.2812500000,7,90,0,8,40
4,5651,0.9062500000,4,290,1,8,40
0,5652,0.9187500000,0,294,1,8,40
5,5653,0.9468750000,5,303,1,8,40
4,5654,0.3437500000,7,110,0,8,40
3,5655,0.5718750000,3,183,1,8,40
3,5656,0.2281250000,5,73,0,8,40
2,5657,0.7781250000,2,249,1,8,40
4,5658,0.5187500000,7,166,0,8,40
2,5659,0.4593750000,4,147,0,8,40
9,5660,0.8843750000,9,283,1,8,40
4,5661,0.5093750000,7,163,0,8,40
8,5662,0.4562500000,8,146,1,8,40
8,5663,0.9187500000,8,294,1,8,40
6,5664,0.9531250000,6,305,1,8,40
2,5665,0.6156250000,0,197,0,8,40
6,5666,0.9625000000,6,308,1,8,40
1,5667,0.8968750000,1,287,1,8,40
7,5668,0.9937500000,7,318,1,8,40
0,5669,0.7593750000,0,243,1,8,40
4,5670,0.4875000000,4,156,1,8,40
3,5671,0.7937500000,3,254,1,8,40
8,5672,0.8531250000,8,273,1,8,40
5,5673,0.5750000000,7,184,0,8,40
9,5674,0.7625000000,9,244,1,8,40
7,5675,0.8343750000,7,267,1,8,40
6,5676,0.4937500000,3,158,0,8,40
7,5677,0.3906250000,7,125,1,8,40
1,5678,0.8125000000,1,260,1,8,40
0,5679,0.6437500000,0,206,1,8,40
2,5680,0.3312500000,5,106,0,8,40
3,5681,0.6687500000,3,214,1,8,40
5,5682,0.3218750000,3,103,0,8,40
6,5683,0.9750000000,6,312,1,8,40
7,5684,0.5625000000,4,180,0,8,40
1,5685,0.8906250000,1,285,1,8,40
6,5686,0.8968750000,6,287,1,8,40
2,5687,0.7843750000,2,251,1,8,40
8,5688,0.9437500000,8,302,1,8,40
3,5689,0.9250000000,3,296,1,8,40
7,5690,0.7968750000,7,255,1,8,40
2,5691,0.9500000000,2,304,1,8,40
5,5692,0.8406250000,5,269,1,8,40
7,5693,0.9406250000,7,301,1,8,40
5,5694,0.8437500000,5,270,1,8,40
7,5695,0.9843750000,7,315,1,8,40
7,5696,0.6250000000,7,200,1,8,40
1,5697,0.9000000000,1,288,1,8,40
7,5698,0.6281250000,7,201,1,8,40
4,5699,0.9687500000,4,310,1,8,40
3,5700,0.4343750000,3,139,1,8,40
3,5701,0.7718750000,3,247,1,8,40
4,5702,0.7937500000,4,254,1,8,40
0,5703,0.8375000000,0,268,1,8,40
4,5704,0.9437500000,4,302,1,8,40
2,5705,0.9562500000,2,306,1,8,40
7,5706,0.9843750000,7,315,1,8,40
0,5707,0.9468750000,0,303,1,8,40
2,5708,0.5468750000,5,175,0,8,40
2,5709,0.4125000000,2,132,1,8,40
6,5710,0.7375000000,6,236,1,8,40
6,5711,0.7968750000,6,255,1,8,40
2,5712,0.9375000000,2,300,1,8,40
5,5713,0.9718750000,5,311,1,8,40
2,5714,0.3468750000,2,111,1,8,40
6,5715,0.9875000000,6,316,1,8,40
0,5716,0.5468750000,2,175,0,8,40
6,5717,0.6125000000,6,196,1,8,40
1,5718,0.7531250000,1,241,1,8,40
2,5719,0.5656250000,5,181,0,8,40
9,5720,0.9843750000,9,315,1,8,40
0,5721,0.6593750000,0,211,1,8,40
0,5722,0.6250000000,0,200,1,8,40
1,5723,0.9812500000,1,314,1,8,40
5,5724,0.8187500000,5,262,1,8,40
5,5725,0.7125000000,3,228,0,8,40
1,5726,0.9406250000,1,301,1,8,40
6,5727,0.9656250000,6,309,1,8,40
7,5728,0.9906250000,7,317,1,8,40
8,5729,0.5468750000,8,175,1,8,40
5,5730,0.3187500000,2,102,0,8,40
6,5731,0.9281250000,6,297,1,8,40
3,5732,0.9500000000,3,304,1,8,40
3,5733,0.8687500000,3,278,1,8,40
6,5734,0.8968750000,6,287,1,8,40
0,5735,0.9468750000,0,303,1,8,40
9,5736,0.3687500000,9,118,1,8,40
9,5737,0.8968750000,9,287,1,8,40
2,5738,0.7281250000,2,233,1,8,40
2,5739,0.7312500000,2,234,1,8,40
6,5740,0.5031250000,6,161,1,8,40
1,5741,0.6250000000,1,200,1,8,40
4,5742,0.7593750000,4,243,1,8,40
6,5743,0.9500000000,6,304,1,8,40
2,5744,0.9375000000,2,300,1,8,40
5,5745,0.5875000000,5,188,1,8,40
7,5746,0.9312500000,7,298,1,8,40
8,5747,0.6687500000,8,214,1,8,40
8,5748,0.9281250000,8,297,1,8,40
5,5749,0.6687500000,3,214,0,8,40
6,5750,0.8843750000,6,283,1,8,40
4,5751,0.4093750000,4,131,1,8,40
3,5752,0.4187500000,3,134,1,8,40
2,5753,0.7812500000,2,250,1,8,40
3,5754,0.9031250000,3,289,1,8,40
4,5755,0.2656250000,2,85,0,8,40
4,5756,0.6468750000,4,207,1,8,40
4,5757,0.8437500000,4,270,1,8,40
8,5758,0.9437500000,8,302,1,8,40
9,5759,0.9343750000,9,299,1,8,40
2,5760,0.9031250000,2,289,1,8,40
6,5761,0.9187500000,6,294,1,8,40
0,5762,0.8531250000,0,273,1,8,40
9,5763,0.7687500000,9,246,1,8,40
7,5764,0.9968750000,7,319,1,8,40
9,5765,0.9781250000,9,313,1,8,40
8,5766,0.9343750000,8,299,1,8,40
7,5767,0.9718750000,7,311,1,8,40
7,5768,0.9625000000,7,308,1,8,40
3,5769,0.7312500000,3,234,1,8,40
8,5770,0.9812500000,8,314,1,8,40
2,5771,0.6343750000,2,203,1,8,40
9,5772,0.9781250000,9,313,1,8,40
3,5773,0.7031250000,3,225,1,8,40
5,5774,0.6312500000,5,202,1,8,40
7,5775,0.7281250000,7,233,1,8,40
5,5776,0.6375000000,5,204,1,8,40
8,5777,0.9718750000,8,311,1,8,40
7,5778,0.9656250000,7,309,1,8,40
3,5779,0.7000000000,3,224,1,8,40
7,5780,0.9906250000,7,317,1,8,40
0,5781,0.3187500000,8,102,0,8,40
7,5782,0.9812500000,7,314,1,8,40
1,5783,0.4281250000,9,137,0,8,40
6,5784,0.9437500000,6,302,1,8,40
2,5785,0.9906250000,2,317,1,8,40
4,5786,0.6062500000,4,194,1,8,40
0,5787,0.3781250000,3,121,0,8,40
0,5788,0.9781250000,0,313,1,8,40
2,5789,0.8906250000,2,285,1,8,40
9,5790,0.8031250000,9,257,1,8,40
8,5791,0.7968750000,8,255,1,8,40
2,5792,0.3625000000,4,116,0,8,40
8,5793,0.9531250000,8,305,1,8,40
7,5794,0.2375000000,7,76,1,8,40
7,5795,0.6468750000,4,207,0,8,40
5,5796,0.5750000000,5,184,1,8,40
5,5797,0.2968750000,5,95,1,8,40
0,5798,0.9468750000,0,303,1,8,40
1,5799,0.9312500000,1,298,1,8,40
2,5800,0.7812500000,2,250,1,8,40
9,5801,0.7218750000,9,231,1,8,40
6,5802,0.8343750000,6,267,1,8,40
1,5803,0.8187500000,1,262,1,8,40
0,5804,0.8968750000,0,287,1,8,40
1,5805,0.8500000000,1,272,1,8,40
0,5806,0.7406250000,0,237,1,8,40
6,5807,0.9593750000,6,307,1,8,40
5,5808,0.6343750000,5,203,1,8,40
0,5809,0.3312500000,3,106,0,8,40
5,5810,0.9718750000,5,311,1,8,40
7,5811,0.8843750000,7,283,1,8,40
4,5812,0.5062500000,3,162,0,8,40
4,5813,0.8531250000,4,273,1,8,40
8,5814,0.4406250000,0,141,0,8,40
3,5815,0.6468750000,3,207,1,8,40
5,5816,0.9218750000,5,295,1,8,40
3,5817,0.3750000000,5,120,0,8,40
7,5818,0.9656250000,7,309,1,8,40
2,5819,0.7750000000,2,248,1,8,40
5,5820,0.7687500000,5,246,1,8,40
8,5821,0.2843750000,8,91,1,8,40
3,5822,0.4625000000,3,148,1,8,40
5,5823,0.8562500000,5,274,1,8,40
7,5824,0.6656250000,7,213,1,8,40
3,5825,0.4906250000,6,157,0,8,40
7,5826,0.5281250000,7,169,1,8,40
0,5827,0.9250000000,0,296,1,8,40
5,5828,0.8656250000,5,277,1,8,40
4,5829,0.9562500000,4,306,1,8,40
5,5830,0.6062500000,6,194,0,8,40
6,5831,0.2875000000,7,92,0,8,40
9,5832,0.8500000000,9,272,1,8,40
3,5833,0.4031250000,3,129,1,8,40
5,5834,0.8750000000,5,280,1,8,40
3,5835,0.2968750000,4,95,0,8,40
8,5836,0.7406250000,8,237,1,8,40
2,5837,0.6343750000,3,203,0,8,40
4,5838,0.6437500000,1,206,0,8,40
2,5839,0.7406250000,6,237,0,8,40
2,5840,0.7250000000,2,232,1,8,40
6,5841,0.9218750000,6,295,1,8,40
7,5842,0.8125000000,7,260,1,8,40
6,5843,0.9281250000,6,297,1,8,40
0,5844,0.9718750000,0,311,1,8,40
5,5845,0.9593750000,5,307,1,8,40
5,5846,0.9062500000,5,290,1,8,40
8,5847,0.9062500000,8,290,1,8,40
4,5848,0.3156250000,5,101,0,8,40
5,5849,0.5437500000,3,174,0,8,40
6,5850,0.4625000000,2,148,0,8,40
1,5851,0.9437500000,1,302,1,8,40
3,5852,0.4500000000,2,144,0,8,40
5,5853,0.8187500000,5,262,1,8,40
4,5854,0.4968750000,4,159,1,8,40
7,5855,0.5187500000,5,166,0,8,40
3,5856,0.9375000000,5,300,0,8,40
0,5857,0.5875000000,0,188,1,8,40
7,5858,0.9875000000,7,316,1,8,40
2,5859,0.9656250000,2,309,1,8,40
0,5860,0.9437500000,0,302,1,8,40
1,5861,0.7531250000,1,241,1,8,40
2,5862,0.4781250000,5,153,0,8,40
4,5863,0.8812500000,4,282,1,8,40
9,5864,0.8312500000,1,266,0,8,40
6,5865,0.8750000000,6,280,1,8,40
4,5866,0.9250000000,4,296,1,8,40
5,5867,0.8468750000,5,271,1,8,40
9,5868,0.5687500000,9,182,1,8,40
7,5869,0.4031250000,7,129,1,8,40
7,5870,0.8437500000,7,270,1,8,40
6,5871,0.3687500000,2,118,0,8,40
7,5872,0.3593750000,7,115,1,8,40
4,5873,0.5718750000,4,183,1,8,40
3,5874,0.4906250000,3,157,1,8,40
1,5875,0.9750000000,1,312,1,8,40
6,5876,0.6562500000,6,210,1,8,40
9,5877,0.9625000000,9,308,1,8,40
4,5878,0.3750000000,4,120,1,8,40
8,5879,0.9031250000,8,289,1,8,40
0,5880,0.9156250000,0,293,1,8,40
3,5881,0.6562500000,5,210,0,8,40
1,5882,0.4156250000,9,133,0,8,40
6,5883,0.5656250000,6,181,1,8,40
4,5884,0.7187500000,4,230,1,8,40
4,5885,0.8875000000,4,284,1,8,40
2,5886,0.3937500000,2,126,1,8,40
1,5887,0.9750000000,1,312,1,8,40
4,5888,0.8593750000,4,275,1,8,40
6,5889,0.7437500000,6,238,1,8,40
3,5890,0.5031250000,3,161,1,8,40
0,5891,0.8843750000,0,283,1,8,40
8,5892,0.8687500000,8,278,1,8,40
9,5893,0.6781250000,0,217,0,8,40
7,5894,0.9093750000,7,291,1,8,40
6,5895,1.0000000000,6,320,1,8,40
8,5896,0.8218750000,9,263,0,8,40
4,5897,0.7781250000,4,249,1,8,40
8,5898,0.8625000000,8,276,1,8,40
1,5899,0.9687500000,1,310,1,8,40
4,5900,0.3000000000,2,96,0,8,40
5,5901,0.5250000000,6,168,0,8,40
9,5902,0.7656250000,9,245,1,8,40
4,5903,0.7468750000,0,239,0,8,40
7,5904,0.5750000000,7,184,1,8,40
1,5905,0.9593750000,1,307,1,8,40
4,5906,0.9375000000,4,300,1,8,40
5,5907,0.4500000000,5,144,1,8,40
3,5908,0.6968750000,7,223,0,8,40
1,5909,0.5031250000,1,161,1,8,40
2,5910,0.4312500000,3,138,0,8,40
6,5911,0.9437500000,6,302,1,8,40
4,5912,0.6500000000,4,208,1,8,40
7,5913,0.9656250000,7,309,1,8,40
1,5914,0.7531250000,1,241,1,8,40
5,5915,0.6750000000,3,216,0,8,40
9,5916,0.6343750000,9,203,1,8,40
3,5917,0.4562500000,4,146,0,8,40
1,5918,0.9656250000,1,309,1,8,40
4,5919,0.5062500000,4,162,1,8,40
8,5920,0.9687500000,8,310,1,8,40
7,5921,0.8250000000,7,264,1,8,40
7,5922,0.9781250000,7,313,1,8,40
0,5923,0.7906250000,1,253,0,8,40
4,5924,0.5156250000,4,165,1,8,40
3,5925,0.2625000000,3,84,1,8,40
4,5926,0.7187500000,4,230,1,8,40
6,5927,0.9062500000,6,290,1,8,40
7,5928,0.7125000000,7,228,1,8,40
7,5929,0.9468750000,7,303,1,8,40
5,5930,0.7343750000,2,235,0,8,40
4,5931,0.7812500000,4,250,1,8,40
4,5932,0.5687500000,4,182,1,8,40
4,5933,0.8562500000,4,274,1,8,40
3,5934,0.5937500000,7,190,0,8,40
6,5935,0.9968750000,6,319,1,8,40
6,5936,0.7593750000,6,243,1,8,40
1,5937,0.9750000000,1,312,1,8,40
9,5938,0.8906250000,9,285,1,8,40
9,5939,0.5781250000,9,185,1,8,40
7,5940,0.2531250000,2,81,0,8,40
9,5941,0.9187500000,9,294,1,8,40
4,5942,0.9562500000,4,306,1,8,40
3,5943,0.4375000000,3,140,1,8,40
2,5944,0.6750000000,2,216,1,8,40
9,5945,0.7343750000,9,235,1,8,40
8,5946,0.6562500000,8,210,1,8,40
5,5947,1.0000000000,5,320,1,8,40
0,5948,0.9031250000,0,289,1,8,40
6,5949,0.9968750000,6,319,1,8,40
9,5950,0.8812500000,9,282,1,8,40
0,5951,0.9687500000,0,310,1,8,40
9,5952,0.8875000000,9,284,1,8,40
7,5953,0.9531250000,7,305,1,8,40
8,5954,0.7968750000,8,255,1,8,40
5,5955,0.4125000000,0,132,0,8,40
4,5956,0.4000000000,7,128,0,8,40
4,5957,0.3531250000,4,113,1,8,40
9,5958,0.8125000000,9,260,1,8,40
4,5959,0.4406250000,8,141,0,8,40
2,5960,0.6968750000,6,223,0,8,40
6,5961,0.9125000000,6,292,1,8,40
6,5962,0.7437500000,6,238,1,8,40
9,5963,0.7281250000,9,233,1,8,40
9,5964,0.8187500000,9,262,1,8,40
7,5965,0.9968750000,7,319,1,8,40
9,5966,0.9312500000,9,298,1,8,40
9,5967,0.9687500000,9,310,1,8,40
0,5968,0.5468750000,0,175,1,8,40
5,5969,0.5531250000,5,177,1,8,40
1,5970,0.9781250000,1,313,1,8,40
1,5971,0.9812500000,1,314,1,8,40
8,5972,0.8562500000,0,274,0,8,40
6,5973,0.9562500000,6,306,1,8,40
9,5974,0.9781250000,9,313,1,8,40
9,5975,0.9375000000,9,300,1,8,40
5,5976,0.8218750000,5,263,1,8,40
6,5977,0.8625000000,6,276,1,8,40
5,5978,0.7125000000,5,228,1,8,40
5,5979,0.5375000000,5,172,1,8,40
9,5980,0.9656250000,9,309,1,8,40
7,5981,0.6406250000,7,205,1,8,40
9,5982,0.9312500000,9,298,1,8,40
4,5983,0.7000000000,4,224,1,8,40
5,5984,0.7500000000,5,240,1,8,40
4,5985,0.9156250000,4,293,1,8,40
3,5986,0.5593750000,3,179,1,8,40
3,5987,0.8375000000,3,268,1,8,40
9,5988,0.9437500000,9,302,1,8,40
8,5989,0.9468750000,8,303,1,8,40
8,5990,0.5687500000,8,182,1,8,40
3,5991,0.4093750000,3,131,1,8,40
4,5992,0.5281250000,7,169,0,8,40
8,5993,0.9906250000,8,317,1,8,40
4,5994,0.5375000000,4,172,1,8,40
0,5995,0.6781250000,0,217,1,8,40
4,5996,0.5593750000,4,179,1,8,40
0,5997,0.8125000000,0,260,1,8,40
7,5998,0.8937500000,7,286,1,8,40
2,5999,0.3437500000,0,110,0,8,40
8,6000,0.7343750000,8,235,1,8,40
0,6001,0.5437500000,0,174,1,8,40
2,6002,0.9468750000,2,303,1,8,40
0,6003,0.9343750000,0,299,1,8,40
7,6004,0.9812500000,7,314,1,8,40
4,6005,0.5531250000,4,177,1,8,40
0,6006,0.5062500000,0,162,1,8,40
6,6007,0.9937500000,6,318,1,8,40
3,6008,0.4375000000,0,140,0,8,40
3,6009,0.6718750000,3,215,1,8,40
1,6010,0.4875000000,6,156,0,8,40
7,6011,0.4437500000,6,142,0,8,40
4,6012,0.8312500000,2,266,0,8,40
6,6013,0.8781250000,6,281,1,8,40
5,6014,0.3968750000,7,127,0,8,40
0,6015,0.7375000000,0,236,1,8,40
4,6016,0.7343750000,6,235,0,8,40
9,6017,0.4875000000,9,156,1,8,40
5,6018,0.5437500000,5,174,1,8,40
6,6019,0.9781250000,6,313,1,8,40
6,6020,0.9656250000,6,309,1,8,40
3,6021,0.5093750000,3,163,1,8,40
0,6022,0.8125000000,0,260,1,8,40
5,6023,0.6000000000,5,192,1,8,40
2,6024,0.6187500000,2,198,1,8,40
6,6025,0.8281250000,6,265,1,8,40
3,6026,0.8250000000,3,264,1,8,40
3,6027,0.7687500000,3,246,1,8,40
8,6028,0.4000000000,8,128,1,8,40
0,6029,0.6406250000,0,205,1,8,40
8,6030,0.7250000000,8,232,1,8,40
5,6031,0.3562500000,3,114,0,8,40
4,6032,0.9125000000,4,292,1,8,40
2,6033,0.8531250000,2,273,1,8,40
9,6034,0.9625000000,9,308,1,8,40
5,6035,0.5812500000,3,186,0,8,40
0,6036,0.9000000000,0,288,1,8,40
5,6037,0.7875000000,5,252,1,8,40
4,6038,0.7750000000,4,248,1,8,40
8,6039,0.9187500000,8,294,1,8,40
2,6040,0.5531250000,7,177,0,8,40
7,6041,0.3312500000,9,106,0,8,40
6,6042,0.8875000000,6,284,1,8,40
5,6043,0.5875000000,5,188,1,8,40
7,6044,0.6843750000,4,219,0,8,40
8,6045,0.9812500000,8,314,1,8,40
2,6046,0.6156250000,2,197,1,8,40
0,6047,0.9125000000,0,292,1,8,40
1,6048,0.9750000000,1,312,1,8,40
8,6049,0.9875000000,8,316,1,8,40
2,6050,0.3250000000,2,104,1,8,40
4,6051,0.6718750000,4,215,1,8,40
8,6052,0.9843750000,8,315,1,8,40
4,6053,0.8125000000,4,260,1,8,40
3,6054,0.4375000000,3,140,1,8,40
0,6055,0.8750000000,0,280,1,8,40
4,6056,0.6593750000,4,211,1,8,40
0,6057,0.8593750000,0,275,1,8,40
1,6058,0.9812500000,1,314,1,8,40
9,6059,0.9875000000,9,316,1,8,40
3,6060,0.3500000000,3,112,1,8,40
0,6061,0.7125000000,0,228,1,8,40
3,6062,0.5906250000,4,189,0,8,40
6,6063,0.4468750000,4,143,0,8,40
5,6064,0.8500000000,5,272,1,8,40
5,6065,0.5343750000,5,171,1,8,40
2,6066,0.6000000000,2,192,1,8,40
8,6067,0.6375000000,8,204,1,8,40
5,6068,0.6468750000,3,207,0,8,40
0,6069,0.8937500000,0,286,1,8,40
8,6070,0.5218750000,9,167,0,8,40
7,6071,0.6187500000,4,198,0,8,40
5,6072,0.4812500000,5,154,1,8,40
2,6073,0.9406250000,2,301,1,8,40
4,6074,0.5906250000,4,189,1,8,40
3,6075,0.8531250000,6,273,0,8,40
7,6076,0.5437500000,7,174,1,8,40
0,6077,0.6406250000,2,205,0,8,40
2,6078,0.8968750000,2,287,1,8,40
3,6079,0.8125000000,3,260,1,8,40
1,6080,0.9437500000,1,302,1,8,40
0,6081,0.9531250000,0,305,1,8,40
0,6082,0.8906250000,0,285,1,8,40
2,6083,0.2562500000,0,82,0,8,40
1,6084,0.9500000000,1,304,1,8,40
2,6085,0.4781250000,2,153,1,8,40
1,6086,0.8687500000,1,278,1,8,40
4,6087,0.7531250000,4,241,1,8,40
6,6088,0.9687500000,6,310,1,8,40
7,6089,0.7437500000,7,238,1,8,40
1,6090,0.8437500000,1,270,1,8,40
0,6091,0.9343750000,0,299,1,8,40
5,6092,0.8562500000,5,274,1,8,40
2,6093,0.8343750000,2,267,1,8,40
5,6094,0.9000000000,5,288,1,8,40
9,6095,0.8343750000,9,267,1,8,40
2,6096,0.7750000000,2,248,1,8,40
5,6097,0.9625000000,5,308,1,8,40
6,6098,0.9000000000,6,288,1,8,40
7,6099,0.9218750000,7,295,1,8,40
1,6100,0.9031250000,1,289,1,8,40
9,6101,0.7312500000,9,234,1,8,40
3,6102,0.3812500000,9,122,0,8,40
6,6103,0.8156250000,6,261,1,8,40
1,6104,0.9937500000,1,318,1,8,40
0,6105,0.9062500000,0,290,1,8,40
2,6106,0.9468750000,2,303,1,8,40
9,6107,0.8531250000,9,273,1,8,40
4,6108,0.5843750000,4,187,1,8,40
2,6109,0.9406250000,2,301,1,8,40
9,6110,0.9718750000,9,311,1,8,40
3,6111,0.5000000000,2,160,0,8,40
8,6112,0.9156250000,8,293,1,8,40
2,6113,0.5906250000,2,189,1,8,40
9,6114,0.8656250000,9,277,1,8,40
8,6115,0.9093750000,8,291,1,8,40
5,6116,0.4187500000,5,134,1,8,40
1,6117,0.9687500000,1,310,1,8,40
0,6118,0.7781250000,0,249,1,8,40
1,6119,0.9812500000,1,314,1,8,40
5,6120,0.9343750000,5,299,1,8,40
2,6121,0.5093750000,2,163,1,8,40
5,6122,0.7187500000,3,230,0,8,40
6,6123,0.8781250000,6,281,1,8,40
8,6124,0.4375000000,3,140,0,8,40
8,6125,0.5593750000,8,179,1,8,40
3,6126,0.8687500000,3,278,1,8,40
5,6127,0.3218750000,5,103,1,8,40
0,6128,0.9718750000,0,311,1,8,40
4,6129,0.7906250000,4,253,1,8,40
1,6130,0.4343750000,8,139,0,8,40
3,6131,0.7687500000,3,246,1,8,40
7,6132,0.8375000000,7,268,1,8,40
0,6133,0.8062500000,0,258,1,8,40
3,6134,0.5781250000,2,185,0,8,40
3,6135,0.4531250000,3,145,1,8,40
9,6136,0.2156250000,9,69,1,8,40
2,6137,0.6875000000,2,220,1,8,40
3,6138,0.6531250000,0,209,0,8,40
9,6139,0.9625000000,9,308,1,8,40
9,6140,0.9750000000,9,312,1,8,40
8,6141,0.8093750000,0,259,0,8,40
5,6142,0.5593750000,3,179,0,8,40
9,6143,0.8875000000,9,284,1,8,40
7,6144,0.6687500000,7,214,1,8,40
2,6145,0.4250000000,5,136,0,8,40
0,6146,0.6156250000,0,197,1,8,40
9,6147,0.9406250000,9,301,1,8,40
4,6148,0.7812500000,4,250,1,8,40
7,6149,0.9812500000,7,314,1,8,40
1,6150,0.9250000000,1,296,1,8,40
7,6151,0.3906250000,3,125,0,8,40
6,6152,0.9437500000,6,302,1,8,40
4,6153,0.5437500000,4,174,1,8,40
4,6154,0.5968750000,4,191,1,8,40
8,6155,0.7937500000,8,254,1,8,40
9,6156,0.9500000000,9,304,1,8,40
0,6157,0.6125000000,4,196,0,8,40
7,6158,0.3937500000,7,126,1,8,40
1,6159,0.9937500000,1,318,1,8,40
2,6160,0.7531250000,2,241,1,8,40
4,6161,0.7468750000,4,239,1,8,40
0,6162,0.3531250000,7,113,0,8,40
3,6163,0.8156250000,3,261,1,8,40
7,6164,0.3218750000,3,103,0,8,40
5,6165,0.2718750000,3,87,0,8,40
1,6166,0.8937500000,1,286,1,8,40
9,6167,0.4875000000,9,156,1,8,40
3,6168,0.6250000000,3,200,1,8,40
5,6169,0.4343750000,4,139,0,8,40
2,6170,0.5062500000,2,162,1,8,40
4,6171,0.8656250000,4,277,1,8,40
1,6172,0.9093750000,1,291,1,8,40
1,6173,0.9781250000,1,313,1,8,40
3,6174,0.4718750000,3,151,1,8,40
3,6175,0.6656250000,3,213,1,8,40
9,6176,0.9500000000,9,304,1,8,40
2,6177,0.7031250000,5,225,0,8,40
5,6178,0.3843750000,6,123,0,8,40
8,6179,0.8031250000,8,257,1,8,40
0,6180,0.5343750000,0,171,1,8,40
8,6181,0.7593750000,8,243,1,8,40
1,6182,0.9593750000,1,307,1,8,40
5,6183,0.6781250000,3,217,0,8,40
1,6184,0.9093750000,1,291,1,8,40
5,6185,0.7156250000,3,229,0,8,40
9,6186,0.9812500000,9,314,1,8,40
0,6187,0.9312500000,0,298,1,8,40
9,6188,0.6812500000,9,218,1,8,40
2,6189,0.9312500000,2,298,1,8,40
4,6190,0.8062500000,4,258,1,8,40
0,6191,0.8718750000,0,279,1,8,40
6,6192,0.9281250000,6,297,1,8,40
9,6193,0.9875000000,9,316,1,8,40
1,6194,0.7250000000,1,232,1,8,40
1,6195,0.7718750000,1,247,1,8,40
3,6196,0.4968750000,3,159,1,8,40
4,6197,0.6312500000,4,202,1,8,40
9,6198,0.9687500000,9,310,1,8,40
5,6199,0.9406250000,5,301,1,8,40
3,6200,0.4187500000,3,134,1,8,40
3,6201,0.7593750000,3,243,1,8,40
3,6202,0.3000000000,2,96,0,8,40
3,6203,0.8968750000,3,287,1,8,40
4,6204,0.5062500000,7,162,0,8,40
1,6205,0.9000000000,1,288,1,8,40
5,6206,0.5593750000,3,179,0,8,40
9,6207,0.9781250000,9,313,1,8,40
8,6208,0.9812500000,8,314,1,8,40
7,6209,0.8312500000,7,266,1,8,40
4,6210,0.5062500000,3,162,0,8,40
8,6211,0.9718750000,8,311,1,8,40
7,6212,0.6250000000,7,200,1,8,40
3,6213,0.4718750000,4,151,0,8,40
5,6214,0.5906250000,5,189,1,8,40
2,6215,0.7250000000,2,232,1,8,40
5,6216,0.5812500000,5,186,1,8,40
8,6217,0.9343750000,8,299,1,8,40
9,6218,0.4218750000,6,135,0,8,40
7,6219,0.6531250000,7,209,1,8,40
2,6220,0.5250000000,2,168,1,8,40
0,6221,0.8687500000,0,278,1,8,40
0,6222,0.8875000000,0,284,1,8,40
7,6223,0.9875000000,7,316,1,8,40
5,6224,0.8312500000,5,266,1,8,40
3,6225,0.5625000000,3,180,1,8,40
5,6226,0.9343750000,5,299,1,8,40
7,6227,0.6937500000,7,222,1,8,40
4,6228,0.8187500000,7,262,0,8,40
6,6229,0.8218750000,6,263,1,8,40
2,6230,0.9343750000,2,299,1,8,40
8,6231,0.3562500000,8,114,1,8,40
2,6232,0.6750000000,2,216,1,8,40
7,6233,1.0000000000,7,320,1,8,40
7,6234,0.6937500000,7,222,1,8,40
6,6235,0.5281250000,3,169,0,8,40
1,6236,0.6093750000,1,195,1,8,40
3,6237,0.5343750000,3,171,1,8,40
8,6238,0.9437500000,8,302,1,8,40
6,6239,0.8375000000,6,268,1,8,40
2,6240,0.7656250000,2,245,1,8,40
0,6241,0.8687500000,0,278,1,8,40
4,6242,0.4062500000,0,130,0,8,40
4,6243,0.7125000000,4,228,1,8,40
8,6244,0.9281250000,8,297,1,8,40
6,6245,0.6093750000,6,195,1,8,40
4,6246,0.9406250000,4,301,1,8,40
0,6247,0.9156250000,0,293,1,8,40
2,6248,0.8125000000,2,260,1,8,40
5,6249,0.8500000000,5,272,1,8,40
4,6250,0.4968750000,6,159,0,8,40
1,6251,0.4343750000,0,139,0,8,40
2,6252,0.7937500000,2,254,1,8,40
5,6253,0.5750000000,4,184,0,8,40
4,6254,0.8187500000,4,262,1,8,40
6,6255,0.6656250000,6,213,1,8,40
9,6256,0.9656250000,9,309,1,8,40
5,6257,0.7187500000,2,230,0,8,40
0,6258,0.8500000000,0,272,1,8,40
5,6259,0.8750000000,5,280,1,8,40
2,6260,0.7656250000,2,245,1,8,40
0,6261,0.6968750000,2,223,0,8,40
8,6262,0.9093750000,8,291,1,8,40
2,6263,0.7937500000,2,254,1,8,40
6,6264,0.6625000000,6,212,1,8,40
4,6265,0.8781250000,4,281,1,8,40
7,6266,0.9687500000,7,310,1,8,40
9,6267,0.5312500000,9,170,1,8,40
5,6268,0.7281250000,5,233,1,8,40
7,6269,0.9937500000,7,318,1,8,40
2,6270,0.5625000000,2,180,1,8,40
6,6271,0.6656250000,6,213,1,8,40
2,6272,0.4593750000,2,147,1,8,40
1,6273,0.3406250000,9,109,0,8,40
9,6274,0.9625000000,9,308,1,8,40
9,6275,0.7437500000,9,238,1,8,40
7,6276,0.6343750000,7,203,1,8,40
2,6277,0.6375000000,4,204,0,8,40
5,6278,0.6750000000,5,216,1,8,40
1,6279,0.9781250000,1,313,1,8,40
8,6280,0.3000000000,7,96,0,8,40
1,6281,0.8875000000,1,284,1,8,40
6,6282,0.8937500000,6,286,1,8,40
3,6283,0.9562500000,3,306,1,8,40
0,6284,0.4500000000,7,144,0,8,40
8,6285,0.6093750000,8,195,1,8,40
8,6286,0.7656250000,8,245,1,8,40
5,6287,0.8906250000,5,285,1,8,40
6,6288,0.8906250000,6,285,1,8,40
9,6289,0.9031250000,9,289,1,8,40
9,6290,0.6593750000,1,211,0,8,40
9,6291,0.9687500000,9,310,1,8,40
6,6292,0.6156250000,6,197,1,8,40
3,6293,0.8812500000,3,282,1,8,40
0,6294,0.5468750000,0,175,1,8,40
8,6295,0.8937500000,8,286,1,8,40
8,6296,0.9812500000,8,314,1,8,40
5,6297,0.9812500000,5,314,1,8,40
3,6298,0.3187500000,5,102,0,8,40
3,6299,0.4281250000,3,137,1,8,40
1,6300,0.7562500000,1,242,1,8,40
1,6301,0.8593750000,1,275,1,8,40
0,6302,0.8312500000,0,266,1,8,40
7,6303,0.6031250000,7,193,1,8,40
0,6304,0.9656250000,0,309,1,8,40
6,6305,0.3312500000,4,106,0,8,40
0,6306,0.9156250000,0,293,1,8,40
4,6307,0.4625000000,4,148,1,8,40
4,6308,0.9312500000,4,298,1,8,40
6,6309,0.9687500000,6,310,1,8,40
5,6310,0.9812500000,5,314,1,8,40
3,6311,0.7875000000,3,252,1,8,40
2,6312,0.9437500000,2,302,1,8,40
9,6313,0.9406250000,9,301,1,8,40
6,6314,0.9656250000,6,309,1,8,40
6,6315,0.3812500000,6,122,1,8,40
7,6316,0.9031250000,7,289,1,8,40
9,6317,0.4406250000,0,141,0,8,40
7,6318,0.9656250000,7,309,1,8,40
7,6319,0.9093750000,7,291,1,8,40
0,6320,0.8593750000,0,275,1,8,40
8,6321,0.8906250000,8,285,1,8,40
4,6322,0.6218750000,7,199,0,8,40
2,6323,0.9718750000,2,311,1,8,40
7,6324,1.0000000000,7,320,1,8,40
7,6325,0.9906250000,7,317,1,8,40
7,6326,0.6718750000,4,215,0,8,40
4,6327,0.9312500000,4,298,1,8,40
0,6328,0.9656250000,0,309,1,8,40
1,6329,0.5000000000,3,160,0,8,40
6,6330,0.7593750000,6,243,1,8,40
0,6331,0.8718750000,0,279,1,8,40
5,6332,0.9187500000,5,294,1,8,40
3,6333,0.9781250000,3,313,1,8,40
0,6334,0.4718750000,2,151,0,8,40
2,6335,0.9750000000,2,312,1,8,40
4,6336,0.9437500000,4,302,1,8,40
9,6337,0.9750000000,9,312,1,8,40
7,6338,0.5875000000,7,188,1,8,40
3,6339,0.6500000000,3,208,1,8,40
3,6340,0.6906250000,3,221,1,8,40
2,6341,0.4562500000,0,146,0,8,40
8,6342,0.9468750000,8,303,1,8,40
8,6343,0.9312500000,8,298,1,8,40
5,6344,0.6906250000,5,221,1,8,40
3,6345,0.3031250000,4,97,0,8,40
8,6346,0.9468750000,8,303,1,8,40
0,6347,0.9562500000,0,306,1,8,40
8,6348,0.9781250000,8,313,1,8,40
0,6349,0.4250000000,2,136,0,8,40
0,6350,0.9468750000,0,303,1,8,40
0,6351,0.8687500000,0,278,1,8,40
2,6352,0.8406250000,2,269,1,8,40
2,6353,0.2968750000,2,95,1,8,40
7,6354,0.6218750000,7,199,1,8,40
0,6355,0.9156250000,0,293,1,8,40
7,6356,0.9656250000,7,309,1,8,40
7,6357,0.5718750000,7,183,1,8,40
7,6358,0.9625000000,7,308,1,8,40
2,6359,0.7625000000,2,244,1,8,40
2,6360,0.8937500000,2,286,1,8,40
0,6361,0.5343750000,0,171,1,8,40
4,6362,0.9781250000,4,313,1,8,40
0,6363,0.9718750000,0,311,1,8,40
3,6364,0.4656250000,3,149,1,8,40
7,6365,0.9031250000,7,289,1,8,40
8,6366,0.4343750000,0,139,0,8,40
4,6367,0.7593750000,4,243,1,8,40
7,6368,0.9468750000,7,303,1,8,40
9,6369,0.6031250000,9,193,1,8,40
6,6370,0.5156250000,3,165,0,8,40
1,6371,0.5062500000,9,162,0,8,40
1,6372,0.9093750000,1,291,1,8,40
6,6373,0.8000000000,6,256,1,8,40
9,6374,0.9750000000,9,312,1,8,40
3,6375,0.4437500000,3,142,1,8,40
8,6376,0.9125000000,8,292,1,8,40
9,6377,0.9875000000,9,316,1,8,40
5,6378,0.5250000000,7,168,0,8,40
8,6379,0.8968750000,8,287,1,8,40
3,6380,0.3593750000,3,115,1,8,40
9,6381,0.8093750000,1,259,0,8,40
4,6382,0.3406250000,4,109,1,8,40
3,6383,0.6968750000,5,223,0,8,40
7,6384,0.5031250000,7,161,1,8,40
5,6385,0.5093750000,5,163,1,8,40
5,6386,0.2531250000,5,81,1,8,40
2,6387,0.6312500000,4,202,0,8,40
7,6388,0.7531250000,7,241,1,8,40
5,6389,0.5343750000,5,171,1,8,40
7,6390,0.9906250000,7,317,1,8,40
9,6391,0.8968750000,9,287,1,8,40
6,6392,0.6843750000,6,219,1,8,40
3,6393,0.4843750000,3,155,1,8,40
0,6394,0.6968750000,0,223,1,8,40
8,6395,0.8937500000,8,286,1,8,40
4,6396,0.6000000000,6,192,0,8,40
5,6397,0.7781250000,5,249,1,8,40
6,6398,0.5406250000,6,173,1,8,40
1,6399,0.9062500000,1,290,1,8,40
0,6400,0.7062500000,0,226,1,8,40
4,6401,0.3531250000,2,113,0,8,40
8,6402,0.7906250000,8,253,1,8,40
4,6403,0.9468750000,4,303,1,8,40
7,6404,0.9656250000,7,309,1,8,40
1,6405,0.6781250000,1,217,1,8,40
3,6406,0.2718750000,3,87,1,8,40
2,6407,0.7468750000,2,239,1,8,40
0,6408,0.8593750000,0,275,1,8,40
9,6409,0.9468750000,9,303,1,8,40
1,6410,0.9812500000,1,314,1,8,40
8,6411,0.8531250000,8,273,1,8,40
8,6412,0.4718750000,9,151,0,8,40
6,6413,0.8593750000,6,275,1,8,40
8,6414,0.6875000000,8,220,1,8,40
1,6415,0.8687500000,1,278,1,8,40
7,6416,0.9468750000,7,303,1,8,40
1,6417,0.8968750000,1,287,1,8,40
0,6418,0.8875000000,0,284,1,8,40
9,6419,0.4812500000,8,154,0,8,40
7,6420,0.9312500000,7,298,1,8,40
6,6421,0.7906250000,6,253,1,8,40
4,6422,0.6187500000,4,198,1,8,40
5,6423,0.4750000000,4,152,0,8,40
8,6424,0.5968750000,0,191,0,8,40
2,6425,0.6437500000,2,206,1,8,40
1,6426,0.9343750000,1,299,1,8,40
2,6427,0.9593750000,2,307,1,8,40
5,6428,0.5156250000,3,165,0,8,40
8,6429,0.3593750000,6,115,0,8,40
1,6430,0.8437500000,1,270,1,8,40
1,6431,0.9375000000,1,300,1,8,40
8,6432,0.8031250000,8,257,1,8,40
8,6433,0.9218750000,8,295,1,8,40
0,6434,0.9218750000,8,295,0,8,40
9,6435,0.9031250000,9,289,1,8,40
0,6436,0.6562500000,8,210,0,8,40
0,6437,0.6968750000,0,223,1,8,40
4,6438,0.6906250000,4,221,1,8,40
3,6439,0.4875000000,4,156,0,8,40
3,6440,0.5031250000,3,161,1,8,40
5,6441,0.3968750000,3,127,0,8,40
6,6442,0.7312500000,6,234,1,8,40
6,6443,0.8281250000,6,265,1,8,40
3,6444,0.5218750000,3,167,1,8,40
1,6445,0.9187500000,1,294,1,8,40
4,6446,0.5718750000,2,183,0,8,40
4,6447,0.6750000000,4,216,1,8,40
7,6448,0.8375000000,7,268,1,8,40
8,6449,0.9593750000,8,307,1,8,40
0,6450,0.9312500000,0,298,1,8,40
1,6451,0.9593750000,1,307,1,8,40
4,6452,0.5906250000,4,189,1,8,40
8,6453,0.6468750000,8,207,1,8,40
4,6454,0.4468750000,4,143,1,8,40
6,6455,0.9593750000,6,307,1,8,40
2,6456,0.9343750000,2,299,1,8,40
2,6457,0.9406250000,2,301,1,8,40
2,6458,0.9937500000,2,318,1,8,40
6,6459,0.9906250000,6,317,1,8,40
3,6460,0.4687500000,3,150,1,8,40
4,6461,0.7593750000,4,243,1,8,40
0,6462,0.8750000000,0,280,1,8,40
8,6463,0.7875000000,8,252,1,8,40
1,6464,0.9187500000,1,294,1,8,40
3,6465,0.4500000000,3,144,1,8,40
8,6466,0.5406250000,3,173,0,8,40
3,6467,0.6906250000,3,221,1,8,40
8,6468,0.9750000000,8,312,1,8,40
9,6469,0.6375000000,1,204,0,8,40
1,6470,0.9437500000,1,302,1,8,40
6,6471,0.9531250000,6,305,1,8,40
1,6472,0.8875000000,1,284,1,8,40
9,6473,0.6406250000,9,205,1,8,40
8,6474,0.7281250000,8,233,1,8,40
2,6475,0.7312500000,2,234,1,8,40
0,6476,0.9750000000,0,312,1,8,40
4,6477,0.5125000000,4,164,1,8,40
7,6478,0.7468750000,7,239,1,8,40
4,6479,0.8000000000,4,256,1,8,40
0,6480,0.7781250000,0,249,1,8,40
0,6481,0.2875000000,0,92,1,8,40
7,6482,0.8718750000,7,279,1,8,40
6,6483,0.9843750000,6,315,1,8,40
8,6484,0.9656250000,8,309,1,8,40
9,6485,0.8312500000,9,266,1,8,40
8,6486,0.5312500000,8,170,1,8,40
6,6487,0.9500000000,6,304,1,8,40
2,6488,0.4218750000,2,135,1,8,40
8,6489,0.9468750000,8,303,1,8,40
8,6490,0.4156250000,0,133,0,8,40
0,6491,0.3937500000,3,126,0,8,40
1,6492,0.8687500000,1,278,1,8,40
1,6493,0.7843750000,1,251,1,8,40
0,6494,0.4937500000,2,158,0,8,40
7,6495,0.9375000000,7,300,1,8,40
7,6496,0.8250000000,7,264,1,8,40
4,6497,0.6687500000,2,214,0,8,40
4,6498,0.6906250000,4,221,1,8,40
7,6499,0.9312500000,7,298,1,8,40
7,6500,0.2406250000,4,77,0,8,40
2,6501,0.7312500000,2,234,1,8,40
6,6502,0.8875000000,6,284,1,8,40
6,6503,0.9281250000,6,297,1,8,40
7,6504,0.7656250000,4,245,0,8,40
4,6505,0.8968750000,4,287,1,8,40
5,6506,0.8250000000,5,264,1,8,40
4,6507,0.4656250000,3,149,0,8,40
0,6508,0.9718750000,0,311,1,8,40
9,6509,0.8875000000,9,284,1,8,40
4,6510,0.5281250000,9,169,0,8,40
7,6511,0.7625000000,7,244,1,8,40
2,6512,0.9468750000,2,303,1,8,40
5,6513,0.7687500000,5,246,1,8,40
3,6514,0.3062500000,4,98,0,8,40
2,6515,0.9062500000,2,290,1,8,40
2,6516,0.7718750000,2,247,1,8,40
7,6517,0.4250000000,7,136,1,8,40
6,6518,0.9312500000,6,298,1,8,40
2,6519,0.8218750000,2,263,1,8,40
6,6520,0.6468750000,6,207,1,8,40
4,6521,0.8875000000,4,284,1,8,40
9,6522,0.6062500000,9,194,1,8,40
6,6523,0.8218750000,6,263,1,8,40
8,6524,0.6250000000,8,200,1,8,40
3,6525,0.6687500000,3,214,1,8,40
8,6526,0.9562500000,8,306,1,8,40
5,6527,0.8843750000,5,283,1,8,40
5,6528,0.7906250000,5,253,1,8,40
2,6529,0.6375000000,2,204,1,8,40
3,6530,0.4906250000,5,157,0,8,40
4,6531,0.6812500000,4,218,1,8,40
5,6532,0.8406250000,5,269,1,8,40
2,6533,0.4750000000,3,152,0,8,40
7,6534,0.9937500000,7,318,1,8,40
5,6535,0.5437500000,7,174,0,8,40
1,6536,0.8750000000,1,280,1,8,40
5,6537,0.4937500000,5,158,1,8,40
3,6538,0.6812500000,3,218,1,8,40
7,6539,0.9750000000,7,312,1,8,40
8,6540,0.9625000000,8,308,1,8,40
8,6541,0.8375000000,8,268,1,8,40
9,6542,0.9062500000,9,290,1,8,40
6,6543,0.5843750000,3,187,0,8,40
0,6544,0.8281250000,0,265,1,8,40
9,6545,0.7812500000,0,250,0,8,40
2,6546,0.9875000000,2,316,1,8,40
6,6547,0.9656250000,6,309,1,8,40
0,6548,0.9656250000,0,309,1,8,40
0,6549,0.4437500000,8,142,0,8,40
1,6550,0.9593750000,1,307,1,8,40
4,6551,0.6718750000,4,215,1,8,40
1,6552,0.9625000000,1,308,1,8,40
3,6553,0.7406250000,3,237,1,8,40
5,6554,0.7343750000,5,235,1,8,40
1,6555,0.9937500000,1,318,1,8,40
8,6556,0.8843750000,8,283,1,8,40
9,6557,0.7843750000,9,251,1,8,40
6,6558,0.6406250000,6,205,1,8,40
2,6559,0.7750000000,4,248,0,8,40
6,6560,0.8218750000,6,263,1,8,40
9,6561,0.4531250000,9,145,1,8,40
5,6562,0.6062500000,5,194,1,8,40
6,6563,0.8968750000,6,287,1,8,40
5,6564,0.6656250000,3,213,0,8,40
9,6565,0.8156250000,9,261,1,8,40
1,6566,0.5656250000,1,181,1,8,40
4,6567,0.8156250000,4,261,1,8,40
2,6568,0.9218750000,2,295,1,8,40
8,6569,0.5218750000,8,167,1,8,40
9,6570,0.5875000000,9,188,1,8,40
5,6571,0.7593750000,5,243,1,8,40
4,6572,0.9031250000,4,289,1,8,40
7,6573,0.6406250000,7,205,1,8,40
0,6574,0.4656250000,0,149,1,8,40
3,6575,0.6968750000,3,223,1,8,40
7,6576,0.3718750000,3,119,0,8,40
1,6577,0.4687500000,1,150,1,8,40
6,6578,0.9875000000,6,316,1,8,40
9,6579,0.9562500000,9,306,1,8,40
1,6580,0.2656250000,7,85,0,8,40
1,6581,0.6031250000,9,193,0,8,40
4,6582,0.9000000000,4,288,1,8,40
0,6583,0.9593750000,0,307,1,8,40
5,6584,0.6468750000,5,207,1,8,40
1,6585,0.9968750000,1,319,1,8,40
6,6586,0.9812500000,6,314,1,8,40
3,6587,0.8156250000,3,261,1,8,40
0,6588,0.6843750000,0,219,1,8,40
2,6589,0.7843750000,2,251,1,8,40
5,6590,0.8187500000,7,262,0,8,40
5,6591,0.7031250000,5,225,1,8,40
5,6592,0.9687500000,5,310,1,8,40
2,6593,0.8156250000,2,261,1,8,40
8,6594,0.5000000000,0,160,0,8,40
2,6595,0.4687500000,2,150,1,8,40
3,6596,0.7312500000,3,234,1,8,40
1,6597,0.4375000000,9,140,0,8,40
6,6598,0.4500000000,4,144,0,8,40
2,6599,0.4562500000,6,146,0,8,40
7,6600,1.0000000000,7,320,1,8,40
0,6601,0.9343750000,0,299,1,8,40
8,6602,0.9500000000,8,304,1,8,40
9,6603,0.7343750000,9,235,1,8,40
2,6604,0.6812500000,2,218,1,8,40
6,6605,0.7562500000,6,242,1,8,40
4,6606,0.4125000000,7,132,0,8,40
7,6607,0.3968750000,7,127,1,8,40
5,6608,0.5875000000,5,188,1,8,40
5,6609,0.5750000000,5,184,1,8,40
8,6610,0.9687500000,8,310,1,8,40
8,6611,0.9750000000,8,312,1,8,40
7,6612,0.4625000000,7,148,1,8,40
8,6613,0.9312500000,8,298,1,8,40
5,6614,0.7250000000,5,232,1,8,40
7,6615,0.9437500000,7,302,1,8,40
4,6616,0.7750000000,4,248,1,8,40
4,6617,0.7375000000,4,236,1,8,40
0,6618,0.9187500000,0,294,1,8,40
0,6619,0.4937500000,9,158,0,8,40
7,6620,0.9656250000,7,309,1,8,40
0,6621,0.8531250000,0,273,1,8,40
4,6622,0.9375000000,4,300,1,8,40
0,6623,0.7812500000,0,250,1,8,40
4,6624,0.8593750000,4,275,1,8,40
4,6625,0.6593750000,4,211,1,8,40
2,6626,0.9093750000,2,291,1,8,40
5,6627,0.3656250000,3,117,0,8,40
4,6628,0.6625000000,4,212,1,8,40
0,6629,0.8968750000,0,287,1,8,40
7,6630,0.7718750000,7,247,1,8,40
7,6631,0.4187500000,3,134,0,8,40
7,6632,0.5687500000,7,182,1,8,40
0,6633,0.7531250000,0,241,1,8,40
4,6634,0.7406250000,4,237,1,8,40
6,6635,0.4687500000,3,150,0,8,40
2,6636,0.8937500000,2,286,1,8,40
9,6637,0.3406250000,9,109,1,8,40
1,6638,0.8437500000,1,270,1,8,40
1,6639,0.7906250000,1,253,1,8,40
5,6640,0.8312500000,3,266,0,8,40
0,6641,0.2812500000,8,90,0,8,40
9,6642,0.8500000000,9,272,1,8,40
1,6643,0.9062500000,1,290,1,8,40
0,6644,0.9031250000,0,289,1,8,40
6,6645,0.7281250000,6,233,1,8,40
5,6646,0.3812500000,5,122,1,8,40
3,6647,0.4875000000,3,156,1,8,40
0,6648,0.9125000000,0,292,1,8,40
9,6649,0.9218750000,9,295,1,8,40
0,6650,0.9062500000,0,290,1,8,40
6,6651,0.9625000000,6,308,1,8,40
2,6652,0.7500000000,2,240,1,8,40
0,6653,0.8312500000,2,266,0,8,40
4,6654,0.5125000000,6,164,0,8,40
1,6655,0.5406250000,1,173,1,8,40
6,6656,0.3093750000,3,99,0,8,40
7,6657,0.9875000000,7,316,1,8,40
6,6658,0.6593750000,6,211,1,8,40
1,6659,0.9437500000,1,302,1,8,40
0,6660,0.8406250000,0,269,1,8,40
4,6661,0.8281250000,4,265,1,8,40
6,6662,0.4250000000,4,136,0,8,40
0,6663,0.9812500000,0,314,1,8,40
4,6664,0.7687500000,4,246,1,8,40
4,6665,0.6406250000,4,205,1,8,40
2,6666,0.6031250000,2,193,1,8,40
7,6667,0.9375000000,7,300,1,8,40
6,6668,0.9718750000,6,311,1,8,40
5,6669,0.4812500000,2,154,0,8,40
3,6670,0.4375000000,3,140,1,8,40
5,6671,0.6343750000,5,203,1,8,40
9,6672,0.9125000000,9,292,1,8,40
4,6673,0.6781250000,2,217,0,8,40
5,6674,0.7750000000,5,248,1,8,40
2,6675,0.7031250000,2,225,1,8,40
0,6676,0.9625000000,0,308,1,8,40
5,6677,0.6781250000,5,217,1,8,40
7,6678,0.5093750000,7,163,1,8,40
2,6679,0.5343750000,4,171,0,8,40
3,6680,0.5500000000,3,176,1,8,40
9,6681,0.3718750000,9,119,1,8,40
4,6682,0.9218750000,4,295,1,8,40
5,6683,0.9437500000,5,302,1,8,40
8,6684,0.8718750000,8,279,1,8,40
1,6685,0.8093750000,1,259,1,8,40
9,6686,0.8000000000,9,256,1,8,40
3,6687,0.5125000000,3,164,1,8,40
1,6688,0.2906250000,2,93,0,8,40
8,6689,0.6625000000,8,212,1,8,40
5,6690,0.7125000000,5,228,1,8,40
8,6691,0.8406250000,8,269,1,8,40
6,6692,1.0000000000,6,320,1,8,40
6,6693,0.7593750000,6,243,1,8,40
3,6694,0.6906250000,3,221,1,8,40
4,6695,0.9156250000,4,293,1,8,40
0,6696,0.8593750000,0,275,1,8,40
2,6697,0.3312500000,5,106,0,8,40
3,6698,0.4000000000,3,128,1,8,40
2,6699,0.9750000000,2,312,1,8,40
6,6700,0.8093750000,6,259,1,8,40
1,6701,0.9656250000,1,309,1,8,40
8,6702,0.8312500000,8,266,1,8,40
2,6703,0.3437500000,4,110,0,8,40
1,6704,0.7812500000,9,250,0,8,40
3,6705,0.6718750000,4,215,0,8,40
6,6706,0.6593750000,3,211,0,8,40
2,6707,0.7875000000,2,252,1,8,40
2,6708,0.8937500000,2,286,1,8,40
3,6709,0.8812500000,3,282,1,8,40
3,6710,0.7031250000,3,225,1,8,40
5,6711,0.9718750000,5,311,1,8,40
0,6712,0.9500000000,0,304,1,8,40
2,6713,0.8750000000,2,280,1,8,40
1,6714,0.9593750000,1,307,1,8,40
2,6715,0.4531250000,2,145,1,8,40
8,6716,0.8656250000,8,277,1,8,40
0,6717,0.8843750000,0,283,1,8,40
8,6718,0.8343750000,8,267,1,8,40
2,6719,0.6343750000,2,203,1,8,40
2,6720,0.8250000000,2,264,1,8,40
7,6721,0.7531250000,7,241,1,8,40
3,6722,0.4531250000,5,145,0,8,40
5,6723,0.8968750000,7,287,0,8,40
9,6724,0.9875000000,9,316,1,8,40
8,6725,0.9562500000,8,306,1,8,40
3,6726,0.5031250000,4,161,0,8,40
6,6727,0.9125000000,6,292,1,8,40
1,6728,0.9750000000,1,312,1,8,40
0,6729,0.3218750000,3,103,0,8,40
8,6730,0.7750000000,8,248,1,8,40
6,6731,0.9937500000,6,318,1,8,40
3,6732,0.5000000000,7,160,0,8,40
5,6733,0.7718750000,5,247,1,8,40
8,6734,0.8906250000,8,285,1,8,40
9,6735,0.6250000000,9,200,1,8,40
4,6736,0.7312500000,4,234,1,8,40
8,6737,0.3843750000,8,123,1,8,40
0,6738,0.7906250000,0,253,1,8,40
0,6739,0.9187500000,0,294,1,8,40
2,6740,0.7968750000,2,255,1,8,40
9,6741,0.4906250000,0,157,0,8,40
1,6742,0.9781250000,1,313,1,8,40
8,6743,0.9843750000,8,315,1,8,40
3,6744,0.9218750000,3,295,1,8,40
7,6745,0.4562500000,7,146,1,8,40
2,6746,0.7812500000,5,250,0,8,40
8,6747,0.9906250000,8,317,1,8,40
0,6748,0.6375000000,2,204,0,8,40
9,6749,0.9250000000,9,296,1,8,40
4,6750,0.8281250000,3,265,0,8,40
8,6751,0.9593750000,8,307,1,8,40
9,6752,0.8156250000,9,261,1,8,40
4,6753,0.3500000000,2,112,0,8,40
8,6754,0.8937500000,8,286,1,8,40
9,6755,0.6906250000,9,221,1,8,40
5,6756,0.3031250000,5,97,1,8,40
4,6757,0.9093750000,4,291,1,8,40
8,6758,0.9125000000,8,292,1,8,40
1,6759,0.8718750000,9,279,0,8,40
5,6760,0.8812500000,5,282,1,8,40
5,6761,0.6843750000,5,219,1,8,40
7,6762,0.6687500000,7,214,1,8,40
2,6763,0.3531250000,4,113,0,8,40
5,6764,0.6500000000,5,208,1,8,40
8,6765,0.7000000000,8,224,1,8,40
8,6766,0.9468750000,8,303,1,8,40
1,6767,0.9781250000,1,313,1,8,40
2,6768,0.8062500000,2,258,1,8,40
3,6769,0.8750000000,3,280,1,8,40
1,6770,0.9968750000,1,319,1,8,40
5,6771,0.5593750000,5,179,1,8,40
0,6772,0.5343750000,0,171,1,8,40
2,6773,0.8812500000,2,282,1,8,40
3,6774,0.2812500000,7,90,0,8,40
0,6775,0.9500000000,0,304,1,8,40
8,6776,0.9281250000,8,297,1,8,40
2,6777,0.5718750000,4,183,0,8,40
2,6778,0.6406250000,2,205,1,8,40
8,6779,0.7843750000,1,251,0,8,40
7,6780,0.9875000000,7,316,1,8,40
3,6781,0.5218750000,6,167,0,8,40
5,6782,0.2875000000,5,92,1,8,40
3,6783,0.5812500000,6,186,0,8,40
9,6784,0.8312500000,9,266,1,8,40
6,6785,0.7000000000,6,224,1,8,40
3,6786,0.5375000000,2,172,0,8,40
5,6787,0.8625000000,5,276,1,8,40
1,6788,0.9937500000,1,318,1,8,40
1,6789,0.9250000000,1,296,1,8,40
7,6790,0.3000000000,2,96,0,8,40
7,6791,0.9406250000,7,301,1,8,40
3,6792,0.2843750000,5,91,0,8,40
3,6793,0.8437500000,3,270,1,8,40
8,6794,0.9687500000,8,310,1,8,40
9,6795,0.3406250000,1,109,0,8,40
6,6796,0.8718750000,6,279,1,8,40
0,6797,0.9562500000,0,306,1,8,40
8,6798,0.9593750000,8,307,1,8,40
0,6799,0.6500000000,0,208,1,8,40
6,6800,0.4687500000,6,150,1,8,40
6,6801,0.9937500000,6,318,1,8,40
4,6802,0.5656250000,4,181,1,8,40
6,6803,0.8281250000,6,265,1,8,40
9,6804,0.7187500000,9,230,1,8,40
1,6805,0.9781250000,1,313,1,8,40
1,6806,0.9812500000,1,314,1,8,40
7,6807,0.9875000000,7,316,1,8,40
0,6808,0.5437500000,8,174,0,8,40
6,6809,0.8500000000,6,272,1,8,40
8,6810,0.9656250000,8,309,1,8,40
9,6811,0.9625000000,9,308,1,8,40
0,6812,0.7718750000,0,247,1,8,40
6,6813,0.9125000000,6,292,1,8,40
9,6814,0.8375000000,1,268,0,8,40
0,6815,0.9656250000,0,309,1,8,40
1,6816,0.9281250000,1,297,1,8,40
1,6817,0.5593750000,1,179,1,8,40
7,6818,0.9843750000,7,315,1,8,40
2,6819,0.7406250000,2,237,1,8,40
1,6820,0.9218750000,1,295,1,8,40
0,6821,0.5156250000,0,165,1,8,40
4,6822,0.5187500000,4,166,1,8,40
5,6823,0.8062500000,5,258,1,8,40
0,6824,0.7656250000,0,245,1,8,40
3,6825,0.9562500000,3,306,1,8,40
6,6826,0.9750000000,6,312,1,8,40
3,6827,0.4968750000,3,159,1,8,40
3,6828,0.8906250000,3,285,1,8,40
8,6829,0.9187500000,8,294,1,8,40
1,6830,0.7156250000,1,229,1,8,40
8,6831,0.9281250000,8,297,1,8,40
1,6832,0.6968750000,1,223,1,8,40
3,6833,0.3437500000,3,110,1,8,40
1,6834,0.7625000000,1,244,1,8,40
5,6835,0.4000000000,5,128,1,8,40
4,6836,0.6718750000,7,215,0,8,40
5,6837,0.6156250000,5,197,1,8,40
1,6838,0.9375000000,1,300,1,8,40
8,6839,0.2875000000,4,92,0,8,40
9,6840,0.9656250000,9,309,1,8,40
1,6841,0.5343750000,9,171,0,8,40
3,6842,0.3656250000,3,117,1,8,40
1,6843,0.7656250000,1,245,1,8,40
7,6844,0.9875000000,7,316,1,8,40
2,6845,0.3062500000,4,98,0,8,40
9,6846,0.9812500000,9,314,1,8,40
8,6847,0.9781250000,8,313,1,8,40
9,6848,0.4718750000,9,151,1,8,40
4,6849,0.6687500000,2,214,0,8,40
6,6850,0.6531250000,6,209,1,8,40
0,6851,0.8437500000,0,270,1,8,40
9,6852,0.5812500000,9,186,1,8,40
4,6853,0.5375000000,5,172,0,8,40
0,6854,0.6843750000,0,219,1,8,40
4,6855,0.7968750000,4,255,1,8,40
6,6856,0.3187500000,6,102,1,8,40
2,6857,0.4281250000,2,137,1,8,40
1,6858,0.8625000000,1,276,1,8,40
3,6859,0.9156250000,1,293,0,8,40
0,6860,0.7718750000,0,247,1,8,40
8,6861,0.5937500000,8,190,1,8,40
5,6862,0.3812500000,3,122,0,8,40
6,6863,0.8562500000,6,274,1,8,40
0,6864,0.8875000000,0,284,1,8,40
3,6865,0.4562500000,3,146,1,8,40
4,6866,0.5812500000,6,186,0,8,40
6,6867,0.9656250000,6,309,1,8,40
9,6868,0.5250000000,1,168,0,8,40
5,6869,0.2500000000,3,80,0,8,40
7,6870,0.5218750000,7,167,1,8,40
9,6871,0.3937500000,9,126,1,8,40
0,6872,0.3812500000,0,122,1,8,40
3,6873,0.3718750000,3,119,1,8,40
6,6874,0.8625000000,6,276,1,8,40
5,6875,0.9312500000,5,298,1,8,40
7,6876,0.4125000000,3,132,0,8,40
0,6877,0.6250000000,0,200,1,8,40
5,6878,0.8093750000,5,259,1,8,40
1,6879,0.8406250000,1,269,1,8,40
2,6880,0.9125000000,2,292,1,8,40
2,6881,0.4250000000,4,136,0,8,40
9,6882,0.9156250000,9,293,1,8,40
7,6883,0.5593750000,4,179,0,8,40
0,6884,0.9656250000,0,309,1,8,40
0,6885,0.9437500000,0,302,1,8,40
1,6886,0.9750000000,1,312,1,8,40
4,6887,0.3968750000,4,127,1,8,40
4,6888,0.8437500000,4,270,1,8,40
5,6889,0.8937500000,5,286,1,8,40
5,6890,0.9375000000,5,300,1,8,40
9,6891,0.9375000000,9,300,1,8,40
6,6892,0.7937500000,6,254,1,8,40
3,6893,0.9000000000,3,288,1,8,40
6,6894,0.9812500000,6,314,1,8,40
2,6895,0.7187500000,2,230,1,8,40
6,6896,0.7812500000,6,250,1,8,40
9,6897,0.5406250000,8,173,0,8,40
3,6898,0.4531250000,5,145,0,8,40
2,6899,0.4687500000,5,150,0,8,40
3,6900,0.6406250000,3,205,1,8,40
2,6901,0.3468750000,9,111,0,8,40
4,6902,0.7343750000,4,235,1,8,40
9,6903,0.8968750000,9,287,1,8,40
5,6904,0.4093750000,0,131,0,8,40
2,6905,0.8031250000,2,257,1,8,40
1,6906,0.4218750000,9,135,0,8,40
6,6907,0.9125000000,6,292,1,8,40
6,6908,0.8031250000,6,257,1,8,40
4,6909,0.5968750000,4,191,1,8,40
7,6910,0.9843750000,7,315,1,8,40
6,6911,0.9781250000,6,313,1,8,40
3,6912,0.4843750000,9,155,0,8,40
3,6913,0.5343750000,3,171,1,8,40
8,6914,0.5375000000,8,172,1,8,40
1,6915,0.9281250000,1,297,1,8,40
4,6916,0.6593750000,4,211,1,8,40
6,6917,0.6281250000,6,201,1,8,40
4,6918,0.7562500000,4,242,1,8,40
4,6919,0.6812500000,4,218,1,8,40
5,6920,0.4250000000,2,136,0,8,40
6,6921,0.9187500000,6,294,1,8,40
2,6922,0.9468750000,6,303,0,8,40
0,6923,0.9093750000,0,291,1,8,40
5,6924,0.4187500000,5,134,1,8,40
2,6925,0.5968750000,2,191,1,8,40
7,6926,0.3187500000,7,102,1,8,40
5,6927,0.8625000000,5,276,1,8,40
2,6928,0.9281250000,2,297,1,8,40
5,6929,0.6656250000,5,213,1,8,40
2,6930,0.8156250000,0,261,0,8,40
5,6931,0.6781250000,5,217,1,8,40
9,6932,0.6156250000,9,197,1,8,40
0,6933,0.2718750000,4,87,0,8,40
6,6934,0.9250000000,6,296,1,8,40
7,6935,0.9312500000,7,298,1,8,40
9,6936,0.4250000000,9,136,1,8,40
8,6937,0.8156250000,8,261,1,8,40
3,6938,0.3250000000,2,104,0,8,40
2,6939,0.9687500000,2,310,1,8,40
1,6940,0.9750000000,1,312,1,8,40
4,6941,0.4906250000,3,157,0,8,40
3,6942,0.5093750000,3,163,1,8,40
4,6943,0.8625000000,4,276,1,8,40
5,6944,0.5812500000,5,186,1,8,40
5,6945,0.8750000000,5,280,1,8,40
6,6946,0.7562500000,6,242,1,8,40
8,6947,0.9500000000,8,304,1,8,40
6,6948,0.7156250000,6,229,1,8,40
0,6949,0.2062500000,3,66,0,8,40
8,6950,0.4812500000,8,154,1,8,40
9,6951,0.8156250000,9,261,1,8,40
8,6952,0.4375000000,0,140,0,8,40
0,6953,0.5406250000,0,173,1,8,40
7,6954,0.5875000000,7,188,1,8,40
7,6955,0.9781250000,7,313,1,8,40
6,6956,1.0000000000,6,320,1,8,40
6,6957,0.7687500000,6,246,1,8,40
7,6958,0.3687500000,7,118,1,8,40
5,6959,0.3468750000,4,111,0,8,40
9,6960,0.5187500000,9,166,1,8,40
8,6961,0.5843750000,8,187,1,8,40
7,6962,0.4250000000,5,136,0,8,40
9,6963,0.7500000000,9,240,1,8,40
5,6964,0.9187500000,5,294,1,8,40
6,6965,0.4312500000,5,138,0,8,40
0,6966,0.8250000000,0,264,1,8,40
4,6967,0.5750000000,4,184,1,8,40
8,6968,0.5000000000,0,160,0,8,40
2,6969,0.5781250000,3,185,0,8,40
0,6970,0.3875000000,5,124,0,8,40
9,6971,0.9843750000,9,315,1,8,40
1,6972,0.8968750000,1,287,1,8,40
3,6973,0.7906250000,3,253,1,8,40
9,6974,0.7281250000,9,233,1,8,40
8,6975,0.8031250000,1,257,0,8,40
3,6976,0.5093750000,0,163,0,8,40
7,6977,0.4656250000,5,149,0,8,40
4,6978,0.8406250000,4,269,1,8,40
5,6979,0.7312500000,4,234,0,8,40
0,6980,0.5843750000,0,187,1,8,40
2,6981,0.9062500000,2,290,1,8,40
1,6982,0.7312500000,9,234,0,8,40
9,6983,0.5531250000,1,177,0,8,40
1,6984,0.9625000000,1,308,1,8,40
0,6985,0.7812500000,8,250,0,8,40
5,6986,0.5750000000,5,184,1,8,40
8,6987,0.9250000000,8,296,1,8,40
4,6988,0.4531250000,4,145,1,8,40
7,6989,0.7125000000,7,228,1,8,40
3,6990,0.9843750000,3,315,1,8,40
1,6991,0.8156250000,1,261,1,8,40
4,6992,0.3375000000,4,108,1,8,40
5,6993,0.9375000000,3,300,0,8,40
3,6994,0.4843750000,4,155,0,8,40
1,6995,0.8437500000,1,270,1,8,40
0,6996,0.9687500000,0,310,1,8,40
8,6997,0.3562500000,3,114,0,8,40
8,6998,0.8968750000,8,287,1,8,40
8,6999,0.8187500000,8,262,1,8,40
2,7000,0.7062500000,8,226,0,8,40
1,7001,0.9937500000,1,318,1,8,40
3,7002,0.4906250000,6,157,0,8,40
7,7003,0.9312500000,7,298,1,8,40
3,7004,0.6218750000,0,199,0,8,40
1,7005,0.4812500000,8,154,0,8,40
6,7006,0.9625000000,6,308,1,8,40
9,7007,0.8250000000,9,264,1,8,40
1,7008,0.9343750000,1,299,1,8,40
6,7009,0.8656250000,3,277,0,8,40
0,7010,0.8875000000,0,284,1,8,40
7,7011,0.8781250000,7,281,1,8,40
7,7012,0.9593750000,7,307,1,8,40
1,7013,0.9656250000,1,309,1,8,40
3,7014,0.6781250000,3,217,1,8,40
3,7015,0.4875000000,3,156,1,8,40
3,7016,0.4312500000,3,138,1,8,40
1,7017,0.5468750000,9,175,0,8,40
0,7018,0.8406250000,0,269,1,8,40
2,7019,0.8031250000,2,257,1,8,40
7,7020,0.9843750000,7,315,1,8,40
1,7021,0.6718750000,9,215,0,8,40
2,7022,0.8750000000,2,280,1,8,40
2,7023,0.7718750000,2,247,1,8,40
9,7024,0.9125000000,9,292,1,8,40
6,7025,0.9437500000,6,302,1,8,40
3,7026,0.5500000000,3,176,1,8,40
5,7027,0.4531250000,5,145,1,8,40
9,7028,0.2937500000,6,94,0,8,40
4,7029,0.8031250000,4,257,1,8,40
8,7030,0.6687500000,8,214,1,8,40
0,7031,0.9593750000,0,307,1,8,40
4,7032,0.6343750000,4,203,1,8,40
8,7033,0.8906250000,8,285,1,8,40
0,7034,0.9562500000,0,306,1,8,40
1,7035,0.8593750000,9,275,0,8,40
3,7036,0.3125000000,3,100,1,8,40
7,7037,0.3906250000,3,125,0,8,40
0,7038,0.8437500000,0,270,1,8,40
4,7039,0.8125000000,4,260,1,8,40
7,7040,0.5187500000,0,166,0,8,40
4,7041,0.4781250000,0,153,0,8,40
8,7042,0.9687500000,8,310,1,8,40
6,7043,0.9906250000,6,317,1,8,40
4,7044,0.4531250000,2,145,0,8,40
3,7045,0.8562500000,3,274,1,8,40
9,7046,0.9312500000,9,298,1,8,40
8,7047,0.8343750000,8,267,1,8,40
2,7048,0.5250000000,2,168,1,8,40
2,7049,0.9562500000,2,306,1,8,40
8,7050,0.8718750000,8,279,1,8,40
3,7051,0.6281250000,3,201,1,8,40
1,7052,0.9531250000,1,305,1,8,40
1,7053,0.9468750000,1,303,1,8,40
2,7054,0.5312500000,0,170,0,8,40
8,7055,0.4500000000,0,144,0,8,40
2,7056,0.6781250000,2,217,1,8,40
6,7057,0.9906250000,6,317,1,8,40
9,7058,0.9875000000,9,316,1,8,40
4,7059,0.8000000000,6,256,0,8,40
8,7060,0.9781250000,8,313,1,8,40
4,7061,0.4562500000,2,146,0,8,40
4,7062,0.5343750000,6,171,0,8,40
1,7063,0.6750000000,1,216,1,8,40
5,7064,0.8437500000,5,270,1,8,40
2,7065,0.5593750000,2,179,1,8,40
6,7066,0.9343750000,6,299,1,8,40
9,7067,0.7875000000,9,252,1,8,40
2,7068,0.7125000000,0,228,0,8,40
0,7069,0.9687500000,0,310,1,8,40
7,7070,0.8968750000,7,287,1,8,40
1,7071,0.9937500000,1,318,1,8,40
8,7072,0.8406250000,8,269,1,8,40
9,7073,0.9187500000,9,294,1,8,40
3,7074,0.5375000000,3,172,1,8,40
9,7075,0.9125000000,9,292,1,8,40
9,7076,0.9250000000,9,296,1,8,40
0,7077,0.8968750000,0,287,1,8,40
7,7078,0.9843750000,7,315,1,8,40
7,7079,1.0000000000,7,320,1,8,40
5,7080,0.4406250000,4,141,0,8,40
4,7081,0.4625000000,4,148,1,8,40
2,7082,0.7187500000,2,230,1,8,40
6,7083,0.3437500000,3,110,0,8,40
4,7084,0.6843750000,4,219,1,8,40
5,7085,0.3593750000,2,115,0,8,40
7,7086,0.9750000000,7,312,1,8,40
7,7087,0.4718750000,7,151,1,8,40
8,7088,0.9656250000,8,309,1,8,40
7,7089,0.9718750000,7,311,1,8,40
2,7090,0.3468750000,3,111,0,8,40
6,7091,0.6281250000,6,201,1,8,40
2,7092,0.9562500000,2,306,1,8,40
2,7093,0.5125000000,2,164,1,8,40
4,7094,0.9843750000,4,315,1,8,40
4,7095,0.6750000000,4,216,1,8,40
0,7096,0.8625000000,0,276,1,8,40
7,7097,0.4687500000,5,150,0,8,40
1,7098,0.9937500000,1,318,1,8,40
3,7099,0.7781250000,5,249,0,8,40
9,7100,0.4093750000,3,131,0,8,40
6,7101,0.9625000000,6,308,1,8,40
0,7102,0.8875000000,0,284,1,8,40
0,7103,0.8625000000,0,276,1,8,40
2,7104,0.5250000000,2,168,1,8,40
3,7105,0.8468750000,3,271,1,8,40
8,7106,0.8656250000,8,277,1,8,40
2,7107,0.6375000000,4,204,0,8,40
2,7108,0.8343750000,2,267,1,8,40
4,7109,0.9687500000,4,310,1,8,40
3,7110,0.5593750000,2,179,0,8,40
5,7111,0.9875000000,5,316,1,8,40
2,7112,0.9312500000,0,298,0,8,40
9,7113,0.9000000000,9,288,1,8,40
1,7114,0.9875000000,1,316,1,8,40
0,7115,0.9312500000,0,298,1,8,40
0,7116,0.8406250000,0,269,1,8,40
6,7117,0.6093750000,6,195,1,8,40
5,7118,1.0000000000,5,320,1,8,40
5,7119,0.6250000000,9,200,0,8,40
7,7120,0.8875000000,7,284,1,8,40
9,7121,0.8812500000,9,282,1,8,40
9,7122,0.9687500000,9,310,1,8,40
6,7123,0.9218750000,6,295,1,8,40
5,7124,0.5750000000,5,184,1,8,40
5,7125,0.8937500000,5,286,1,8,40
0,7126,0.3843750000,0,123,1,8,40
5,7127,0.4906250000,5,157,1,8,40
7,7128,0.6437500000,3,206,0,8,40
1,7129,0.9156250000,1,293,1,8,40
6,7130,0.9875000000,6,316,1,8,40
6,7131,0.9343750000,6,299,1,8,40
4,7132,0.6125000000,4,196,1,8,40
1,7133,0.6750000000,1,216,1,8,40
4,7134,0.7062500000,4,226,1,8,40
4,7135,0.9531250000,4,305,1,8,40
1,7136,0.9250000000,1,296,1,8,40
5,7137,0.8968750000,5,287,1,8,40
0,7138,0.6562500000,0,210,1,8,40
0,7139,0.9406250000,0,301,1,8,40
4,7140,0.5218750000,2,167,0,8,40
5,7141,0.7125000000,5,228,1,8,40
8,7142,0.6031250000,8,193,1,8,40
4,7143,0.6218750000,2,199,0,8,40
8,7144,0.9906250000,8,317,1,8,40
3,7145,0.4906250000,5,157,0,8,40
0,7146,0.7218750000,0,231,1,8,40
5,7147,0.4750000000,5,152,1,8,40
0,7148,0.7468750000,0,239,1,8,40
5,7149,0.4375000000,3,140,0,8,40
3,7150,0.5000000000,3,160,1,8,40
1,7151,0.9343750000,1,299,1,8,40
6,7152,0.4750000000,6,152,1,8,40
7,7153,0.5437500000,7,174,1,8,40
0,7154,0.8843750000,0,283,1,8,40
9,7155,0.6156250000,9,197,1,8,40
1,7156,0.9718750000,1,311,1,8,40
5,7157,0.9718750000,5,311,1,8,40
7,7158,0.9687500000,7,310,1,8,40
6,7159,0.8906250000,6,285,1,8,40
5,7160,0.7000000000,5,224,1,8,40
5,7161,0.4093750000,6,131,0,8,40
5,7162,0.7968750000,7,255,0,8,40
6,7163,0.9625000000,6,308,1,8,40
0,7164,0.9500000000,0,304,1,8,40
0,7165,0.9093750000,0,291,1,8,40
1,7166,0.9656250000,1,309,1,8,40
7,7167,0.9937500000,7,318,1,8,40
5,7168,0.5875000000,3,188,0,8,40
1,7169,0.7343750000,1,235,1,8,40
9,7170,0.8125000000,9,260,1,8,40
2,7171,0.5062500000,2,162,1,8,40
4,7172,0.8750000000,4,280,1,8,40
1,7173,0.7062500000,6,226,0,8,40
3,7174,0.8843750000,6,283,0,8,40
7,7175,0.7562500000,7,242,1,8,40
8,7176,0.7125000000,8,228,1,8,40
2,7177,0.3875000000,0,124,0,8,40
0,7178,0.9312500000,0,298,1,8,40
9,7179,0.9468750000,9,303,1,8,40
6,7180,0.9625000000,6,308,1,8,40
6,7181,0.3968750000,6,127,1,8,40
0,7182,0.4968750000,8,159,0,8,40
6,7183,0.3562500000,2,114,0,8,40
5,7184,0.5062500000,5,162,1,8,40
8,7185,0.9062500000,8,290,1,8,40
2,7186,0.4468750000,7,143,0,8,40
7,7187,0.9187500000,7,294,1,8,40
4,7188,0.4406250000,4,141,1,8,40
0,7189,0.7937500000,0,254,1,8,40
2,7190,0.9875000000,2,316,1,8,40
7,7191,0.6750000000,7,216,1,8,40
7,7192,0.8937500000,7,286,1,8,40
8,7193,0.9312500000,8,298,1,8,40
8,7194,0.9375000000,8,300,1,8,40
7,7195,0.7156250000,2,229,0,8,40
0,7196,0.8125000000,0,260,1,8,40
4,7197,0.6281250000,3,201,0,8,40
9,7198,0.4968750000,8,159,0,8,40
1,7199,0.8250000000,1,264,1,8,40
4,7200,0.5906250000,4,189,1,8,40
4,7201,0.3000000000,3,96,0,8,40
3,7202,0.5062500000,3,162,1,8,40
5,7203,0.5156250000,7,165,0,8,40
4,7204,0.8875000000,4,284,1,8,40
6,7205,0.8906250000,6,285,1,8,40
2,7206,0.8625000000,2,276,1,8,40
3,7207,0.7375000000,3,236,1,8,40
1,7208,0.9906250000,1,317,1,8,40
0,7209,0.9281250000,0,297,1,8,40
3,7210,0.3812500000,6,122,0,8,40
3,7211,0.6312500000,3,202,1,8,40
3,7212,0.4562500000,3,146,1,8,40
6,7213,0.7125000000,2,228,0,8,40
3,7214,0.9656250000,5,309,0,8,40
1,7215,0.9812500000,1,314,1,8,40
2,7216,0.9843750000,2,315,1,8,40
8,7217,0.3406250000,4,109,0,8,40
9,7218,0.7187500000,0,230,0,8,40
7,7219,0.8375000000,7,268,1,8,40
9,7220,0.7968750000,9,255,1,8,40
3,7221,0.7500000000,3,240,1,8,40
8,7222,0.8218750000,8,263,1,8,40
7,7223,0.8593750000,7,275,1,8,40
3,7224,0.3625000000,3,116,1,8,40
1,7225,0.9406250000,1,301,1,8,40
7,7226,0.9812500000,7,314,1,8,40
7,7227,0.4812500000,7,154,1,8,40
3,7228,0.2968750000,0,95,0,8,40
2,7229,0.4781250000,2,153,1,8,40
2,7230,0.7687500000,2,246,1,8,40
8,7231,0.5687500000,8,182,1,8,40
9,7232,0.6937500000,9,222,1,8,40
5,7233,0.4906250000,5,157,1,8,40
9,7234,0.8781250000,9,281,1,8,40
2,7235,0.5031250000,2,161,1,8,40
1,7236,0.5906250000,1,189,1,8,40
7,7237,0.9125000000,7,292,1,8,40
4,7238,0.4406250000,4,141,1,8,40
4,7239,0.7500000000,4,240,1,8,40
0,7240,0.9375000000,0,300,1,8,40
5,7241,0.4625000000,3,148,0,8,40
7,7242,0.4718750000,3,151,0,8,40
1,7243,0.5812500000,1,186,1,8,40
5,7244,0.9062500000,5,290,1,8,40
4,7245,0.9281250000,4,297,1,8,40
0,7246,0.7718750000,2,247,0,8,40
8,7247,0.8437500000,8,270,1,8,40
4,7248,0.6062500000,4,194,1,8,40
9,7249,0.9750000000,9,312,1,8,40
8,7250,0.7750000000,8,248,1,8,40
7,7251,0.8156250000,7,261,1,8,40
8,7252,0.9531250000,8,305,1,8,40
4,7253,0.8062500000,4,258,1,8,40
2,7254,0.8125000000,2,260,1,8,40
3,7255,0.6406250000,3,205,1,8,40
4,7256,0.9343750000,4,299,1,8,40
0,7257,0.5781250000,0,185,1,8,40
5,7258,0.7187500000,3,230,0,8,40
4,7259,0.7218750000,4,231,1,8,40
1,7260,0.5156250000,1,165,1,8,40
8,7261,0.8093750000,8,259,1,8,40
2,7262,0.6125000000,2,196,1,8,40
5,7263,0.6343750000,5,203,1,8,40
4,7264,0.8218750000,4,263,1,8,40
5,7265,0.5437500000,5,174,1,8,40
2,7266,0.6093750000,2,195,1,8,40
5,7267,0.3312500000,5,106,1,8,40
3,7268,0.9062500000,3,290,1,8,40
7,7269,0.9343750000,7,299,1,8,40
9,7270,0.9437500000,9,302,1,8,40
7,7271,0.3531250000,4,113,0,8,40
1,7272,0.9781250000,1,313,1,8,40
4,7273,0.9562500000,4,306,1,8,40
1,7274,0.6750000000,9,216,0,8,40
3,7275,0.3843750000,1,123,0,8,40
1,7276,0.9593750000,1,307,1,8,40
4,7277,0.9187500000,4,294,1,8,40
5,7278,0.5218750000,5,167,1,8,40
5,7279,0.9187500000,5,294,1,8,40
1,7280,0.5593750000,9,179,0,8,40
7,7281,0.6312500000,7,202,1,8,40
1,7282,0.9468750000,1,303,1,8,40
3,7283,0.3718750000,4,119,0,8,40
0,7284,0.6625000000,0,212,1,8,40
1,7285,0.5312500000,1,170,1,8,40
2,7286,0.5843750000,2,187,1,8,40
5,7287,0.3406250000,3,109,0,8,40
7,7288,0.9281250000,7,297,1,8,40
0,7289,0.8250000000,0,264,1,8,40
6,7290,0.4156250000,3,133,0,8,40
3,7291,0.9687500000,3,310,1,8,40
5,7292,0.7593750000,3,243,0,8,40
7,7293,0.9593750000,7,307,1,8,40
5,7294,0.7218750000,5,231,1,8,40
5,7295,0.9125000000,5,292,1,8,40
8,7296,0.9781250000,8,313,1,8,40
9,7297,0.9062500000,9,290,1,8,40
4,7298,0.6187500000,4,198,1,8,40
6,7299,0.9593750000,6,307,1,8,40
3,7300,0.4156250000,4,133,0,8,40
6,7301,0.9750000000,6,312,1,8,40
6,7302,0.9687500000,6,310,1,8,40
8,7303,0.8562500000,8,274,1,8,40
2,7304,0.3937500000,2,126,1,8,40
6,7305,0.9250000000,6,296,1,8,40
4,7306,0.7250000000,4,232,1,8,40
8,7307,0.9812500000,8,314,1,8,40
4,7308,0.8187500000,4,262,1,8,40
1,7309,0.9906250000,1,317,1,8,40
3,7310,0.6875000000,5,220,0,8,40
1,7311,0.6093750000,1,195,1,8,40
2,7312,0.9531250000,2,305,1,8,40
3,7313,0.7375000000,3,236,1,8,40
3,7314,0.3062500000,3,98,1,8,40
0,7315,0.8843750000,0,283,1,8,40
1,7316,0.8781250000,1,281,1,8,40
6,7317,0.9500000000,6,304,1,8,40
4,7318,0.5000000000,2,160,0,8,40
2,7319,0.8031250000,2,257,1,8,40
8,7320,0.6281250000,8,201,1,8,40
2,7321,0.9187500000,2,294,1,8,40
4,7322,0.8968750000,4,287,1,8,40
3,7323,0.5718750000,3,183,1,8,40
1,7324,0.4187500000,1,134,1,8,40
4,7325,0.9750000000,4,312,1,8,40
4,7326,0.9093750000,4,291,1,8,40
4,7327,0.9718750000,4,311,1,8,40
4,7328,0.8406250000,4,269,1,8,40
1,7329,0.5468750000,9,175,0,8,40
5,7330,0.5093750000,5,163,1,8,40
5,7331,0.9593750000,5,307,1,8,40
7,7332,0.9625000000,7,308,1,8,40
6,7333,0.9687500000,6,310,1,8,40
5,7334,0.5000000000,3,160,0,8,40
4,7335,0.9093750000,4,291,1,8,40
5,7336,0.6687500000,5,214,1,8,40
6,7337,0.9656250000,6,309,1,8,40
5,7338,0.9750000000,5,312,1,8,40
6,7339,0.9531250000,6,305,1,8,40
2,7340,0.9250000000,2,296,1,8,40
4,7341,0.8593750000,4,275,1,8,40
7,7342,0.9031250000,7,289,1,8,40
7,7343,0.4375000000,7,140,1,8,40
4,7344,0.3281250000,6,105,0,8,40
6,7345,0.9375000000,6,300,1,8,40
5,7346,0.8093750000,5,259,1,8,40
0,7347,0.8031250000,0,257,1,8,40
2,7348,0.8375000000,2,268,1,8,40
3,7349,0.8875000000,3,284,1,8,40
9,7350,0.9531250000,9,305,1,8,40
2,7351,0.8718750000,1,279,0,8,40
3,7352,0.9093750000,3,291,1,8,40
8,7353,0.9843750000,8,315,1,8,40
0,7354,0.9812500000,0,314,1,8,40
7,7355,0.9906250000,7,317,1,8,40
0,7356,0.7500000000,0,240,1,8,40
6,7357,0.9312500000,6,298,1,8,40
8,7358,0.9343750000,8,299,1,8,40
1,7359,0.9968750000,1,319,1,8,40
2,7360,0.6093750000,7,195,0,8,40
8,7361,0.8500000000,8,272,1,8,40
9,7362,0.6468750000,1,207,0,8,40
1,7363,0.9812500000,1,314,1,8,40
5,7364,0.5625000000,5,180,1,8,40
4,7365,0.8718750000,4,279,1,8,40
2,7366,0.5593750000,2,179,1,8,40
3,7367,0.7718750000,5,247,0,8,40
5,7368,0.8375000000,5,268,1,8,40
5,7369,0.9437500000,5,302,1,8,40
3,7370,0.3625000000,8,116,0,8,40
6,7371,0.9812500000,6,314,1,8,40
5,7372,0.9093750000,5,291,1,8,40
0,7373,0.7937500000,0,254,1,8,40
3,7374,0.6031250000,3,193,1,8,40
2,7375,0.3312500000,2,106,1,8,40
1,7376,0.9375000000,1,300,1,8,40
3,7377,0.5250000000,3,168,1,8,40
3,7378,0.4843750000,5,155,0,8,40
7,7379,0.6343750000,7,203,1,8,40
7,7380,0.8718750000,7,279,1,8,40
4,7381,0.9687500000,4,310,1,8,40
9,7382,0.7062500000,0,226,0,8,40
4,7383,0.5187500000,4,166,1,8,40
3,7384,0.5687500000,5,182,0,8,40
9,7385,0.9906250000,9,317,1,8,40
5,7386,0.7000000000,5,224,1,8,40
1,7387,0.9593750000,1,307,1,8,40
7,7388,0.9343750000,7,299,1,8,40
6,7389,0.8281250000,6,265,1,8,40
6,7390,0.7437500000,6,238,1,8,40
4,7391,0.5687500000,4,182,1,8,40
8,7392,0.8656250000,8,277,1,8,40
5,7393,0.7187500000,4,230,0,8,40
1,7394,0.9656250000,1,309,1,8,40
2,7395,0.5812500000,5,186,0,8,40
8,7396,0.6187500000,8,198,1,8,40
4,7397,0.6125000000,6,196,0,8,40
5,7398,0.8812500000,3,282,0,8,40
3,7399,0.8562500000,3,274,1,8,40
3,7400,0.7593750000,3,243,1,8,40
3,7401,0.5750000000,3,184,1,8,40
0,7402,0.5406250000,0,173,1,8,40
4,7403,0.5500000000,4,176,1,8,40
8,7404,0.7062500000,8,226,1,8,40
7,7405,0.9843750000,7,315,1,8,40
7,7406,0.6843750000,2,219,0,8,40
9,7407,0.7312500000,9,234,1,8,40
4,7408,0.3718750000,2,119,0,8,40
8,7409,0.9718750000,8,311,1,8,40
4,7410,0.6875000000,4,220,1,8,40
5,7411,0.4875000000,4,156,0,8,40
9,7412,0.7593750000,9,243,1,8,40
1,7413,0.7937500000,1,254,1,8,40
8,7414,0.4968750000,0,159,0,8,40
3,7415,0.6937500000,3,222,1,8,40
1,7416,0.3343750000,8,107,0,8,40
3,7417,0.6718750000,3,215,1,8,40
8,7418,0.8843750000,8,283,1,8,40
0,7419,0.7968750000,0,255,1,8,40
3,7420,0.4750000000,4,152,0,8,40
5,7421,0.3812500000,5,122,1,8,40
4,7422,0.5187500000,4,166,1,8,40
6,7423,0.9156250000,6,293,1,8,40
9,7424,0.8718750000,9,279,1,8,40
2,7425,0.7562500000,2,242,1,8,40
7,7426,0.9968750000,7,319,1,8,40
2,7427,0.4812500000,2,154,1,8,40
0,7428,0.9750000000,0,312,1,8,40
5,7429,0.4625000000,3,148,0,8,40
2,7430,0.6937500000,2,222,1,8,40
9,7431,0.8343750000,9,267,1,8,40
7,7432,0.9968750000,7,319,1,8,40
5,7433,0.9812500000,5,314,1,8,40
0,7434,0.9781250000,0,313,1,8,40
7,7435,0.5562500000,7,178,1,8,40
0,7436,0.8281250000,0,265,1,8,40
3,7437,0.5031250000,3,161,1,8,40
5,7438,0.8406250000,5,269,1,8,40
5,7439,0.6312500000,3,202,0,8,40
3,7440,0.8906250000,3,285,1,8,40
8,7441,0.8468750000,8,271,1,8,40
7,7442,0.6812500000,7,218,1,8,40
7,7443,0.2937500000,2,94,0,8,40
9,7444,0.5312500000,1,170,0,8,40
6,7445,0.8906250000,6,285,1,8,40
5,7446,0.2781250000,7,89,0,8,40
8,7447,0.3906250000,8,125,1,8,40
9,7448,0.9218750000,9,295,1,8,40
0,7449,0.5218750000,2,167,0,8,40
1,7450,0.9906250000,1,317,1,8,40
9,7451,0.6218750000,9,199,1,8,40
4,7452,0.9062500000,4,290,1,8,40
0,7453,0.6031250000,9,193,0,8,40
0,7454,0.8000000000,0,256,1,8,40
1,7455,0.9375000000,9,300,0,8,40
7,7456,0.3843750000,7,123,1,8,40
2,7457,0.6250000000,2,200,1,8,40
2,7458,0.7781250000,5,249,0,8,40
8,7459,0.9375000000,8,300,1,8,40
5,7460,0.9843750000,5,315,1,8,40
9,7461,0.8593750000,9,275,1,8,40
8,7462,0.6125000000,8,196,1,8,40
2,7463,0.9000000000,2,288,1,8,40
8,7464,0.9500000000,8,304,1,8,40
0,7465,0.6656250000,0,213,1,8,40
6,7466,0.9843750000,6,315,1,8,40
6,7467,0.9937500000,6,318,1,8,40
8,7468,0.9531250000,8,305,1,8,40
6,7469,0.7906250000,6,253,1,8,40
9,7470,0.8156250000,9,261,1,8,40
6,7471,0.3875000000,6,124,1,8,40
1,7472,0.7500000000,1,240,1,8,40
1,7473,0.8875000000,1,284,1,8,40
5,7474,0.7562500000,5,242,1,8,40
3,7475,0.9281250000,3,297,1,8,40
5,7476,0.7781250000,5,249,1,8,40
0,7477,0.8906250000,0,285,1,8,40
7,7478,0.6937500000,7,222,1,8,40
6,7479,0.9906250000,6,317,1,8,40
1,7480,0.5156250000,1,165,1,8,40
4,7481,0.9000000000,4,288,1,8,40
4,7482,0.4937500000,4,158,1,8,40
1,7483,0.9218750000,1,295,1,8,40
1,7484,0.9906250000,1,317,1,8,40
8,7485,0.9750000000,8,312,1,8,40
1,7486,0.9000000000,1,288,1,8,40
1,7487,0.9718750000,1,311,1,8,40
2,7488,0.8593750000,2,275,1,8,40
3,7489,0.5500000000,3,176,1,8,40
4,7490,0.8593750000,4,275,1,8,40
9,7491,0.4625000000,9,148,1,8,40
9,7492,0.9281250000,9,297,1,8,40
5,7493,0.6125000000,5,196,1,8,40
2,7494,0.9500000000,2,304,1,8,40
7,7495,0.9218750000,7,295,1,8,40
3,7496,0.5343750000,2,171,0,8,40
3,7497,0.3500000000,3,112,1,8,40
6,7498,0.9000000000,6,288,1,8,40
9,7499,0.4750000000,1,152,0,8,40
6,7500,0.9625000000,6,308,1,8,40
9,7501,0.8906250000,9,285,1,8,40
8,7502,0.8875000000,8,284,1,8,40
8,7503,0.9125000000,8,292,1,8,40
6,7504,0.4531250000,3,145,0,8,40
7,7505,0.6968750000,7,223,1,8,40
4,7506,0.8062500000,4,258,1,8,40
7,7507,0.5406250000,5,173,0,8,40
2,7508,0.6656250000,2,213,1,8,40
3,7509,0.4406250000,7,141,0,8,40
8,7510,0.9156250000,8,293,1,8,40
0,7511,0.8875000000,0,284,1,8,40
9,7512,0.8718750000,9,279,1,8,40
0,7513,0.6750000000,0,216,1,8,40
7,7514,0.9968750000,7,319,1,8,40
8,7515,0.8031250000,8,257,1,8,40
1,7516,0.9937500000,1,318,1,8,40
2,7517,0.7312500000,2,234,1,8,40
3,7518,0.5593750000,4,179,0,8,40
2,7519,0.4625000000,2,148,1,8,40
4,7520,0.8750000000,4,280,1,8,40
2,7521,0.9218750000,2,295,1,8,40
9,7522,0.5781250000,9,185,1,8,40
0,7523,0.9406250000,0,301,1,8,40
3,7524,0.5500000000,4,176,0,8,40
8,7525,0.9750000000,8,312,1,8,40
9,7526,0.7437500000,9,238,1,8,40
6,7527,0.5812500000,6,186,1,8,40
5,7528,0.9437500000,5,302,1,8,40
5,7529,0.4437500000,5,142,1,8,40
2,7530,0.5500000000,2,176,1,8,40
4,7531,0.4531250000,3,145,0,8,40
1,7532,0.9437500000,1,302,1,8,40
0,7533,0.9718750000,0,311,1,8,40
6,7534,0.9718750000,6,311,1,8,40
1,7535,0.9843750000,1,315,1,8,40
8,7536,0.5750000000,8,184,1,8,40
4,7537,0.7656250000,4,245,1,8,40
5,7538,0.8406250000,5,269,1,8,40
5,7539,0.3750000000,2,120,0,8,40
5,7540,0.9812500000,5,314,1,8,40
0,7541,0.7312500000,0,234,1,8,40
8,7542,0.6656250000,8,213,1,8,40
9,7543,0.9531250000,9,305,1,8,40
0,7544,0.9250000000,0,296,1,8,40
5,7545,0.6250000000,7,200,0,8,40
7,7546,0.9812500000,7,314,1,8,40
9,7547,0.9406250000,9,301,1,8,40
6,7548,0.9312500000,6,298,1,8,40
3,7549,0.7593750000,5,243,0,8,40
4,7550,0.9625000000,4,308,1,8,40
6,7551,0.6343750000,6,203,1,8,40
4,7552,0.6406250000,4,205,1,8,40
9,7553,0.5625000000,8,180,0,8,40
7,7554,0.8531250000,5,273,0,8,40
1,7555,0.9843750000,1,315,1,8,40
2,7556,0.3531250000,3,113,0,8,40
5,7557,0.2937500000,2,94,0,8,40
2,7558,0.8125000000,2,260,1,8,40
8,7559,0.4656250000,1,149,0,8,40
0,7560,0.8218750000,0,263,1,8,40
2,7561,0.6093750000,2,195,1,8,40
2,7562,0.3062500000,2,98,1,8,40
9,7563,0.9500000000,9,304,1,8,40
8,7564,0.9312500000,8,298,1,8,40
1,7565,0.9875000000,1,316,1,8,40
9,7566,0.9687500000,9,310,1,8,40
7,7567,0.8281250000,7,265,1,8,40
7,7568,0.8218750000,7,263,1,8,40
3,7569,0.5187500000,6,166,0,8,40
1,7570,0.9750000000,1,312,1,8,40
4,7571,0.3406250000,6,109,0,8,40
1,7572,0.8718750000,1,279,1,8,40
1,7573,0.6437500000,9,206,0,8,40
3,7574,0.5843750000,3,187,1,8,40
8,7575,0.9218750000,8,295,1,8,40
8,7576,0.9406250000,8,301,1,8,40
1,7577,0.8593750000,1,275,1,8,40
9,7578,0.4875000000,1,156,0,8,40
3,7579,0.4531250000,3,145,1,8,40
8,7580,0.5062500000,0,162,0,8,40
9,7581,0.8750000000,9,280,1,8,40
5,7582,0.4562500000,3,146,0,8,40
1,7583,0.8218750000,1,263,1,8,40
1,7584,0.8187500000,1,262,1,8,40
6,7585,0.9750000000,6,312,1,8,40
2,7586,0.5281250000,2,169,1,8,40
7,7587,0.8125000000,7,260,1,8,40
2,7588,0.3468750000,2,111,1,8,40
6,7589,0.8843750000,6,283,1,8,40
2,7590,0.6968750000,4,223,0,8,40
6,7591,0.9625000000,6,308,1,8,40
9,7592,0.9531250000,9,305,1,8,40
6,7593,0.9062500000,6,290,1,8,40
0,7594,0.8062500000,0,258,1,8,40
1,7595,0.8281250000,1,265,1,8,40
3,7596,0.7125000000,3,228,1,8,40
9,7597,0.8093750000,9,259,1,8,40
3,7598,0.6125000000,5,196,0,8,40
8,7599,0.7406250000,8,237,1,8,40
8,7600,0.7093750000,2,227,0,8,40
8,7601,0.9656250000,8,309,1,8,40
2,7602,0.5468750000,2,175,1,8,40
9,7603,0.9593750000,9,307,1,8,40
1,7604,0.9531250000,1,305,1,8,40
2,7605,0.6937500000,6,222,0,8,40
6,7606,0.7500000000,6,240,1,8,40
0,7607,0.7531250000,0,241,1,8,40
5,7608,0.6312500000,5,202,1,8,40
0,7609,0.4625000000,9,148,0,8,40
7,7610,0.6656250000,7,213,1,8,40
7,7611,0.3531250000,7,113,1,8,40
7,7612,0.9437500000,7,302,1,8,40
9,7613,0.9687500000,9,310,1,8,40
4,7614,0.9437500000,4,302,1,8,40
5,7615,0.8312500000,5,266,1,8,40
0,7616,0.9062500000,0,290,1,8,40
2,7617,0.6312500000,2,202,1,8,40
3,7618,0.9781250000,3,313,1,8,40
5,7619,0.6468750000,5,207,1,8,40
5,7620,0.3218750000,3,103,0,8,40
8,7621,0.9000000000,8,288,1,8,40
9,7622,0.8093750000,9,259,1,8,40
1,7623,0.8375000000,1,268,1,8,40
2,7624,0.5812500000,2,186,1,8,40
7,7625,0.7843750000,7,251,1,8,40
1,7626,0.8562500000,1,274,1,8,40
3,7627,0.8031250000,3,257,1,8,40
4,7628,0.5968750000,3,191,0,8,40
6,7629,0.9531250000,6,305,1,8,40
9,7630,0.9031250000,9,289,1,8,40
1,7631,0.9218750000,1,295,1,8,40
0,7632,0.4531250000,7,145,0,8,40
7,7633,0.9062500000,7,290,1,8,40
1,7634,0.7500000000,1,240,1,8,40
9,7635,0.9406250000,9,301,1,8,40
5,7636,0.8500000000,5,272,1,8,40
8,7637,0.8187500000,8,262,1,8,40
1,7638,0.6000000000,8,192,0,8,40
9,7639,0.9343750000,9,299,1,8,40
9,7640,0.7156250000,9,229,1,8,40
7,7641,0.6656250000,6,213,0,8,40
9,7642,0.9687500000,9,310,1,8,40
8,7643,0.9250000000,8,296,1,8,40
3,7644,0.5031250000,3,161,1,8,40
0,7645,0.3968750000,0,127,1,8,40
2,7646,0.8625000000,2,276,1,8,40
6,7647,0.9750000000,6,312,1,8,40
0,7648,0.7406250000,0,237,1,8,40
2,7649,0.8406250000,2,269,1,8,40
2,7650,0.9593750000,2,307,1,8,40
4,7651,0.9437500000,4,302,1,8,40
0,7652,0.9593750000,0,307,1,8,40
8,7653,0.8593750000,8,275,1,8,40
4,7654,0.8031250000,4,257,1,8,40
8,7655,0.8562500000,8,274,1,8,40
1,7656,0.9218750000,1,295,1,8,40
2,7657,0.7718750000,5,247,0,8,40
7,7658,0.9843750000,7,315,1,8,40
2,7659,0.8718750000,2,279,1,8,40
7,7660,0.7343750000,7,235,1,8,40
9,7661,0.8937500000,9,286,1,8,40
5,7662,0.6906250000,5,221,1,8,40
2,7663,0.4281250000,2,137,1,8,40
2,7664,0.7625000000,2,244,1,8,40
9,7665,0.7375000000,9,236,1,8,40
2,7666,0.5375000000,4,172,0,8,40
6,7667,0.7093750000,6,227,1,8,40
5,7668,0.6218750000,5,199,1,8,40
7,7669,0.5375000000,7,172,1,8,40
2,7670,0.6718750000,2,215,1,8,40
5,7671,0.8718750000,5,279,1,8,40
6,7672,0.9750000000,6,312,1,8,40
5,7673,0.2875000000,6,92,0,8,40
1,7674,0.6250000000,9,200,0,8,40
8,7675,0.4562500000,3,146,0,8,40
2,7676,0.8312500000,2,266,1,8,40
6,7677,0.7468750000,6,239,1,8,40
8,7678,0.9875000000,8,316,1,8,40
6,7679,0.9031250000,6,289,1,8,40
3,7680,0.5562500000,9,178,0,8,40
0,7681,0.9562500000,0,306,1,8,40
8,7682,0.8906250000,8,285,1,8,40
0,7683,0.9562500000,0,306,1,8,40
0,7684,0.5156250000,2,165,0,8,40
9,7685,0.4781250000,1,153,0,8,40
9,7686,0.4687500000,9,150,1,8,40
6,7687,0.3437500000,3,110,0,8,40
8,7688,0.9125000000,8,292,1,8,40
0,7689,0.5687500000,0,182,1,8,40
6,7690,0.9656250000,6,309,1,8,40
6,7691,0.9750000000,6,312,1,8,40
0,7692,0.9875000000,0,316,1,8,40
7,7693,0.8812500000,7,282,1,8,40
9,7694,0.9812500000,9,314,1,8,40
8,7695,0.8406250000,8,269,1,8,40
0,7696,0.9656250000,0,309,1,8,40
5,7697,0.7187500000,5,230,1,8,40
0,7698,0.9906250000,0,317,1,8,40
9,7699,0.7968750000,9,255,1,8,40
6,7700,0.9875000000,6,316,1,8,40
0,7701,0.9875000000,0,316,1,8,40
4,7702,0.6718750000,4,215,1,8,40
7,7703,0.9937500000,7,318,1,8,40
1,7704,0.9656250000,1,309,1,8,40
7,7705,0.3062500000,7,98,1,8,40
8,7706,0.5375000000,1,172,0,8,40
8,7707,0.8656250000,8,277,1,8,40
2,7708,0.5781250000,2,185,1,8,40
3,7709,0.3656250000,4,117,0,8,40
9,7710,0.8843750000,9,283,1,8,40
6,7711,0.3906250000,6,125,1,8,40
5,7712,0.7750000000,5,248,1,8,40
5,7713,0.3625000000,3,116,0,8,40
3,7714,0.7343750000,3,235,1,8,40
1,7715,0.9843750000,1,315,1,8,40
5,7716,0.8718750000,5,279,1,8,40
3,7717,0.5406250000,3,173,1,8,40
0,7718,0.9562500000,0,306,1,8,40
2,7719,0.7312500000,2,234,1,8,40
5,7720,0.5750000000,5,184,1,8,40
2,7721,0.9406250000,2,301,1,8,40
7,7722,0.2937500000,7,94,1,8,40
3,7723,0.3093750000,6,99,0,8,40
8,7724,0.9812500000,8,314,1,8,40
4,7725,0.9093750000,4,291,1,8,40
4,7726,0.7281250000,4,233,1,8,40
6,7727,0.9812500000,6,314,1,8,40
1,7728,0.8500000000,1,272,1,8,40
9,7729,0.9375000000,9,300,1,8,40
4,7730,0.6000000000,4,192,1,8,40
1,7731,0.9875000000,1,316,1,8,40
7,7732,0.9968750000,7,319,1,8,40
0,7733,0.9437500000,0,302,1,8,40
1,7734,0.6718750000,1,215,1,8,40
4,7735,0.4468750000,0,143,0,8,40
3,7736,0.4375000000,3,140,1,8,40
0,7737,0.8625000000,0,276,1,8,40
2,7738,0.9187500000,2,294,1,8,40
9,7739,0.9625000000,9,308,1,8,40
4,7740,0.8343750000,4,267,1,8,40
5,7741,0.7500000000,5,240,1,8,40
0,7742,0.8937500000,0,286,1,8,40
3,7743,0.7593750000,3,243,1,8,40
4,7744,0.5468750000,3,175,0,8,40
7,7745,0.9218750000,7,295,1,8,40
2,7746,0.6000000000,2,192,1,8,40
3,7747,0.7437500000,3,238,1,8,40
0,7748,0.9656250000,0,309,1,8,40
1,7749,0.6406250000,1,205,1,8,40
3,7750,0.5062500000,4,162,0,8,40
7,7751,0.6312500000,7,202,1,8,40
9,7752,0.9250000000,9,296,1,8,40
9,7753,0.6093750000,9,195,1,8,40
0,7754,0.8906250000,0,285,1,8,40
7,7755,0.9781250000,7,313,1,8,40
5,7756,0.7687500000,5,246,1,8,40
6,7757,0.8718750000,6,279,1,8,40
7,7758,0.9937500000,7,318,1,8,40
1,7759,0.9812500000,1,314,1,8,40
2,7760,0.4156250000,2,133,1,8,40
2,7761,0.4906250000,3,157,0,8,40
7,7762,0.9968750000,7,319,1,8,40
4,7763,0.4843750000,4,155,1,8,40
6,7764,0.9812500000,6,314,1,8,40
8,7765,0.9781250000,8,313,1,8,40
4,7766,0.6937500000,6,222,0,8,40
9,7767,0.9531250000,9,305,1,8,40
8,7768,0.9687500000,8,310,1,8,40
4,7769,0.5656250000,7,181,0,8,40
9,7770,0.9593750000,9,307,1,8,40
2,7771,0.3781250000,0,121,0,8,40
3,7772,0.8281250000,3,265,1,8,40
4,7773,0.8218750000,4,263,1,8,40
0,7774,0.9656250000,0,309,1,8,40
2,7775,0.6500000000,2,208,1,8,40
5,7776,0.7812500000,5,250,1,8,40
6,7777,0.9437500000,6,302,1,8,40
0,7778,0.4062500000,6,130,0,8,40
5,7779,0.4468750000,5,143,1,8,40
3,7780,0.3562500000,1,114,0,8,40
5,7781,0.6531250000,5,209,1,8,40
8,7782,0.9843750000,8,315,1,8,40
3,7783,0.4281250000,5,137,0,8,40
7,7784,0.4968750000,2,159,0,8,40
4,7785,0.6375000000,2,204,0,8,40
9,7786,0.9218750000,9,295,1,8,40
5,7787,0.7125000000,5,228,1,8,40
6,7788,0.9718750000,6,311,1,8,40
3,7789,0.8687500000,3,278,1,8,40
8,7790,0.8437500000,8,270,1,8,40
6,7791,0.7968750000,6,255,1,8,40
9,7792,0.7718750000,1,247,0,8,40
8,7793,0.9593750000,8,307,1,8,40
5,7794,0.2937500000,3,94,0,8,40
5,7795,0.3437500000,5,110,1,8,40
8,7796,0.9812500000,8,314,1,8,40
3,7797,0.6937500000,6,222,0,8,40
5,7798,0.5031250000,3,161,0,8,40
9,7799,0.8250000000,9,264,1,8,40
0,7800,0.7968750000,0,255,1,8,40
4,7801,0.9562500000,4,306,1,8,40
2,7802,0.6000000000,2,192,1,8,40
0,7803,0.6125000000,0,196,1,8,40
5,7804,0.5093750000,5,163,1,8,40
9,7805,0.8812500000,9,282,1,8,40
9,7806,0.8562500000,9,274,1,8,40
3,7807,0.8093750000,3,259,1,8,40
8,7808,0.8375000000,8,268,1,8,40
0,7809,0.6093750000,0,195,1,8,40
6,7810,0.9937500000,6,318,1,8,40
0,7811,0.9531250000,0,305,1,8,40
2,7812,0.8312500000,2,266,1,8,40
3,7813,0.3937500000,3,126,1,8,40
7,7814,0.9312500000,7,298,1,8,40
0,7815,0.4906250000,8,157,0,8,40
0,7816,0.4500000000,3,144,0,8,40
6,7817,0.8062500000,6,258,1,8,40
9,7818,0.8062500000,9,258,1,8,40
1,7819,0.9187500000,1,294,1,8,40
5,7820,0.6781250000,5,217,1,8,40
2,7821,0.6250000000,0,200,0,8,40
2,7822,0.5187500000,6,166,0,8,40
7,7823,0.5750000000,7,184,1,8,40
9,7824,0.9312500000,9,298,1,8,40
3,7825,0.8593750000,3,275,1,8,40
9,7826,0.8687500000,1,278,0,8,40
3,7827,0.5718750000,5,183,0,8,40
5,7828,0.7750000000,5,248,1,8,40
2,7829,0.9125000000,0,292,0,8,40
2,7830,0.4093750000,9,131,0,8,40
2,7831,0.5968750000,2,191,1,8,40
8,7832,0.9437500000,8,302,1,8,40
8,7833,0.8718750000,8,279,1,8,40
5,7834,0.8656250000,5,277,1,8,40
0,7835,0.9000000000,0,288,1,8,40
0,7836,0.9531250000,0,305,1,8,40
7,7837,1.0000000000,7,320,1,8,40
0,7838,0.9812500000,0,314,1,8,40
3,7839,0.3500000000,4,112,0,8,40
1,7840,0.9937500000,1,318,1,8,40
6,7841,0.3656250000,6,117,1,8,40
5,7842,0.7093750000,4,227,0,8,40
0,7843,0.4812500000,0,154,1,8,40
9,7844,0.9718750000,9,311,1,8,40
2,7845,0.9750000000,2,312,1,8,40
6,7846,0.7312500000,6,234,1,8,40
7,7847,0.8343750000,7,267,1,8,40
4,7848,0.6656250000,4,213,1,8,40
2,7849,0.5656250000,2,181,1,8,40
0,7850,0.8500000000,0,272,1,8,40
0,7851,0.9156250000,0,293,1,8,40
5,7852,0.7156250000,7,229,0,8,40
3,7853,0.4750000000,3,152,1,8,40
3,7854,0.8718750000,3,279,1,8,40
2,7855,0.8343750000,2,267,1,8,40
6,7856,0.7593750000,6,243,1,8,40
4,7857,0.7531250000,4,241,1,8,40
2,7858,0.7750000000,2,248,1,8,40
7,7859,0.8156250000,7,261,1,8,40
8,7860,0.9218750000,8,295,1,8,40
0,7861,0.5906250000,6,189,0,8,40
1,7862,0.7000000000,1,224,1,8,40
0,7863,0.9218750000,0,295,1,8,40
1,7864,0.9812500000,1,314,1,8,40
3,7865,0.8843750000,3,283,1,8,40
6,7866,0.9062500000,6,290,1,8,40
4,7867,0.4375000000,4,140,1,8,40
8,7868,0.7625000000,8,244,1,8,40
0,7869,0.9312500000,0,298,1,8,40
6,7870,0.9312500000,6,298,1,8,40
0,7871,0.9031250000,0,289,1,8,40
9,7872,0.9531250000,9,305,1,8,40
1,7873,0.8531250000,1,273,1,8,40
6,7874,0.9343750000,6,299,1,8,40
2,7875,0.3968750000,2,127,1,8,40
1,7876,0.9937500000,1,318,1,8,40
0,7877,0.8375000000,0,268,1,8,40
1,7878,0.9031250000,1,289,1,8,40
3,7879,0.5875000000,3,188,1,8,40
0,7880,0.8343750000,0,267,1,8,40
3,7881,0.3593750000,3,115,1,8,40
7,7882,0.8875000000,7,284,1,8,40
9,7883,0.8031250000,9,257,1,8,40
9,7884,0.6687500000,1,214,0,8,40
3,7885,0.6687500000,3,214,1,8,40
7,7886,1.0000000000,7,320,1,8,40
5,7887,0.7625000000,5,244,1,8,40
7,7888,1.0000000000,7,320,1,8,40
1,7889,0.8937500000,1,286,1,8,40
6,7890,0.8562500000,6,274,1,8,40
6,7891,0.9687500000,6,310,1,8,40
1,7892,0.9031250000,9,289,0,8,40
1,7893,0.5812500000,8,186,0,8,40
1,7894,0.8031250000,1,257,1,8,40
4,7895,0.5593750000,4,179,1,8,40
4,7896,0.3968750000,4,127,1,8,40
2,7897,0.5875000000,2,188,1,8,40
1,7898,0.9718750000,1,311,1,8,40
7,7899,0.5093750000,7,163,1,8,40
0,7900,0.3281250000,0,105,1,8,40
1,7901,0.7531250000,1,241,1,8,40
2,7902,0.8156250000,2,261,1,8,40
1,7903,0.5781250000,1,185,1,8,40
1,7904,0.9156250000,1,293,1,8,40
3,7905,0.7937500000,3,254,1,8,40
2,7906,0.6937500000,4,222,0,8,40
6,7907,0.6937500000,6,222,1,8,40
9,7908,0.8687500000,9,278,1,8,40
1,7909,0.7875000000,9,252,0,8,40
3,7910,0.5156250000,5,165,0,8,40
2,7911,0.9343750000,2,299,1,8,40
0,7912,0.6000000000,0,192,1,8,40
8,7913,0.5875000000,0,188,0,8,40
7,7914,0.8250000000,7,264,1,8,40
3,7915,0.7531250000,3,241,1,8,40
4,7916,0.2375000000,2,76,0,8,40
6,7917,0.6875000000,6,220,1,8,40
4,7918,0.3593750000,5,115,0,8,40
6,7919,0.8812500000,6,282,1,8,40
9,7920,0.8343750000,9,267,1,8,40
4,7921,0.4625000000,6,148,0,8,40
8,7922,0.9000000000,8,288,1,8,40
9,7923,0.8187500000,9,262,1,8,40
3,7924,0.2437500000,2,78,0,8,40
0,7925,0.9593750000,0,307,1,8,40
5,7926,0.8718750000,5,279,1,8,40
7,7927,0.7843750000,7,251,1,8,40
2,7928,0.9500000000,2,304,1,8,40
0,7929,0.5656250000,0,181,1,8,40
2,7930,0.7250000000,0,232,0,8,40
9,7931,0.2781250000,1,89,0,8,40
9,7932,0.5062500000,0,162,0,8,40
3,7933,0.4781250000,2,153,0,8,40
8,7934,0.9312500000,8,298,1,8,40
7,7935,0.5093750000,7,163,1,8,40
1,7936,0.9562500000,1,306,1,8,40
1,7937,0.9375000000,1,300,1,8,40
2,7938,0.8812500000,2,282,1,8,40
2,7939,0.7187500000,2,230,1,8,40
2,7940,0.6000000000,2,192,1,8,40
5,7941,0.5250000000,2,168,0,8,40
9,7942,0.8468750000,1,271,0,8,40
1,7943,0.5562500000,1,178,1,8,40
2,7944,0.9093750000,2,291,1,8,40
6,7945,0.8500000000,6,272,1,8,40
1,7946,0.7187500000,1,230,1,8,40
2,7947,0.5468750000,6,175,0,8,40
1,7948,0.9812500000,1,314,1,8,40
8,7949,0.7250000000,8,232,1,8,40
9,7950,0.9468750000,9,303,1,8,40
2,7951,0.9875000000,2,316,1,8,40
3,7952,0.3250000000,8,104,0,8,40
1,7953,0.8812500000,1,282,1,8,40
9,7954,0.9125000000,9,292,1,8,40
9,7955,0.9718750000,9,311,1,8,40
4,7956,0.3781250000,5,121,0,8,40
4,7957,0.9437500000,4,302,1,8,40
5,7958,0.4687500000,3,150,0,8,40
5,7959,0.5125000000,2,164,0,8,40
0,7960,0.8593750000,0,275,1,8,40
3,7961,0.3812500000,6,122,0,8,40
3,7962,0.2843750000,2,91,0,8,40
7,7963,0.9406250000,7,301,1,8,40
1,7964,0.8781250000,1,281,1,8,40
7,7965,0.9812500000,7,314,1,8,40
7,7966,0.9437500000,7,302,1,8,40
9,7967,0.2656250000,5,85,0,8,40
8,7968,0.9531250000,8,305,1,8,40
6,7969,0.8406250000,6,269,1,8,40
3,7970,0.4187500000,3,134,1,8,40
5,7971,0.9000000000,5,288,1,8,40
5,7972,0.3968750000,3,127,0,8,40
1,7973,0.9781250000,1,313,1,8,40
6,7974,0.6218750000,6,199,1,8,40
2,7975,0.8406250000,2,269,1,8,40
7,7976,0.4625000000,7,148,1,8,40
8,7977,0.9687500000,8,310,1,8,40
4,7978,0.4593750000,4,147,1,8,40
3,7979,0.6312500000,3,202,1,8,40
3,7980,0.6625000000,3,212,1,8,40
5,7981,0.8968750000,5,287,1,8,40
9,7982,0.9562500000,9,306,1,8,40
6,7983,0.7531250000,8,241,0,8,40
8,7984,0.8500000000,8,272,1,8,40
5,7985,0.5531250000,5,177,1,8,40
1,7986,0.9062500000,1,290,1,8,40
0,7987,0.9812500000,0,314,1,8,40
6,7988,0.8312500000,6,266,1,8,40
7,7989,0.6687500000,3,214,0,8,40
0,7990,0.8656250000,0,277,1,8,40
9,7991,0.9343750000,9,299,1,8,40
6,7992,0.9843750000,6,315,1,8,40
2,7993,0.7781250000,2,249,1,8,40
0,7994,0.8968750000,0,287,1,8,40
8,7995,0.9531250000,8,305,1,8,40
7,7996,0.8500000000,7,272,1,8,40
1,7997,0.7093750000,1,227,1,8,40
2,7998,0.5031250000,2,161,1,8,40
6,7999,0.7312500000,6,234,1,8,40
9,8000,0.9000000000,9,288,1,8,40
1,8001,0.9812500000,1,314,1,8,40
6,8002,0.8625000000,6,276,1,8,40
4,8003,0.6125000000,3,196,0,8,40
7,8004,0.7125000000,7,228,1,8,40
1,8005,0.9562500000,1,306,1,8,40
9,8006,0.3875000000,7,124,0,8,40
0,8007,0.3750000000,0,120,1,8,40
0,8008,0.9437500000,0,302,1,8,40
5,8009,0.4187500000,3,134,0,8,40
2,8010,0.7343750000,2,235,1,8,40
8,8011,0.6843750000,8,219,1,8,40
3,8012,0.7875000000,3,252,1,8,40
8,8013,0.9593750000,8,307,1,8,40
2,8014,0.9625000000,2,308,1,8,40
8,8015,0.4875000000,8,156,1,8,40
4,8016,0.6093750000,4,195,1,8,40
0,8017,0.9593750000,0,307,1,8,40
8,8018,0.8437500000,8,270,1,8,40
3,8019,0.7500000000,3,240,1,8,40
6,8020,0.6406250000,3,205,0,8,40
1,8021,0.9062500000,1,290,1,8,40
2,8022,0.5250000000,5,168,0,8,40
3,8023,0.8093750000,3,259,1,8,40
0,8024,0.9156250000,0,293,1,8,40
5,8025,0.7343750000,5,235,1,8,40
0,8026,0.7718750000,0,247,1,8,40
4,8027,0.4875000000,4,156,1,8,40
1,8028,0.5750000000,1,184,1,8,40
7,8029,0.7156250000,7,229,1,8,40
2,8030,0.9156250000,2,293,1,8,40
0,8031,0.8906250000,0,285,1,8,40
1,8032,0.8781250000,1,281,1,8,40
3,8033,0.7406250000,3,237,1,8,40
9,8034,0.6968750000,9,223,1,8,40
1,8035,0.7218750000,1,231,1,8,40
6,8036,0.9218750000,6,295,1,8,40
1,8037,0.9750000000,1,312,1,8,40
6,8038,0.9500000000,6,304,1,8,40
1,8039,0.9625000000,1,308,1,8,40
2,8040,0.9625000000,2,308,1,8,40
8,8041,0.5906250000,4,189,0,8,40
7,8042,1.0000000000,7,320,1,8,40
0,8043,0.8250000000,0,264,1,8,40
9,8044,0.8125000000,9,260,1,8,40
5,8045,0.9031250000,5,289,1,8,40
8,8046,0.2687500000,0,86,0,8,40
0,8047,0.6281250000,8,201,0,8,40
0,8048,0.6656250000,0,213,1,8,40
1,8049,0.9031250000,1,289,1,8,40
7,8050,0.8750000000,7,280,1,8,40
9,8051,0.5281250000,9,169,1,8,40
7,8052,0.9312500000,7,298,1,8,40
1,8053,0.9843750000,1,315,1,8,40
9,8054,0.9343750000,9,299,1,8,40
2,8055,0.9406250000,2,301,1,8,40
1,8056,0.8125000000,1,260,1,8,40
9,8057,0.6093750000,9,195,1,8,40
4,8058,0.4968750000,0,159,0,8,40
3,8059,0.9781250000,3,313,1,8,40
6,8060,0.9906250000,6,317,1,8,40
0,8061,0.9343750000,0,299,1,8,40
2,8062,0.3406250000,4,109,0,8,40
0,8063,0.9093750000,0,291,1,8,40
0,8064,0.9031250000,0,289,1,8,40
9,8065,0.8218750000,9,263,1,8,40
9,8066,0.5875000000,0,188,0,8,40
8,8067,0.9718750000,8,311,1,8,40
9,8068,0.7406250000,9,237,1,8,40
4,8069,0.5906250000,2,189,0,8,40
5,8070,0.8906250000,5,285,1,8,40
4,8071,0.3968750000,4,127,1,8,40
3,8072,0.5625000000,3,180,1,8,40
0,8073,0.6625000000,0,212,1,8,40
7,8074,0.7531250000,7,241,1,8,40
8,8075,0.9656250000,8,309,1,8,40
7,8076,0.9937500000,7,318,1,8,40
3,8077,0.3718750000,3,119,1,8,40
7,8078,0.6250000000,3,200,0,8,40
5,8079,0.3656250000,3,117,0,8,40
4,8080,0.8656250000,4,277,1,8,40
6,8081,0.9562500000,6,306,1,8,40
5,8082,0.8125000000,3,260,0,8,40
9,8083,0.7718750000,9,247,1,8,40
5,8084,0.5718750000,5,183,1,8,40
2,8085,0.8000000000,2,256,1,8,40
4,8086,0.2093750000,4,67,1,8,40
2,8087,0.4062500000,5,130,0,8,40
7,8088,0.9468750000,7,303,1,8,40
9,8089,0.9625000000,9,308,1,8,40
6,8090,0.8531250000,6,273,1,8,40
7,8091,0.9843750000,7,315,1,8,40
4,8092,0.3156250000,4,101,1,8,40
7,8093,0.4531250000,7,145,1,8,40
1,8094,0.9750000000,1,312,1,8,40
2,8095,0.8218750000,2,263,1,8,40
3,8096,0.9593750000,3,307,1,8,40
1,8097,0.9437500000,1,302,1,8,40
1,8098,0.5812500000,9,186,0,8,40
3,8099,0.9375000000,3,300,1,8,40
6,8100,0.4875000000,6,156,1,8,40
8,8101,0.8218750000,8,263,1,8,40
3,8102,0.3093750000,3,99,1,8,40
7,8103,0.9093750000,7,291,1,8,40
7,8104,0.7625000000,7,244,1,8,40
0,8105,0.7281250000,0,233,1,8,40
8,8106,0.9281250000,8,297,1,8,40
1,8107,0.8875000000,1,284,1,8,40
5,8108,0.9406250000,5,301,1,8,40
2,8109,0.7531250000,2,241,1,8,40
5,8110,0.8875000000,6,284,0,8,40
5,8111,0.5875000000,5,188,1,8,40
3,8112,0.3187500000,5,102,0,8,40
6,8113,0.9781250000,6,313,1,8,40
3,8114,0.8593750000,3,275,1,8,40
5,8115,0.5687500000,3,182,0,8,40
9,8116,0.9656250000,9,309,1,8,40
8,8117,0.9218750000,8,295,1,8,40
4,8118,0.7625000000,4,244,1,8,40
6,8119,0.4437500000,6,142,1,8,40
8,8120,0.8218750000,9,263,0,8,40
0,8121,0.9593750000,0,307,1,8,40
4,8122,0.5250000000,3,168,0,8,40
1,8123,0.4531250000,9,145,0,8,40
7,8124,0.9375000000,7,300,1,8,40
8,8125,0.7843750000,8,251,1,8,40
4,8126,0.4937500000,4,158,1,8,40
9,8127,0.6656250000,9,213,1,8,40
7,8128,0.3531250000,4,113,0,8,40
2,8129,0.5218750000,2,167,1,8,40
6,8130,0.8375000000,6,268,1,8,40
3,8131,0.6937500000,3,222,1,8,40
8,8132,0.9656250000,8,309,1,8,40
8,8133,0.8437500000,8,270,1,8,40
6,8134,0.8000000000,6,256,1,8,40
7,8135,0.6093750000,3,195,0,8,40
3,8136,0.3562500000,3,114,1,8,40
8,8137,0.6593750000,8,211,1,8,40
1,8138,0.6343750000,9,203,0,8,40
1,8139,0.3687500000,2,118,0,8,40
5,8140,0.7000000000,3,224,0,8,40
3,8141,0.8406250000,3,269,1,8,40
7,8142,0.8562500000,7,274,1,8,40
9,8143,0.8218750000,9,263,1,8,40
9,8144,0.9500000000,9,304,1,8,40
9,8145,0.2656250000,1,85,0,8,40
8,8146,0.6687500000,8,214,1,8,40
5,8147,0.9562500000,5,306,1,8,40
9,8148,0.8218750000,9,263,1,8,40
9,8149,0.9093750000,9,291,1,8,40
6,8150,0.9875000000,6,316,1,8,40
8,8151,0.9343750000,8,299,1,8,40
8,8152,0.9812500000,8,314,1,8,40
4,8153,0.4937500000,4,158,1,8,40
8,8154,0.8031250000,8,257,1,8,40
1,8155,0.9968750000,1,319,1,8,40
0,8156,0.7375000000,0,236,1,8,40
1,8157,0.9875000000,1,316,1,8,40
8,8158,0.9906250000,8,317,1,8,40
8,8159,0.9437500000,8,302,1,8,40
6,8160,0.8750000000,6,280,1,8,40
5,8161,0.5093750000,5,163,1,8,40
9,8162,0.9281250000,9,297,1,8,40
0,8163,0.9656250000,0,309,1,8,40
6,8164,0.9593750000,6,307,1,8,40
1,8165,0.7843750000,1,251,1,8,40
2,8166,0.5125000000,5,164,0,8,40
6,8167,0.9031250000,6,289,1,8,40
6,8168,0.6468750000,6,207,1,8,40
3,8169,0.3062500000,3,98,1,8,40
5,8170,0.9750000000,5,312,1,8,40
6,8171,0.7531250000,6,241,1,8,40
5,8172,0.5593750000,3,179,0,8,40
5,8173,0.5875000000,3,188,0,8,40
3,8174,0.7437500000,3,238,1,8,40
3,8175,0.6687500000,3,214,1,8,40
6,8176,0.5125000000,6,164,1,8,40
8,8177,0.3625000000,9,116,0,8,40
9,8178,0.6000000000,9,192,1,8,40
4,8179,0.9593750000,4,307,1,8,40
4,8180,0.8500000000,4,272,1,8,40
3,8181,0.8593750000,3,275,1,8,40
8,8182,0.5781250000,8,185,1,8,40
3,8183,0.6437500000,5,206,0,8,40
6,8184,0.9531250000,6,305,1,8,40
0,8185,0.9625000000,0,308,1,8,40
8,8186,0.8906250000,8,285,1,8,40
5,8187,0.8937500000,5,286,1,8,40
7,8188,0.9531250000,7,305,1,8,40
8,8189,0.3593750000,8,115,1,8,40
4,8190,0.3718750000,6,119,0,8,40
6,8191,0.4343750000,6,139,1,8,40
5,8192,0.8906250000,5,285,1,8,40
3,8193,0.5187500000,3,166,1,8,40
1,8194,0.9281250000,1,297,1,8,40
8,8195,0.9812500000,8,314,1,8,40
3,8196,0.3187500000,9,102,0,8,40
0,8197,0.8406250000,8,269,0,8,40
4,8198,0.5468750000,4,175,1,8,40
4,8199,0.4250000000,7,136,0,8,40
3,8200,0.3000000000,3,96,1,8,40
3,8201,0.8500000000,3,272,1,8,40
5,8202,0.4531250000,5,145,1,8,40
3,8203,0.9687500000,3,310,1,8,40
3,8204,0.5468750000,6,175,0,8,40
2,8205,0.9593750000,2,307,1,8,40
7,8206,0.9718750000,7,311,1,8,40
7,8207,0.9937500000,7,318,1,8,40
8,8208,0.8468750000,8,271,1,8,40
2,8209,0.6812500000,4,218,0,8,40
0,8210,0.9562500000,0,306,1,8,40
5,8211,0.8656250000,5,277,1,8,40
5,8212,0.5937500000,3,190,0,8,40
6,8213,0.9500000000,6,304,1,8,40
1,8214,0.9343750000,1,299,1,8,40
1,8215,0.9531250000,1,305,1,8,40
3,8216,0.4718750000,3,151,1,8,40
9,8217,0.9343750000,9,299,1,8,40
9,8218,0.4093750000,9,131,1,8,40
3,8219,0.3468750000,3,111,1,8,40
6,8220,0.4906250000,6,157,1,8,40
7,8221,0.9875000000,7,316,1,8,40
1,8222,0.5500000000,8,176,0,8,40
8,8223,0.9843750000,8,315,1,8,40
3,8224,0.7875000000,3,252,1,8,40
9,8225,0.4875000000,0,156,0,8,40
8,8226,0.2531250000,8,81,1,8,40
7,8227,0.9250000000,7,296,1,8,40
8,8228,0.9812500000,8,314,1,8,40
8,8229,0.3843750000,3,123,0,8,40
0,8230,0.9468750000,0,303,1,8,40
3,8231,0.6156250000,3,197,1,8,40
2,8232,0.6093750000,2,195,1,8,40
4,8233,0.6343750000,6,203,0,8,40
8,8234,0.4812500000,8,154,1,8,40
7,8235,1.0000000000,7,320,1,8,40
5,8236,0.3593750000,3,115,0,8,40
7,8237,0.9562500000,7,306,1,8,40
1,8238,0.8812500000,1,282,1,8,40
8,8239,0.9406250000,8,301,1,8,40
7,8240,0.9812500000,7,314,1,8,40
3,8241,0.4375000000,0,140,0,8,40
5,8242,0.7312500000,5,234,1,8,40
4,8243,0.8687500000,4,278,1,8,40
4,8244,0.9218750000,4,295,1,8,40
3,8245,0.5843750000,5,187,0,8,40
8,8246,0.9000000000,8,288,1,8,40
6,8247,0.9437500000,6,302,1,8,40
1,8248,0.4468750000,1,143,1,8,40
1,8249,0.8718750000,1,279,1,8,40
6,8250,0.8843750000,6,283,1,8,40
3,8251,0.8812500000,3,282,1,8,40
2,8252,0.8156250000,2,261,1,8,40
2,8253,0.8750000000,2,280,1,8,40
8,8254,0.8468750000,8,271,1,8,40
9,8255,0.9625000000,9,308,1,8,40
8,8256,0.9000000000,8,288,1,8,40
3,8257,0.9156250000,3,293,1,8,40
3,8258,0.5437500000,3,174,1,8,40
8,8259,0.7093750000,8,227,1,8,40
1,8260,0.9562500000,1,306,1,8,40
1,8261,0.4437500000,0,142,0,8,40
0,8262,0.4375000000,0,140,1,8,40
5,8263,0.8500000000,5,272,1,8,40
2,8264,0.9750000000,2,312,1,8,40
0,8265,0.9156250000,0,293,1,8,40
5,8266,0.5718750000,5,183,1,8,40
0,8267,0.4875000000,0,156,1,8,40
5,8268,0.3406250000,2,109,0,8,40
8,8269,0.7000000000,0,224,0,8,40
6,8270,0.8875000000,6,284,1,8,40
3,8271,0.7656250000,3,245,1,8,40
9,8272,0.8031250000,1,257,0,8,40
6,8273,0.8968750000,6,287,1,8,40
6,8274,0.8093750000,6,259,1,8,40
3,8275,0.3406250000,3,109,1,8,40
9,8276,0.7687500000,0,246,0,8,40
4,8277,0.4750000000,7,152,0,8,40
8,8278,0.6468750000,8,207,1,8,40
3,8279,0.3750000000,3,120,1,8,40
4,8280,0.7375000000,4,236,1,8,40
3,8281,0.4000000000,3,128,1,8,40
1,8282,0.8468750000,1,271,1,8,40
1,8283,0.5875000000,1,188,1,8,40
2,8284,0.9218750000,2,295,1,8,40
9,8285,0.9468750000,9,303,1,8,40
7,8286,0.3906250000,2,125,0,8,40
8,8287,0.9281250000,8,297,1,8,40
5,8288,0.9906250000,5,317,1,8,40
5,8289,0.8687500000,5,278,1,8,40
8,8290,0.8343750000,8,267,1,8,40
6,8291,0.3281250000,7,105,0,8,40
9,8292,0.6062500000,9,194,1,8,40
0,8293,0.8812500000,0,282,1,8,40
8,8294,0.9750000000,8,312,1,8,40
3,8295,0.5750000000,0,184,0,8,40
5,8296,0.5625000000,3,180,0,8,40
1,8297,0.9656250000,1,309,1,8,40
3,8298,0.3812500000,3,122,1,8,40
3,8299,0.8937500000,3,286,1,8,40
5,8300,0.3093750000,3,99,0,8,40
5,8301,0.3562500000,5,114,1,8,40
3,8302,0.5906250000,3,189,1,8,40
8,8303,0.5312500000,0,170,0,8,40
1,8304,0.7062500000,9,226,0,8,40
4,8305,0.4437500000,3,142,0,8,40
6,8306,0.5968750000,6,191,1,8,40
4,8307,0.9156250000,4,293,1,8,40
2,8308,0.3093750000,7,99,0,8,40
4,8309,0.7312500000,4,234,1,8,40
3,8310,0.7468750000,3,239,1,8,40
8,8311,0.9218750000,8,295,1,8,40
9,8312,0.5437500000,9,174,1,8,40
6,8313,0.7500000000,6,240,1,8,40
6,8314,0.4500000000,3,144,0,8,40
6,8315,0.6750000000,6,216,1,8,40
5,8316,0.8500000000,5,272,1,8,40
5,8317,0.3781250000,2,121,0,8,40
2,8318,0.4531250000,2,145,1,8,40
7,8319,0.5593750000,7,179,1,8,40
7,8320,0.8781250000,7,281,1,8,40
4,8321,0.6093750000,4,195,1,8,40
4,8322,0.7375000000,4,236,1,8,40
9,8323,0.8031250000,9,257,1,8,40
3,8324,0.6812500000,3,218,1,8,40
8,8325,0.4437500000,8,142,1,8,40
3,8326,0.3281250000,4,105,0,8,40
7,8327,0.8843750000,7,283,1,8,40
7,8328,0.8593750000,7,275,1,8,40
8,8329,0.9750000000,8,312,1,8,40
5,8330,0.9875000000,5,316,1,8,40
3,8331,0.5500000000,2,176,0,8,40
9,8332,0.8343750000,9,267,1,8,40
1,8333,0.4562500000,1,146,1,8,40
6,8334,0.6593750000,6,211,1,8,40
7,8335,0.5687500000,3,182,0,8,40
3,8336,0.9000000000,3,288,1,8,40
3,8337,0.8593750000,3,275,1,8,40
3,8338,0.6156250000,3,197,1,8,40
8,8339,0.9593750000,8,307,1,8,40
5,8340,0.7031250000,5,225,1,8,40
6,8341,0.3875000000,5,124,0,8,40
1,8342,0.4875000000,1,156,1,8,40
3,8343,0.9250000000,3,296,1,8,40
7,8344,0.8156250000,7,261,1,8,40
9,8345,0.8468750000,9,271,1,8,40
6,8346,0.7093750000,6,227,1,8,40
1,8347,0.9625000000,1,308,1,8,40
6,8348,0.7343750000,6,235,1,8,40
4,8349,0.6875000000,4,220,1,8,40
9,8350,0.6250000000,9,200,1,8,40
0,8351,0.6093750000,0,195,1,8,40
5,8352,0.6375000000,5,204,1,8,40
7,8353,0.9812500000,7,314,1,8,40
4,8354,0.7812500000,4,250,1,8,40
9,8355,0.9718750000,9,311,1,8,40
1,8356,0.9812500000,1,314,1,8,40
0,8357,0.4718750000,6,151,0,8,40
0,8358,0.9843750000,0,315,1,8,40
2,8359,0.8968750000,2,287,1,8,40
7,8360,0.9812500000,7,314,1,8,40
8,8361,0.6562500000,8,210,1,8,40
3,8362,0.6250000000,7,200,0,8,40
2,8363,0.4218750000,5,135,0,8,40
7,8364,0.6343750000,9,203,0,8,40
6,8365,0.9156250000,6,293,1,8,40
1,8366,0.9156250000,1,293,1,8,40
6,8367,0.8875000000,6,284,1,8,40
6,8368,0.9718750000,6,311,1,8,40
4,8369,0.9187500000,4,294,1,8,40
4,8370,0.5250000000,6,168,0,8,40
2,8371,0.8468750000,2,271,1,8,40
1,8372,0.4406250000,8,141,0,8,40
8,8373,0.9281250000,8,297,1,8,40
4,8374,0.8843750000,4,283,1,8,40
4,8375,0.8437500000,4,270,1,8,40
7,8376,0.4156250000,7,133,1,8,40
8,8377,0.9812500000,8,314,1,8,40
5,8378,0.4312500000,5,138,1,8,40
8,8379,0.9906250000,8,317,1,8,40
9,8380,0.8250000000,9,264,1,8,40
4,8381,0.6562500000,4,210,1,8,40
3,8382,0.8062500000,3,258,1,8,40
2,8383,0.7656250000,2,245,1,8,40
2,8384,0.3843750000,2,123,1,8,40
9,8385,0.7937500000,1,254,0,8,40
3,8386,0.2875000000,3,92,1,8,40
0,8387,0.5437500000,0,174,1,8,40
1,8388,0.9500000000,1,304,1,8,40
1,8389,0.8687500000,1,278,1,8,40
1,8390,0.9250000000,1,296,1,8,40
1,8391,0.8937500000,1,286,1,8,40
6,8392,0.9156250000,6,293,1,8,40
8,8393,0.9625000000,8,308,1,8,40
7,8394,0.5406250000,7,173,1,8,40
1,8395,0.8375000000,1,268,1,8,40
3,8396,0.7625000000,3,244,1,8,40
0,8397,0.5250000000,0,168,1,8,40
4,8398,0.5156250000,4,165,1,8,40
5,8399,0.3531250000,2,113,0,8,40
0,8400,0.5187500000,0,166,1,8,40
3,8401,0.4125000000,2,132,0,8,40
0,8402,0.8875000000,0,284,1,8,40
6,8403,0.8187500000,6,262,1,8,40
2,8404,0.5843750000,2,187,1,8,40
0,8405,0.3312500000,0,106,1,8,40
9,8406,0.8093750000,9,259,1,8,40
8,8407,0.9718750000,8,311,1,8,40
6,8408,0.7968750000,6,255,1,8,40
8,8409,0.9343750000,8,299,1,8,40
5,8410,0.4906250000,3,157,0,8,40
8,8411,0.9500000000,8,304,1,8,40
2,8412,0.6718750000,2,215,1,8,40
9,8413,0.7843750000,9,251,1,8,40
6,8414,0.9093750000,6,291,1,8,40
0,8415,0.9312500000,0,298,1,8,40
6,8416,0.6093750000,6,195,1,8,40
1,8417,0.9531250000,1,305,1,8,40
8,8418,0.9281250000,8,297,1,8,40
7,8419,0.5812500000,7,186,1,8,40
3,8420,0.7968750000,6,255,0,8,40
2,8421,0.4312500000,2,138,1,8,40
2,8422,0.8156250000,2,261,1,8,40
6,8423,0.9093750000,6,291,1,8,40
5,8424,0.7062500000,5,226,1,8,40
6,8425,0.6375000000,2,204,0,8,40
9,8426,0.9687500000,9,310,1,8,40
2,8427,0.4562500000,2,146,1,8,40
5,8428,0.3500000000,5,112,1,8,40
4,8429,0.9250000000,4,296,1,8,40
9,8430,0.9031250000,9,289,1,8,40
8,8431,0.6937500000,8,222,1,8,40
5,8432,0.6656250000,5,213,1,8,40
3,8433,0.4687500000,6,150,0,8,40
9,8434,0.9781250000,9,313,1,8,40
3,8435,0.4312500000,9,138,0,8,40
5,8436,0.4500000000,5,144,1,8,40
7,8437,0.5812500000,7,186,1,8,40
1,8438,0.7593750000,1,243,1,8,40
8,8439,0.9468750000,8,303,1,8,40
5,8440,0.6187500000,5,198,1,8,40
8,8441,0.9656250000,8,309,1,8,40
6,8442,0.8281250000,6,265,1,8,40
2,8443,0.4531250000,7,145,0,8,40
5,8444,0.4656250000,5,149,1,8,40
1,8445,0.8843750000,1,283,1,8,40
3,8446,0.7812500000,3,250,1,8,40
0,8447,0.5968750000,0,191,1,8,40
4,8448,0.6593750000,4,211,1,8,40
1,8449,0.4656250000,4,149,0,8,40
9,8450,0.3468750000,1,111,0,8,40
5,8451,0.6281250000,2,201,0,8,40
4,8452,0.7437500000,4,238,1,8,40
9,8453,0.6812500000,9,218,1,8,40
2,8454,0.6562500000,2,210,1,8,40
1,8455,0.9468750000,1,303,1,8,40
4,8456,0.4812500000,7,154,0,8,40
2,8457,0.5968750000,4,191,0,8,40
5,8458,0.9500000000,5,304,1,8,40
9,8459,0.8562500000,9,274,1,8,40
8,8460,0.9437500000,8,302,1,8,40
7,8461,0.6031250000,7,193,1,8,40
2,8462,0.7312500000,2,234,1,8,40
1,8463,0.5218750000,1,167,1,8,40
6,8464,0.9468750000,6,303,1,8,40
9,8465,0.5593750000,9,179,1,8,40
7,8466,0.7343750000,7,235,1,8,40
3,8467,0.8375000000,3,268,1,8,40
6,8468,0.9781250000,6,313,1,8,40
5,8469,0.3687500000,3,118,0,8,40
8,8470,0.8187500000,8,262,1,8,40
0,8471,0.8437500000,8,270,0,8,40
2,8472,0.8843750000,2,283,1,8,40
2,8473,0.6093750000,0,195,0,8,40
4,8474,0.9250000000,4,296,1,8,40
9,8475,0.8437500000,9,270,1,8,40
0,8476,0.6500000000,4,208,0,8,40
5,8477,0.9250000000,5,296,1,8,40
5,8478,0.5875000000,3,188,0,8,40
4,8479,0.5562500000,4,178,1,8,40
2,8480,0.3937500000,2,126,1,8,40
3,8481,0.8437500000,3,270,1,8,40
1,8482,0.8937500000,1,286,1,8,40
0,8483,0.9187500000,0,294,1,8,40
3,8484,0.3562500000,7,114,0,8,40
0,8485,0.8468750000,0,271,1,8,40
4,8486,0.8562500000,4,274,1,8,40
4,8487,0.4718750000,2,151,0,8,40
9,8488,0.5375000000,9,172,1,8,40
1,8489,0.9250000000,1,296,1,8,40
3,8490,0.7812500000,5,250,0,8,40
3,8491,0.4343750000,7,139,0,8,40
0,8492,0.5375000000,9,172,0,8,40
2,8493,0.8093750000,2,259,1,8,40
1,8494,0.2812500000,6,90,0,8,40
1,8495,0.9843750000,1,315,1,8,40
0,8496,0.8406250000,0,269,1,8,40
4,8497,0.9562500000,4,306,1,8,40
1,8498,0.8687500000,1,278,1,8,40
9,8499,0.8843750000,9,283,1,8,40
4,8500,0.9406250000,4,301,1,8,40
8,8501,0.8625000000,8,276,1,8,40
1,8502,0.9187500000,1,294,1,8,40
1,8503,0.6750000000,1,216,1,8,40
1,8504,0.9312500000,1,298,1,8,40
5,8505,0.6687500000,5,214,1,8,40
9,8506,0.9031250000,9,289,1,8,40
8,8507,0.4531250000,0,145,0,8,40
1,8508,0.7531250000,9,241,0,8,40
6,8509,0.7937500000,6,254,1,8,40
7,8510,1.0000000000,7,320,1,8,40
2,8511,0.8531250000,2,273,1,8,40
9,8512,0.8187500000,9,262,1,8,40
9,8513,0.7406250000,9,237,1,8,40
7,8514,0.4281250000,7,137,1,8,40
8,8515,0.9750000000,8,312,1,8,40
8,8516,0.6156250000,8,197,1,8,40
1,8517,0.9531250000,1,305,1,8,40
9,8518,0.2750000000,8,88,0,8,40
7,8519,0.9062500000,7,290,1,8,40
8,8520,0.6750000000,8,216,1,8,40
9,8521,0.7281250000,8,233,0,8,40
1,8522,0.9875000000,1,316,1,8,40
6,8523,0.9531250000,6,305,1,8,40
6,8524,0.7000000000,6,224,1,8,40
3,8525,0.5562500000,6,178,0,8,40
3,8526,0.6843750000,3,219,1,8,40
1,8527,0.4500000000,1,144,1,8,40
3,8528,0.8562500000,3,274,1,8,40
0,8529,0.6562500000,0,210,1,8,40
8,8530,0.7125000000,8,228,1,8,40
8,8531,0.9031250000,8,289,1,8,40
3,8532,0.5218750000,3,167,1,8,40
6,8533,0.5343750000,6,171,1,8,40
6,8534,0.9843750000,6,315,1,8,40
7,8535,0.5875000000,7,188,1,8,40
1,8536,0.4437500000,0,142,0,8,40
0,8537,0.9406250000,0,301,1,8,40
7,8538,0.6656250000,7,213,1,8,40
6,8539,0.8656250000,6,277,1,8,40
4,8540,0.6218750000,4,199,1,8,40
8,8541,0.7343750000,1,235,0,8,40
2,8542,0.6781250000,6,217,0,8,40
0,8543,0.9343750000,0,299,1,8,40
6,8544,0.9093750000,6,291,1,8,40
6,8545,0.7937500000,6,254,1,8,40
8,8546,0.4562500000,0,146,0,8,40
6,8547,0.8312500000,6,266,1,8,40
3,8548,0.3031250000,6,97,0,8,40
1,8549,0.6437500000,9,206,0,8,40
1,8550,0.8500000000,1,272,1,8,40
8,8551,0.5562500000,8,178,1,8,40
6,8552,0.9312500000,6,298,1,8,40
7,8553,0.3375000000,9,108,0,8,40
0,8554,0.8843750000,0,283,1,8,40
5,8555,0.9250000000,5,296,1,8,40
4,8556,0.7968750000,4,255,1,8,40
3,8557,0.9625000000,3,308,1,8,40
2,8558,0.7093750000,2,227,1,8,40
1,8559,0.8468750000,1,271,1,8,40
7,8560,0.8968750000,7,287,1,8,40
8,8561,0.9562500000,8,306,1,8,40
2,8562,0.4656250000,6,149,0,8,40
0,8563,0.4000000000,0,128,1,8,40
1,8564,0.8375000000,1,268,1,8,40
7,8565,0.8750000000,7,280,1,8,40
4,8566,0.3812500000,0,122,0,8,40
8,8567,0.9718750000,8,311,1,8,40
7,8568,0.9937500000,7,318,1,8,40
6,8569,0.6625000000,6,212,1,8,40
6,8570,0.8843750000,6,283,1,8,40
7,8571,0.8437500000,7,270,1,8,40
0,8572,0.8906250000,0,285,1,8,40
6,8573,0.4031250000,4,129,0,8,40
4,8574,0.6187500000,4,198,1,8,40
9,8575,0.9562500000,9,306,1,8,40
2,8576,0.2781250000,0,89,0,8,40
3,8577,0.5000000000,6,160,0,8,40
2,8578,0.6062500000,5,194,0,8,40
1,8579,0.8656250000,1,277,1,8,40
3,8580,0.5062500000,5,162,0,8,40
8,8581,0.3312500000,8,106,1,8,40
6,8582,0.9562500000,6,306,1,8,40
8,8583,0.9593750000,8,307,1,8,40
1,8584,0.8656250000,1,277,1,8,40
9,8585,0.8812500000,9,282,1,8,40
6,8586,0.4968750000,6,159,1,8,40
7,8587,0.9906250000,7,317,1,8,40
6,8588,0.9531250000,6,305,1,8,40
5,8589,0.4906250000,3,157,0,8,40
0,8590,0.6812500000,0,218,1,8,40
6,8591,0.7812500000,6,250,1,8,40
0,8592,0.8750000000,0,280,1,8,40
1,8593,0.7562500000,1,242,1,8,40
3,8594,0.9156250000,3,293,1,8,40
1,8595,0.8656250000,1,277,1,8,40
1,8596,0.9500000000,1,304,1,8,40
5,8597,0.3812500000,7,122,0,8,40
3,8598,0.5531250000,3,177,1,8,40
4,8599,0.4531250000,4,145,1,8,40
3,8600,0.5000000000,3,160,1,8,40
3,8601,0.4875000000,5,156,0,8,40
8,8602,0.8406250000,8,269,1,8,40
1,8603,0.9843750000,1,315,1,8,40
6,8604,0.6562500000,6,210,1,8,40
6,8605,0.9437500000,6,302,1,8,40
1,8606,0.6000000000,1,192,1,8,40
8,8607,0.8500000000,8,272,1,8,40
8,8608,0.7968750000,8,255,1,8,40
6,8609,0.9843750000,6,315,1,8,40
2,8610,0.8312500000,2,266,1,8,40
7,8611,0.7937500000,7,254,1,8,40
4,8612,0.9000000000,4,288,1,8,40
6,8613,0.3687500000,3,118,0,8,40
8,8614,0.9531250000,8,305,1,8,40
9,8615,0.9562500000,9,306,1,8,40
3,8616,0.5312500000,6,170,0,8,40
3,8617,0.6718750000,4,215,0,8,40
5,8618,0.6468750000,3,207,0,8,40
5,8619,0.4937500000,7,158,0,8,40
3,8620,0.2781250000,5,89,0,8,40
1,8621,0.5062500000,1,162,1,8,40
4,8622,0.9187500000,4,294,1,8,40
1,8623,0.9843750000,1,315,1,8,40
9,8624,0.3656250000,7,117,0,8,40
5,8625,0.9375000000,5,300,1,8,40
1,8626,0.4906250000,6,157,0,8,40
7,8627,0.9937500000,7,318,1,8,40
7,8628,0.6593750000,7,211,1,8,40
7,8629,0.7218750000,7,231,1,8,40
5,8630,0.7718750000,5,247,1,8,40
2,8631,0.6218750000,2,199,1,8,40
3,8632,0.5687500000,3,182,1,8,40
3,8633,0.6718750000,2,215,0,8,40
6,8634,0.5031250000,6,161,1,8,40
6,8635,0.8406250000,6,269,1,8,40
6,8636,0.4906250000,6,157,1,8,40
4,8637,0.8687500000,4,278,1,8,40
0,8638,0.8781250000,0,281,1,8,40
7,8639,0.4843750000,7,155,1,8,40
1,8640,0.9812500000,1,314,1,8,40
7,8641,0.7406250000,7,237,1,8,40
3,8642,0.8875000000,6,284,0,8,40
0,8643,0.9406250000,0,301,1,8,40
8,8644,0.3031250000,5,97,0,8,40
1,8645,0.5093750000,1,163,1,8,40
2,8646,0.4531250000,2,145,1,8,40
4,8647,0.9218750000,4,295,1,8,40
1,8648,0.9437500000,1,302,1,8,40
2,8649,0.8562500000,2,274,1,8,40
2,8650,0.5500000000,2,176,1,8,40
4,8651,0.4562500000,4,146,1,8,40
9,8652,0.9062500000,9,290,1,8,40
8,8653,0.8656250000,8,277,1,8,40
2,8654,0.3906250000,2,125,1,8,40
8,8655,0.9531250000,8,305,1,8,40
7,8656,0.8250000000,7,264,1,8,40
6,8657,0.4593750000,6,147,1,8,40
3,8658,0.7875000000,3,252,1,8,40
4,8659,0.7125000000,4,228,1,8,40
7,8660,0.7937500000,7,254,1,8,40
2,8661,0.6218750000,2,199,1,8,40
3,8662,0.5000000000,5,160,0,8,40
1,8663,0.9250000000,1,296,1,8,40
5,8664,0.9437500000,5,302,1,8,40
3,8665,0.4625000000,3,148,1,8,40
0,8666,0.4250000000,8,136,0,8,40
4,8667,0.5593750000,4,179,1,8,40
3,8668,0.5406250000,6,173,0,8,40
4,8669,0.6093750000,4,195,1,8,40
9,8670,0.6437500000,9,206,1,8,40
4,8671,0.4750000000,4,152,1,8,40
7,8672,0.5156250000,3,165,0,8,40
9,8673,0.8625000000,9,276,1,8,40
1,8674,0.8312500000,1,266,1,8,40
7,8675,0.9468750000,7,303,1,8,40
8,8676,0.6625000000,8,212,1,8,40
3,8677,0.6125000000,5,196,0,8,40
1,8678,0.7625000000,1,244,1,8,40
8,8679,0.4875000000,8,156,1,8,40
3,8680,0.5562500000,3,178,1,8,40
2,8681,0.5000000000,6,160,0,8,40
5,8682,0.7562500000,5,242,1,8,40
7,8683,0.9750000000,7,312,1,8,40
2,8684,0.5156250000,3,165,0,8,40
7,8685,0.9531250000,7,305,1,8,40
9,8686,0.8750000000,9,280,1,8,40
6,8687,0.8593750000,6,275,1,8,40
8,8688,0.9031250000,8,289,1,8,40
6,8689,0.9156250000,6,293,1,8,40
8,8690,0.9125000000,8,292,1,8,40
6,8691,0.2906250000,0,93,0,8,40
5,8692,0.5093750000,5,163,1,8,40
9,8693,0.9625000000,9,308,1,8,40
0,8694,0.6406250000,0,205,1,8,40
4,8695,0.9250000000,4,296,1,8,40
8,8696,0.8687500000,8,278,1,8,40
5,8697,0.9656250000,5,309,1,8,40
6,8698,0.6031250000,6,193,1,8,40
4,8699,0.4000000000,5,128,0,8,40
3,8700,0.7406250000,3,237,1,8,40
8,8701,0.9593750000,8,307,1,8,40
0,8702,0.6562500000,0,210,1,8,40
4,8703,0.6625000000,4,212,1,8,40
8,8704,0.8531250000,8,273,1,8,40
6,8705,0.8437500000,6,270,1,8,40
7,8706,0.5750000000,7,184,1,8,40
2,8707,0.8750000000,2,280,1,8,40
7,8708,0.5968750000,4,191,0,8,40
1,8709,0.9562500000,1,306,1,8,40
7,8710,0.7468750000,7,239,1,8,40
4,8711,0.8500000000,4,272,1,8,40
1,8712,0.9750000000,1,312,1,8,40
2,8713,0.3250000000,2,104,1,8,40
4,8714,0.9312500000,4,298,1,8,40
2,8715,0.5468750000,2,175,1,8,40
2,8716,0.5250000000,4,168,0,8,40
8,8717,0.9500000000,8,304,1,8,40
7,8718,0.9718750000,7,311,1,8,40
2,8719,0.8937500000,2,286,1,8,40
2,8720,0.8843750000,0,283,0,8,40
6,8721,0.4468750000,6,143,1,8,40
7,8722,0.5906250000,7,189,1,8,40
5,8723,0.5000000000,7,160,0,8,40
6,8724,0.8406250000,6,269,1,8,40
8,8725,0.9750000000,8,312,1,8,40
9,8726,0.9281250000,9,297,1,8,40
9,8727,0.4812500000,9,154,1,8,40
6,8728,0.5625000000,5,180,0,8,40
5,8729,0.6625000000,5,212,1,8,40
2,8730,0.6593750000,2,211,1,8,40
9,8731,0.6812500000,9,218,1,8,40
8,8732,0.7406250000,1,237,0,8,40
7,8733,0.9218750000,7,295,1,8,40
2,8734,0.8843750000,2,283,1,8,40
3,8735,0.6593750000,2,211,0,8,40
3,8736,0.5468750000,3,175,1,8,40
7,8737,0.8187500000,7,262,1,8,40
4,8738,0.9031250000,4,289,1,8,40
3,8739,0.6500000000,3,208,1,8,40
2,8740,0.7906250000,2,253,1,8,40
1,8741,0.3812500000,0,122,0,8,40
9,8742,0.4812500000,9,154,1,8,40
0,8743,0.8750000000,8,280,0,8,40
1,8744,0.9093750000,1,291,1,8,40
5,8745,0.7843750000,5,251,1,8,40
3,8746,0.5843750000,3,187,1,8,40
2,8747,0.9593750000,2,307,1,8,40
6,8748,0.8437500000,6,270,1,8,40
5,8749,0.2875000000,4,92,0,8,40
9,8750,0.9531250000,9,305,1,8,40
1,8751,0.6312500000,1,202,1,8,40
5,8752,0.7187500000,5,230,1,8,40
4,8753,0.4468750000,4,143,1,8,40
3,8754,0.9250000000,3,296,1,8,40
6,8755,0.9437500000,6,302,1,8,40
2,8756,0.7468750000,2,239,1,8,40
8,8757,0.4062500000,4,130,0,8,40
9,8758,0.6156250000,9,197,1,8,40
7,8759,0.8593750000,7,275,1,8,40
8,8760,0.9625000000,8,308,1,8,40
0,8761,0.7968750000,0,255,1,8,40
8,8762,0.9312500000,8,298,1,8,40
9,8763,0.9625000000,9,308,1,8,40
1,8764,0.8562500000,1,274,1,8,40
2,8765,0.8468750000,2,271,1,8,40
5,8766,0.7500000000,5,240,1,8,40
7,8767,0.7031250000,7,225,1,8,40
2,8768,0.9625000000,2,308,1,8,40
0,8769,0.9562500000,0,306,1,8,40
6,8770,0.5968750000,6,191,1,8,40
6,8771,0.9750000000,6,312,1,8,40
1,8772,0.9843750000,1,315,1,8,40
6,8773,0.6625000000,2,212,0,8,40
3,8774,0.6187500000,3,198,1,8,40
1,8775,0.4156250000,3,133,0,8,40
5,8776,0.8593750000,5,275,1,8,40
0,8777,0.9312500000,0,298,1,8,40
3,8778,0.3031250000,5,97,0,8,40
7,8779,0.7843750000,7,251,1,8,40
4,8780,0.5187500000,4,166,1,8,40
6,8781,0.4625000000,6,148,1,8,40
5,8782,0.8812500000,5,282,1,8,40
6,8783,0.3281250000,5,105,0,8,40
4,8784,0.9375000000,4,300,1,8,40
8,8785,0.7593750000,8,243,1,8,40
3,8786,0.7875000000,3,252,1,8,40
4,8787,0.7937500000,4,254,1,8,40
5,8788,0.8281250000,5,265,1,8,40
5,8789,0.9812500000,5,314,1,8,40
0,8790,0.9000000000,0,288,1,8,40
6,8791,0.6218750000,6,199,1,8,40
6,8792,0.7687500000,6,246,1,8,40
7,8793,0.9781250000,7,313,1,8,40
5,8794,0.4937500000,3,158,0,8,40
0,8795,0.9093750000,0,291,1,8,40
9,8796,0.7718750000,9,247,1,8,40
9,8797,0.8531250000,9,273,1,8,40
6,8798,0.9781250000,6,313,1,8,40
1,8799,0.9187500000,1,294,1,8,40
0,8800,0.8656250000,0,277,1,8,40
4,8801,0.4625000000,4,148,1,8,40
6,8802,0.9937500000,6,318,1,8,40
3,8803,0.3937500000,7,126,0,8,40
6,8804,0.4656250000,3,149,0,8,40
9,8805,0.9750000000,9,312,1,8,40
3,8806,0.4000000000,6,128,0,8,40
6,8807,0.9625000000,6,308,1,8,40
6,8808,0.8156250000,6,261,1,8,40
8,8809,0.4250000000,8,136,1,8,40
2,8810,0.2656250000,3,85,0,8,40
1,8811,0.4250000000,1,136,1,8,40
0,8812,0.9125000000,0,292,1,8,40
1,8813,0.9000000000,1,288,1,8,40
9,8814,0.9656250000,9,309,1,8,40
3,8815,0.5250000000,2,168,0,8,40
7,8816,0.7343750000,7,235,1,8,40
4,8817,0.4500000000,5,144,0,8,40
3,8818,0.9125000000,3,292,1,8,40
0,8819,0.9750000000,0,312,1,8,40
2,8820,0.7781250000,2,249,1,8,40
7,8821,0.8656250000,7,277,1,8,40
6,8822,0.7406250000,6,237,1,8,40
4,8823,0.6218750000,4,199,1,8,40
3,8824,0.5812500000,3,186,1,8,40
0,8825,0.4125000000,8,132,0,8,40
8,8826,0.9468750000,8,303,1,8,40
2,8827,0.9343750000,2,299,1,8,40
0,8828,0.5000000000,6,160,0,8,40
0,8829,0.9843750000,0,315,1,8,40
9,8830,0.9812500000,9,314,1,8,40
6,8831,0.9593750000,6,307,1,8,40
6,8832,0.8062500000,6,258,1,8,40
6,8833,0.4281250000,6,137,1,8,40
8,8834,0.9156250000,8,293,1,8,40
7,8835,0.9343750000,7,299,1,8,40
4,8836,0.7062500000,4,226,1,8,40
1,8837,0.8906250000,1,285,1,8,40
8,8838,0.9500000000,8,304,1,8,40
1,8839,0.9062500000,1,290,1,8,40
2,8840,0.2343750000,2,75,1,8,40
2,8841,0.3656250000,0,117,0,8,40
4,8842,0.8375000000,4,268,1,8,40
8,8843,0.8468750000,8,271,1,8,40
5,8844,0.6218750000,5,199,1,8,40
2,8845,0.9750000000,2,312,1,8,40
6,8846,0.9968750000,6,319,1,8,40
5,8847,0.5531250000,4,177,0,8,40
3,8848,0.4250000000,3,136,1,8,40
9,8849,0.8718750000,9,279,1,8,40
1,8850,0.5687500000,1,182,1,8,40
0,8851,0.9500000000,0,304,1,8,40
7,8852,0.9687500000,7,310,1,8,40
2,8853,0.8406250000,2,269,1,8,40
4,8854,0.8312500000,8,266,0,8,40
4,8855,0.3375000000,4,108,1,8,40
0,8856,0.9031250000,0,289,1,8,40
0,8857,0.3937500000,9,126,0,8,40
6,8858,0.3875000000,6,124,1,8,40
2,8859,0.6375000000,2,204,1,8,40
2,8860,0.9781250000,2,313,1,8,40
4,8861,0.3562500000,4,114,1,8,40
0,8862,0.7406250000,0,237,1,8,40
5,8863,0.6000000000,5,192,1,8,40
9,8864,0.9718750000,9,311,1,8,40
7,8865,0.8625000000,7,276,1,8,40
1,8866,0.8500000000,1,272,1,8,40
8,8867,0.9625000000,8,308,1,8,40
4,8868,0.3562500000,7,114,0,8,40
5,8869,0.5593750000,3,179,0,8,40
5,8870,0.9406250000,5,301,1,8,40
9,8871,0.9406250000,9,301,1,8,40
8,8872,0.2562500000,4,82,0,8,40
5,8873,0.9812500000,5,314,1,8,40
7,8874,0.5093750000,7,163,1,8,40
8,8875,0.4906250000,8,157,1,8,40
0,8876,0.5406250000,0,173,1,8,40
9,8877,0.4906250000,1,157,0,8,40
8,8878,0.8031250000,8,257,1,8,40
9,8879,0.8312500000,9,266,1,8,40
1,8880,0.9812500000,1,314,1,8,40
6,8881,0.9250000000,6,296,1,8,40
3,8882,0.4062500000,3,130,1,8,40
8,8883,0.6625000000,1,212,0,8,40
0,8884,0.4750000000,7,152,0,8,40
3,8885,0.9343750000,3,299,1,8,40
4,8886,0.4031250000,7,129,0,8,40
4,8887,0.8500000000,4,272,1,8,40
8,8888,0.9656250000,8,309,1,8,40
4,8889,0.9687500000,4,310,1,8,40
8,8890,0.9906250000,8,317,1,8,40
9,8891,0.7187500000,9,230,1,8,40
8,8892,0.5437500000,8,174,1,8,40
6,8893,0.8218750000,6,263,1,8,40
0,8894,0.8562500000,0,274,1,8,40
0,8895,0.9250000000,0,296,1,8,40
8,8896,0.9093750000,8,291,1,8,40
2,8897,0.9062500000,2,290,1,8,40
7,8898,0.3843750000,0,123,0,8,40
4,8899,0.8812500000,4,282,1,8,40
2,8900,0.6750000000,2,216,1,8,40
5,8901,0.8000000000,7,256,0,8,40
6,8902,0.9562500000,6,306,1,8,40
0,8903,0.8718750000,0,279,1,8,40
5,8904,0.9187500000,5,294,1,8,40
8,8905,0.7875000000,8,252,1,8,40
4,8906,0.7125000000,4,228,1,8,40
1,8907,0.9343750000,1,299,1,8,40
9,8908,0.8656250000,9,277,1,8,40
0,8909,0.9406250000,0,301,1,8,40
1,8910,0.9906250000,1,317,1,8,40
4,8911,0.5375000000,4,172,1,8,40
4,8912,0.4468750000,5,143,0,8,40
8,8913,0.8500000000,8,272,1,8,40
4,8914,0.8187500000,4,262,1,8,40
9,8915,0.9250000000,9,296,1,8,40
6,8916,0.8000000000,6,256,1,8,40
0,8917,0.7687500000,0,246,1,8,40
7,8918,0.5625000000,7,180,1,8,40
7,8919,0.5531250000,7,177,1,8,40
6,8920,0.9000000000,6,288,1,8,40
8,8921,0.9031250000,8,289,1,8,40
9,8922,0.7375000000,9,236,1,8,40
6,8923,0.4312500000,2,138,0,8,40
2,8924,0.8343750000,2,267,1,8,40
0,8925,0.8875000000,0,284,1,8,40
4,8926,0.9562500000,4,306,1,8,40
9,8927,0.9906250000,9,317,1,8,40
4,8928,0.5312500000,2,170,0,8,40
9,8929,0.9500000000,9,304,1,8,40
3,8930,0.4968750000,3,159,1,8,40
9,8931,0.9968750000,9,319,1,8,40
6,8932,0.4468750000,2,143,0,8,40
6,8933,0.3593750000,3,115,0,8,40
7,8934,0.6781250000,5,217,0,8,40
0,8935,0.9500000000,0,304,1,8,40
9,8936,0.4062500000,9,130,1,8,40
7,8937,0.8531250000,7,273,1,8,40
1,8938,0.6937500000,1,222,1,8,40
8,8939,0.5687500000,2,182,0,8,40
6,8940,0.4500000000,5,144,0,8,40
0,8941,0.8500000000,0,272,1,8,40
6,8942,0.9437500000,6,302,1,8,40
7,8943,0.4125000000,4,132,0,8,40
4,8944,0.4593750000,7,147,0,8,40
1,8945,0.9687500000,1,310,1,8,40
9,8946,0.7312500000,9,234,1,8,40
4,8947,0.8375000000,4,268,1,8,40
6,8948,0.5218750000,6,167,1,8,40
7,8949,0.9437500000,7,302,1,8,40
9,8950,0.9593750000,9,307,1,8,40
8,8951,0.9781250000,8,313,1,8,40
3,8952,0.6218750000,6,199,0,8,40
9,8953,0.8343750000,9,267,1,8,40
2,8954,0.5093750000,2,163,1,8,40
1,8955,0.7093750000,1,227,1,8,40
2,8956,0.3250000000,2,104,1,8,40
7,8957,0.4000000000,7,128,1,8,40
6,8958,0.5093750000,6,163,1,8,40
1,8959,0.8750000000,1,280,1,8,40
0,8960,0.6375000000,0,204,1,8,40
0,8961,0.8656250000,0,277,1,8,40
5,8962,0.3062500000,5,98,1,8,40
6,8963,0.9843750000,6,315,1,8,40
0,8964,0.7781250000,0,249,1,8,40
4,8965,0.7687500000,4,246,1,8,40
3,8966,0.5812500000,3,186,1,8,40
2,8967,0.4343750000,2,139,1,8,40
8,8968,0.4312500000,8,138,1,8,40
8,8969,0.9656250000,8,309,1,8,40
0,8970,0.9718750000,0,311,1,8,40
6,8971,0.8875000000,6,284,1,8,40
9,8972,0.2125000000,3,68,0,8,40
5,8973,0.8406250000,5,269,1,8,40
2,8974,0.7687500000,2,246,1,8,40
8,8975,0.9937500000,8,318,1,8,40
7,8976,0.4156250000,7,133,1,8,40
0,8977,0.3750000000,9,120,0,8,40
6,8978,0.7843750000,6,251,1,8,40
5,8979,0.7781250000,5,249,1,8,40
9,8980,0.9500000000,9,304,1,8,40
7,8981,0.8687500000,4,278,0,8,40
2,8982,0.8343750000,2,267,1,8,40
3,8983,0.5750000000,5,184,0,8,40
6,8984,0.9781250000,6,313,1,8,40
9,8985,0.8562500000,0,274,0,8,40
6,8986,0.9187500000,6,294,1,8,40
2,8987,0.9343750000,2,299,1,8,40
2,8988,0.9531250000,2,305,1,8,40
4,8989,0.9218750000,4,295,1,8,40
1,8990,0.9781250000,1,313,1,8,40
0,8991,0.8375000000,0,268,1,8,40
5,8992,0.8937500000,5,286,1,8,40
0,8993,0.8031250000,9,257,0,8,40
8,8994,0.9656250000,8,309,1,8,40
9,8995,0.9406250000,9,301,1,8,40
3,8996,0.3531250000,7,113,0,8,40
5,8997,0.4531250000,5,145,1,8,40
9,8998,0.9843750000,9,315,1,8,40
3,8999,0.6468750000,3,207,1,8,40
8,9000,0.9718750000,8,311,1,8,40
1,9001,0.9031250000,1,289,1,8,40
6,9002,0.5218750000,6,167,1,8,40
3,9003,0.5875000000,4,188,0,8,40
7,9004,0.9718750000,7,311,1,8,40
5,9005,0.8031250000,5,257,1,8,40
6,9006,0.7531250000,6,241,1,8,40
2,9007,0.7625000000,2,244,1,8,40
0,9008,0.9625000000,0,308,1,8,40
2,9009,0.9000000000,2,288,1,8,40
8,9010,0.5625000000,5,180,0,8,40
2,9011,0.5031250000,6,161,0,8,40
8,9012,0.4531250000,1,145,0,8,40
7,9013,0.9250000000,7,296,1,8,40
7,9014,0.6812500000,7,218,1,8,40
8,9015,0.8562500000,8,274,1,8,40
1,9016,0.9500000000,1,304,1,8,40
0,9017,0.8437500000,0,270,1,8,40
8,9018,0.3656250000,8,117,1,8,40
9,9019,0.8125000000,9,260,1,8,40
7,9020,0.9593750000,7,307,1,8,40
0,9021,0.8656250000,0,277,1,8,40
3,9022,0.8281250000,3,265,1,8,40
8,9023,0.7125000000,8,228,1,8,40
0,9024,0.8687500000,0,278,1,8,40
5,9025,0.8156250000,5,261,1,8,40
9,9026,0.7093750000,9,227,1,8,40
5,9027,0.4187500000,5,134,1,8,40
8,9028,0.7375000000,8,236,1,8,40
4,9029,0.3468750000,4,111,1,8,40
2,9030,0.6937500000,2,222,1,8,40
0,9031,0.8593750000,0,275,1,8,40
9,9032,0.6437500000,9,206,1,8,40
2,9033,0.6468750000,2,207,1,8,40
2,9034,0.5281250000,4,169,0,8,40
4,9035,0.8250000000,7,264,0,8,40
4,9036,0.5031250000,4,161,1,8,40
9,9037,0.8875000000,9,284,1,8,40
2,9038,0.7218750000,2,231,1,8,40
2,9039,0.2468750000,6,79,0,8,40
2,9040,0.8125000000,5,260,0,8,40
5,9041,0.5093750000,3,163,0,8,40
1,9042,0.9718750000,1,311,1,8,40
3,9043,0.6562500000,3,210,1,8,40
2,9044,0.8750000000,2,280,1,8,40
0,9045,0.9500000000,0,304,1,8,40
0,9046,0.8687500000,0,278,1,8,40
4,9047,0.7750000000,4,248,1,8,40
0,9048,0.8281250000,9,265,0,8,40
6,9049,0.8250000000,6,264,1,8,40
5,9050,0.8593750000,3,275,0,8,40
8,9051,0.9781250000,8,313,1,8,40
0,9052,0.8843750000,0,283,1,8,40
5,9053,0.5718750000,5,183,1,8,40
8,9054,0.9187500000,8,294,1,8,40
6,9055,0.9843750000,6,315,1,8,40
4,9056,0.5406250000,4,173,1,8,40
8,9057,0.8437500000,8,270,1,8,40
5,9058,0.6156250000,5,197,1,8,40
2,9059,0.5531250000,3,177,0,8,40
9,9060,0.7843750000,9,251,1,8,40
7,9061,0.9781250000,7,313,1,8,40
9,9062,0.8718750000,9,279,1,8,40
7,9063,1.0000000000,7,320,1,8,40
1,9064,0.5375000000,1,172,1,8,40
0,9065,0.5093750000,0,163,1,8,40
1,9066,0.6656250000,1,213,1,8,40
9,9067,0.6500000000,9,208,1,8,40
6,9068,0.3750000000,6,120,1,8,40
9,9069,0.6593750000,9,211,1,8,40
2,9070,0.8187500000,2,262,1,8,40
7,9071,0.5281250000,3,169,0,8,40
9,9072,0.8312500000,9,266,1,8,40
4,9073,0.8156250000,6,261,0,8,40
4,9074,0.6312500000,4,202,1,8,40
0,9075,0.8875000000,0,284,1,8,40
6,9076,0.8375000000,6,268,1,8,40
2,9077,0.9187500000,2,294,1,8,40
4,9078,0.8656250000,4,277,1,8,40
1,9079,0.7187500000,1,230,1,8,40
3,9080,0.7437500000,3,238,1,8,40
7,9081,0.9656250000,7,309,1,8,40
2,9082,0.7281250000,3,233,0,8,40
8,9083,0.8250000000,8,264,1,8,40
5,9084,0.8656250000,5,277,1,8,40
9,9085,0.5406250000,1,173,0,8,40
0,9086,0.9906250000,0,317,1,8,40
3,9087,0.4531250000,3,145,1,8,40
2,9088,0.7281250000,3,233,0,8,40
3,9089,0.9875000000,3,316,1,8,40
2,9090,0.6656250000,2,213,1,8,40
7,9091,0.9968750000,7,319,1,8,40
6,9092,0.5312500000,6,170,1,8,40
3,9093,0.4156250000,3,133,1,8,40
2,9094,0.8218750000,2,263,1,8,40
5,9095,0.5562500000,5,178,1,8,40
9,9096,0.9750000000,9,312,1,8,40
0,9097,0.8625000000,0,276,1,8,40
5,9098,0.4781250000,3,153,0,8,40
9,9099,0.6250000000,9,200,1,8,40
9,9100,0.5906250000,9,189,1,8,40
8,9101,0.9656250000,8,309,1,8,40
7,9102,0.8437500000,7,270,1,8,40
7,9103,0.5718750000,7,183,1,8,40
4,9104,0.9406250000,4,301,1,8,40
8,9105,0.5156250000,8,165,1,8,40
6,9106,0.9750000000,6,312,1,8,40
5,9107,0.3562500000,8,114,0,8,40
2,9108,0.9718750000,2,311,1,8,40
3,9109,0.9312500000,3,298,1,8,40
1,9110,0.9843750000,1,315,1,8,40
0,9111,0.9750000000,0,312,1,8,40
4,9112,0.9500000000,4,304,1,8,40
1,9113,0.6343750000,1,203,1,8,40
8,9114,0.5250000000,8,168,1,8,40
8,9115,0.9656250000,8,309,1,8,40
4,9116,0.7625000000,4,244,1,8,40
9,9117,0.8750000000,9,280,1,8,40
4,9118,0.9156250000,4,293,1,8,40
4,9119,0.7468750000,4,239,1,8,40
3,9120,0.4562500000,5,146,0,8,40
3,9121,0.7000000000,3,224,1,8,40
9,9122,0.6375000000,9,204,1,8,40
2,9123,0.6656250000,2,213,1,8,40
0,9124,0.9750000000,0,312,1,8,40
1,9125,0.9343750000,1,299,1,8,40
1,9126,0.5593750000,1,179,1,8,40
8,9127,0.6718750000,8,215,1,8,40
4,9128,0.6343750000,4,203,1,8,40
4,9129,0.6718750000,4,215,1,8,40
8,9130,0.8843750000,8,283,1,8,40
3,9131,0.4218750000,5,135,0,8,40
2,9132,0.3000000000,3,96,0,8,40
9,9133,0.5375000000,9,172,1,8,40
5,9134,0.7500000000,5,240,1,8,40
7,9135,0.9000000000,7,288,1,8,40
6,9136,0.9906250000,6,317,1,8,40
2,9137,0.4750000000,6,152,0,8,40
5,9138,0.9656250000,5,309,1,8,40
4,9139,0.5093750000,4,163,1,8,40
7,9140,0.3843750000,9,123,0,8,40
3,9141,0.9500000000,3,304,1,8,40
3,9142,0.8937500000,3,286,1,8,40
9,9143,0.3875000000,3,124,0,8,40
0,9144,0.6750000000,0,216,1,8,40
1,9145,0.5031250000,9,161,0,8,40
5,9146,0.9937500000,5,318,1,8,40
9,9147,0.5531250000,9,177,1,8,40
3,9148,0.6406250000,5,205,0,8,40
7,9149,0.4843750000,0,155,0,8,40
6,9150,0.9906250000,6,317,1,8,40
0,9151,0.9656250000,0,309,1,8,40
4,9152,0.8093750000,4,259,1,8,40
2,9153,0.5125000000,0,164,0,8,40
2,9154,0.9468750000,2,303,1,8,40
5,9155,0.9093750000,5,291,1,8,40
6,9156,0.9687500000,6,310,1,8,40
3,9157,0.9500000000,3,304,1,8,40
8,9158,0.8531250000,8,273,1,8,40
9,9159,0.9406250000,9,301,1,8,40
5,9160,0.7750000000,3,248,0,8,40
6,9161,0.9906250000,6,317,1,8,40
1,9162,0.4437500000,1,142,1,8,40
4,9163,0.9000000000,4,288,1,8,40
5,9164,0.6843750000,5,219,1,8,40
4,9165,0.5531250000,4,177,1,8,40
6,9166,0.9250000000,6,296,1,8,40
7,9167,0.9875000000,7,316,1,8,40
2,9168,0.8593750000,2,275,1,8,40
1,9169,0.5156250000,8,165,0,8,40
0,9170,0.4937500000,0,158,1,8,40
2,9171,0.9781250000,2,313,1,8,40
0,9172,0.9562500000,0,306,1,8,40
4,9173,0.9500000000,4,304,1,8,40
9,9174,0.9500000000,9,304,1,8,40
8,9175,0.9593750000,8,307,1,8,40
8,9176,0.7093750000,0,227,0,8,40
9,9177,0.7750000000,9,248,1,8,40
1,9178,0.9593750000,1,307,1,8,40
1,9179,1.0000000000,1,320,1,8,40
5,9180,0.9718750000,5,311,1,8,40
0,9181,0.9562500000,0,306,1,8,40
0,9182,0.9718750000,0,311,1,8,40
8,9183,0.9750000000,8,312,1,8,40
7,9184,0.7812500000,7,250,1,8,40
1,9185,0.7218750000,1,231,1,8,40
7,9186,0.7812500000,7,250,1,8,40
4,9187,0.8281250000,4,265,1,8,40
5,9188,0.5906250000,5,189,1,8,40
4,9189,0.7093750000,4,227,1,8,40
3,9190,0.5906250000,3,189,1,8,40
3,9191,0.3781250000,3,121,1,8,40
2,9192,0.9000000000,2,288,1,8,40
0,9193,0.5718750000,0,183,1,8,40
6,9194,0.9656250000,6,309,1,8,40
6,9195,0.9562500000,6,306,1,8,40
0,9196,0.9250000000,0,296,1,8,40
1,9197,0.9406250000,1,301,1,8,40
3,9198,0.8531250000,3,273,1,8,40
9,9199,0.9281250000,9,297,1,8,40
8,9200,0.9656250000,8,309,1,8,40
3,9201,0.7968750000,3,255,1,8,40
7,9202,1.0000000000,7,320,1,8,40
8,9203,0.9500000000,8,304,1,8,40
9,9204,0.9281250000,8,297,0,8,40
4,9205,0.8781250000,4,281,1,8,40
8,9206,0.7750000000,8,248,1,8,40
9,9207,0.8750000000,9,280,1,8,40
0,9208,0.7468750000,0,239,1,8,40
9,9209,0.7625000000,1,244,0,8,40
7,9210,0.9781250000,7,313,1,8,40
1,9211,0.9750000000,1,312,1,8,40
6,9212,0.9843750000,6,315,1,8,40
2,9213,0.7031250000,2,225,1,8,40
9,9214,0.8000000000,9,256,1,8,40
5,9215,0.8343750000,5,267,1,8,40
6,9216,0.3343750000,4,107,0,8,40
9,9217,0.4718750000,0,151,0,8,40
3,9218,0.3250000000,5,104,0,8,40
9,9219,0.9000000000,9,288,1,8,40
8,9220,0.9281250000,8,297,1,8,40
7,9221,0.7218750000,7,231,1,8,40
7,9222,0.4500000000,7,144,1,8,40
1,9223,0.5906250000,1,189,1,8,40
6,9224,0.9343750000,6,299,1,8,40
5,9225,0.2343750000,0,75,0,8,40
3,9226,0.6343750000,3,203,1,8,40
1,9227,0.8406250000,9,269,0,8,40
3,9228,0.9687500000,3,310,1,8,40
1,9229,0.2937500000,8,94,0,8,40
2,9230,0.3812500000,4,122,0,8,40
7,9231,0.3906250000,3,125,0,8,40
1,9232,0.9875000000,1,316,1,8,40
8,9233,0.9187500000,8,294,1,8,40
2,9234,0.6843750000,2,219,1,8,40
0,9235,0.8687500000,0,278,1,8,40
9,9236,0.9812500000,9,314,1,8,40
7,9237,0.2937500000,7,94,1,8,40
9,9238,0.8031250000,9,257,1,8,40
8,9239,0.9812500000,8,314,1,8,40
8,9240,0.8812500000,8,282,1,8,40
6,9241,0.9437500000,6,302,1,8,40
7,9242,0.9593750000,7,307,1,8,40
3,9243,0.9593750000,3,307,1,8,40
7,9244,0.9687500000,7,310,1,8,40
1,9245,0.9500000000,1,304,1,8,40
3,9246,0.7656250000,3,245,1,8,40
9,9247,0.9750000000,9,312,1,8,40
0,9248,0.4906250000,0,157,1,8,40
9,9249,0.9875000000,9,316,1,8,40
3,9250,0.4312500000,2,138,0,8,40
6,9251,0.9375000000,6,300,1,8,40
7,9252,0.5437500000,7,174,1,8,40
2,9253,0.5687500000,9,182,0,8,40
7,9254,0.6437500000,7,206,1,8,40
3,9255,0.8312500000,3,266,1,8,40
0,9256,0.9625000000,0,308,1,8,40
5,9257,0.7187500000,5,230,1,8,40
9,9258,0.4562500000,9,146,1,8,40
7,9259,0.9968750000,7,319,1,8,40
5,9260,0.8218750000,5,263,1,8,40
5,9261,0.9875000000,5,316,1,8,40
0,9262,0.5375000000,3,172,0,8,40
6,9263,0.8093750000,6,259,1,8,40
5,9264,0.6375000000,3,204,0,8,40
1,9265,0.8812500000,1,282,1,8,40
8,9266,0.8562500000,8,274,1,8,40
2,9267,0.6000000000,2,192,1,8,40
7,9268,0.5312500000,7,170,1,8,40
5,9269,0.6031250000,3,193,0,8,40
9,9270,0.8500000000,9,272,1,8,40
0,9271,0.9156250000,0,293,1,8,40
0,9272,0.9250000000,0,296,1,8,40
0,9273,0.5281250000,0,169,1,8,40
8,9274,0.7468750000,8,239,1,8,40
8,9275,0.9031250000,8,289,1,8,40
7,9276,0.4687500000,4,150,0,8,40
3,9277,0.7031250000,3,225,1,8,40
7,9278,0.7656250000,7,245,1,8,40
8,9279,0.9625000000,8,308,1,8,40
9,9280,0.4687500000,9,150,1,8,40
3,9281,0.4093750000,0,131,0,8,40
7,9282,0.5156250000,7,165,1,8,40
9,9283,0.9812500000,9,314,1,8,40
7,9284,1.0000000000,7,320,1,8,40
8,9285,0.9625000000,8,308,1,8,40
7,9286,0.9562500000,7,306,1,8,40
9,9287,0.9250000000,9,296,1,8,40
8,9288,0.4625000000,8,148,1,8,40
5,9289,0.7343750000,5,235,1,8,40
4,9290,0.7593750000,4,243,1,8,40
8,9291,0.5781250000,0,185,0,8,40
3,9292,0.8718750000,7,279,0,8,40
7,9293,0.9468750000,7,303,1,8,40
6,9294,0.3937500000,2,126,0,8,40
3,9295,0.7031250000,3,225,1,8,40
8,9296,0.7031250000,8,225,1,8,40
2,9297,0.8593750000,2,275,1,8,40
1,9298,0.7312500000,1,234,1,8,40
9,9299,0.7937500000,9,254,1,8,40
5,9300,0.5531250000,3,177,0,8,40
7,9301,0.3562500000,5,114,0,8,40
3,9302,0.4812500000,4,154,0,8,40
9,9303,0.7250000000,9,232,1,8,40
5,9304,0.8187500000,5,262,1,8,40
5,9305,0.4250000000,7,136,0,8,40
8,9306,0.7125000000,8,228,1,8,40
7,9307,0.9375000000,7,300,1,8,40
3,9308,0.8437500000,3,270,1,8,40
5,9309,0.7562500000,5,242,1,8,40
3,9310,0.3750000000,3,120,1,8,40
5,9311,0.6750000000,5,216,1,8,40
9,9312,0.9593750000,9,307,1,8,40
7,9313,0.7000000000,7,224,1,8,40
6,9314,0.7625000000,6,244,1,8,40
7,9315,0.8000000000,7,256,1,8,40
3,9316,0.5562500000,4,178,0,8,40
6,9317,0.3937500000,3,126,0,8,40
4,9318,0.9625000000,4,308,1,8,40
3,9319,0.4625000000,3,148,1,8,40
9,9320,0.9062500000,9,290,1,8,40
4,9321,0.8875000000,4,284,1,8,40
2,9322,0.7281250000,2,233,1,8,40
1,9323,0.9687500000,1,310,1,8,40
9,9324,0.7625000000,9,244,1,8,40
6,9325,0.8218750000,6,263,1,8,40
0,9326,0.9500000000,0,304,1,8,40
2,9327,0.5406250000,3,173,0,8,40
6,9328,0.9468750000,6,303,1,8,40
7,9329,0.8031250000,7,257,1,8,40
4,9330,0.7687500000,4,246,1,8,40
7,9331,0.8500000000,7,272,1,8,40
9,9332,0.9593750000,9,307,1,8,40
0,9333,0.8906250000,0,285,1,8,40
7,9334,0.8750000000,7,280,1,8,40
4,9335,0.8875000000,4,284,1,8,40
3,9336,0.8218750000,5,263,0,8,40
5,9337,0.5343750000,3,171,0,8,40
3,9338,0.4625000000,3,148,1,8,40
1,9339,0.7156250000,1,229,1,8,40
1,9340,0.9812500000,1,314,1,8,40
2,9341,0.7156250000,3,229,0,8,40
6,9342,0.6468750000,6,207,1,8,40
8,9343,0.8937500000,8,286,1,8,40
2,9344,0.7531250000,2,241,1,8,40
1,9345,0.5750000000,1,184,1,8,40
7,9346,0.7031250000,5,225,0,8,40
8,9347,0.9593750000,8,307,1,8,40
5,9348,0.7812500000,5,250,1,8,40
9,9349,0.5968750000,8,191,0,8,40
6,9350,0.8781250000,6,281,1,8,40
1,9351,0.8968750000,1,287,1,8,40
1,9352,0.6843750000,8,219,0,8,40
5,9353,0.3250000000,5,104,1,8,40
0,9354,0.9437500000,0,302,1,8,40
6,9355,0.8750000000,6,280,1,8,40
0,9356,0.7906250000,0,253,1,8,40
9,9357,0.7812500000,9,250,1,8,40
2,9358,0.6218750000,2,199,1,8,40
6,9359,0.7281250000,6,233,1,8,40
5,9360,0.4281250000,0,137,0,8,40
8,9361,0.3937500000,8,126,1,8,40
9,9362,0.9406250000,9,301,1,8,40
5,9363,0.5218750000,3,167,0,8,40
5,9364,0.9500000000,5,304,1,8,40
6,9365,0.9750000000,6,312,1,8,40
2,9366,0.7812500000,2,250,1,8,40
9,9367,0.9437500000,9,302,1,8,40
1,9368,0.8093750000,1,259,1,8,40
5,9369,0.3125000000,6,100,0,8,40
8,9370,0.3468750000,9,111,0,8,40
8,9371,0.6656250000,8,213,1,8,40
7,9372,0.9656250000,7,309,1,8,40
1,9373,0.9625000000,1,308,1,8,40
7,9374,0.8187500000,7,262,1,8,40
3,9375,0.4875000000,5,156,0,8,40
5,9376,0.6031250000,5,193,1,8,40
4,9377,0.7187500000,4,230,1,8,40
9,9378,0.8156250000,9,261,1,8,40
7,9379,0.9968750000,7,319,1,8,40
5,9380,0.5656250000,5,181,1,8,40
2,9381,0.5875000000,2,188,1,8,40
9,9382,0.8562500000,9,274,1,8,40
9,9383,0.4781250000,9,153,1,8,40
4,9384,0.8406250000,4,269,1,8,40
7,9385,0.5312500000,6,170,0,8,40
4,9386,0.8812500000,2,282,0,8,40
1,9387,0.8937500000,1,286,1,8,40
3,9388,0.9718750000,3,311,1,8,40
8,9389,0.8625000000,8,276,1,8,40
7,9390,0.8156250000,7,261,1,8,40
9,9391,0.9750000000,9,312,1,8,40
0,9392,0.6625000000,0,212,1,8,40
4,9393,0.6937500000,4,222,1,8,40
5,9394,0.6937500000,5,222,1,8,40
7,9395,1.0000000000,7,320,1,8,40
5,9396,0.5750000000,5,184,1,8,40
2,9397,0.5218750000,2,167,1,8,40
8,9398,0.4906250000,1,157,0,8,40
7,9399,0.9968750000,7,319,1,8,40
6,9400,0.9718750000,6,311,1,8,40
9,9401,0.8843750000,9,283,1,8,40
6,9402,0.4750000000,6,152,1,8,40
9,9403,0.6125000000,9,196,1,8,40
3,9404,0.5187500000,3,166,1,8,40
8,9405,0.9625000000,8,308,1,8,40
5,9406,0.5187500000,5,166,1,8,40
6,9407,0.9593750000,6,307,1,8,40
6,9408,0.9281250000,6,297,1,8,40
9,9409,0.9593750000,9,307,1,8,40
5,9410,0.9468750000,5,303,1,8,40
7,9411,0.9562500000,7,306,1,8,40
8,9412,0.9812500000,8,314,1,8,40
0,9413,0.9781250000,0,313,1,8,40
5,9414,0.6343750000,3,203,0,8,40
0,9415,0.5375000000,4,172,0,8,40
7,9416,0.9437500000,7,302,1,8,40
4,9417,0.4468750000,4,143,1,8,40
8,9418,0.7625000000,8,244,1,8,40
2,9419,0.8656250000,2,277,1,8,40
5,9420,0.7656250000,5,245,1,8,40
1,9421,0.4125000000,1,132,1,8,40
3,9422,0.5906250000,3,189,1,8,40
2,9423,0.8062500000,2,258,1,8,40
2,9424,0.9156250000,2,293,1,8,40
6,9425,0.9468750000,6,303,1,8,40
2,9426,0.5000000000,4,160,0,8,40
1,9427,0.9875000000,1,316,1,8,40
7,9428,0.4343750000,7,139,1,8,40
4,9429,0.3093750000,4,99,1,8,40
6,9430,0.6250000000,6,200,1,8,40
3,9431,0.4843750000,5,155,0,8,40
1,9432,0.6750000000,1,216,1,8,40
3,9433,0.5656250000,3,181,1,8,40
7,9434,0.6625000000,7,212,1,8,40
2,9435,0.4375000000,2,140,1,8,40
1,9436,0.4625000000,6,148,0,8,40
3,9437,0.3906250000,5,125,0,8,40
7,9438,0.8875000000,7,284,1,8,40
0,9439,0.6312500000,0,202,1,8,40
8,9440,0.9156250000,8,293,1,8,40
4,9441,0.7718750000,4,247,1,8,40
4,9442,0.5593750000,4,179,1,8,40
5,9443,0.8468750000,2,271,0,8,40
7,9444,0.9000000000,7,288,1,8,40
9,9445,0.7437500000,7,238,0,8,40
5,9446,0.6812500000,5,218,1,8,40
4,9447,0.6187500000,4,198,1,8,40
3,9448,0.4125000000,3,132,1,8,40
9,9449,0.6687500000,0,214,0,8,40
6,9450,0.6125000000,6,196,1,8,40
8,9451,0.8000000000,8,256,1,8,40
2,9452,0.3968750000,2,127,1,8,40
3,9453,0.9343750000,3,299,1,8,40
3,9454,0.5843750000,6,187,0,8,40
1,9455,0.9750000000,1,312,1,8,40
6,9456,0.9593750000,6,307,1,8,40
1,9457,0.8125000000,1,260,1,8,40
7,9458,0.9937500000,7,318,1,8,40
0,9459,0.8343750000,0,267,1,8,40
3,9460,0.4656250000,3,149,1,8,40
4,9461,0.7656250000,6,245,0,8,40
2,9462,0.4875000000,2,156,1,8,40
9,9463,0.7156250000,9,229,1,8,40
4,9464,0.5093750000,4,163,1,8,40
5,9465,0.5500000000,5,176,1,8,40
8,9466,0.9093750000,8,291,1,8,40
2,9467,0.7812500000,7,250,0,8,40
7,9468,0.5468750000,7,175,1,8,40
0,9469,0.9562500000,0,306,1,8,40
9,9470,0.9843750000,9,315,1,8,40
6,9471,0.6687500000,6,214,1,8,40
8,9472,0.8937500000,8,286,1,8,40
0,9473,0.9375000000,0,300,1,8,40
8,9474,0.9718750000,8,311,1,8,40
2,9475,0.9406250000,2,301,1,8,40
8,9476,0.9343750000,8,299,1,8,40
5,9477,0.9937500000,5,318,1,8,40
7,9478,0.9625000000,7,308,1,8,40
7,9479,0.9718750000,7,311,1,8,40
2,9480,0.8781250000,2,281,1,8,40
2,9481,0.9156250000,2,293,1,8,40
0,9482,0.8968750000,0,287,1,8,40
0,9483,0.7906250000,0,253,1,8,40
0,9484,0.5406250000,9,173,0,8,40
7,9485,0.7468750000,7,239,1,8,40
4,9486,0.5593750000,4,179,1,8,40
1,9487,0.9781250000,1,313,1,8,40
6,9488,0.8781250000,6,281,1,8,40
6,9489,0.9937500000,6,318,1,8,40
8,9490,0.6625000000,8,212,1,8,40
8,9491,0.9218750000,8,295,1,8,40
9,9492,0.4500000000,9,144,1,8,40
0,9493,0.5218750000,0,167,1,8,40
9,9494,0.8531250000,9,273,1,8,40
0,9495,0.8875000000,0,284,1,8,40
1,9496,0.9812500000,1,314,1,8,40
3,9497,0.3406250000,7,109,0,8,40
3,9498,0.4375000000,3,140,1,8,40
0,9499,0.9781250000,0,313,1,8,40
9,9500,0.8093750000,9,259,1,8,40
6,9501,0.4281250000,0,137,0,8,40
6,9502,0.9625000000,6,308,1,8,40
2,9503,0.5718750000,4,183,0,8,40
6,9504,0.9968750000,6,319,1,8,40
3,9505,0.5156250000,3,165,1,8,40
4,9506,0.6031250000,2,193,0,8,40
0,9507,0.5156250000,8,165,0,8,40
8,9508,0.9531250000,8,305,1,8,40
4,9509,0.3812500000,4,122,1,8,40
1,9510,0.8750000000,1,280,1,8,40
4,9511,0.7406250000,4,237,1,8,40
0,9512,0.7593750000,0,243,1,8,40
6,9513,0.3687500000,6,118,1,8,40
5,9514,0.3312500000,5,106,1,8,40
0,9515,0.7812500000,9,250,0,8,40
9,9516,0.9906250000,9,317,1,8,40
9,9517,0.8218750000,9,263,1,8,40
9,9518,0.5718750000,9,183,1,8,40
9,9519,0.9656250000,9,309,1,8,40
1,9520,0.6625000000,1,212,1,8,40
2,9521,0.7000000000,2,224,1,8,40
3,9522,0.5125000000,4,164,0,8,40
5,9523,0.8562500000,5,274,1,8,40
4,9524,0.9875000000,4,316,1,8,40
2,9525,0.9531250000,2,305,1,8,40
9,9526,0.8343750000,9,267,1,8,40
6,9527,0.4687500000,3,150,0,8,40
0,9528,0.4312500000,8,138,0,8,40
9,9529,0.3906250000,9,125,1,8,40
6,9530,0.9843750000,6,315,1,8,40
6,9531,0.9406250000,6,301,1,8,40
8,9532,0.9375000000,8,300,1,8,40
0,9533,0.9531250000,0,305,1,8,40
6,9534,0.9343750000,6,299,1,8,40
1,9535,0.2625000000,1,84,1,8,40
4,9536,0.8125000000,4,260,1,8,40
6,9537,0.9531250000,6,305,1,8,40
8,9538,0.7500000000,8,240,1,8,40
0,9539,0.9000000000,0,288,1,8,40
5,9540,0.9062500000,5,290,1,8,40
4,9541,0.8437500000,4,270,1,8,40
1,9542,0.6906250000,1,221,1,8,40
2,9543,0.6875000000,2,220,1,8,40
0,9544,0.9500000000,0,304,1,8,40
9,9545,0.9531250000,9,305,1,8,40
6,9546,0.8593750000,6,275,1,8,40
4,9547,0.9062500000,4,290,1,8,40
2,9548,0.4281250000,2,137,1,8,40
4,9549,0.6875000000,4,220,1,8,40
6,9550,0.9343750000,6,299,1,8,40
5,9551,0.3531250000,5,113,1,8,40
9,9552,0.9500000000,9,304,1,8,40
7,9553,0.9250000000,7,296,1,8,40
7,9554,0.9937500000,7,318,1,8,40
4,9555,0.6593750000,4,211,1,8,40
6,9556,0.9218750000,6,295,1,8,40
5,9557,0.5468750000,2,175,0,8,40
0,9558,0.9718750000,0,311,1,8,40
1,9559,0.7937500000,9,254,0,8,40
9,9560,0.3968750000,9,127,1,8,40
0,9561,0.9031250000,0,289,1,8,40
3,9562,0.4375000000,3,140,1,8,40
1,9563,0.2375000000,3,76,0,8,40
9,9564,0.9718750000,9,311,1,8,40
0,9565,0.9125000000,0,292,1,8,40
9,9566,0.8562500000,9,274,1,8,40
7,9567,0.7031250000,7,225,1,8,40
8,9568,0.8687500000,8,278,1,8,40
6,9569,0.9000000000,6,288,1,8,40
7,9570,0.9906250000,7,317,1,8,40
6,9571,0.9343750000,6,299,1,8,40
8,9572,0.9906250000,8,317,1,8,40
2,9573,0.5593750000,2,179,1,8,40
4,9574,0.9625000000,4,308,1,8,40
5,9575,0.8531250000,5,273,1,8,40
3,9576,0.3500000000,3,112,1,8,40
0,9577,0.9312500000,0,298,1,8,40
3,9578,0.7500000000,3,240,1,8,40
2,9579,0.5031250000,2,161,1,8,40
1,9580,0.9406250000,1,301,1,8,40
7,9581,1.0000000000,7,320,1,8,40
5,9582,0.9687500000,5,310,1,8,40
9,9583,0.7875000000,9,252,1,8,40
3,9584,0.5968750000,3,191,1,8,40
4,9585,0.8187500000,4,262,1,8,40
5,9586,0.5250000000,3,168,0,8,40
7,9587,0.3000000000,7,96,1,8,40
1,9588,0.9125000000,1,292,1,8,40
5,9589,0.9031250000,5,289,1,8,40
0,9590,0.5843750000,0,187,1,8,40
1,9591,0.8781250000,1,281,1,8,40
1,9592,0.9625000000,1,308,1,8,40
1,9593,0.3750000000,9,120,0,8,40
9,9594,0.2781250000,9,89,1,8,40
7,9595,0.8906250000,7,285,1,8,40
5,9596,0.7937500000,5,254,1,8,40
4,9597,0.8843750000,4,283,1,8,40
9,9598,0.9343750000,9,299,1,8,40
7,9599,0.9750000000,7,312,1,8,40
8,9600,0.9406250000,8,301,1,8,40
1,9601,0.3093750000,5,99,0,8,40
0,9602,0.5343750000,0,171,1,8,40
2,9603,0.6281250000,2,201,1,8,40
8,9604,0.6468750000,8,207,1,8,40
5,9605,0.6968750000,5,223,1,8,40
6,9606,0.4937500000,9,158,0,8,40
7,9607,0.3062500000,7,98,1,8,40
0,9608,0.7656250000,0,245,1,8,40
1,9609,0.6500000000,6,208,0,8,40
4,9610,0.8750000000,4,280,1,8,40
8,9611,0.9875000000,8,316,1,8,40
4,9612,0.3937500000,7,126,0,8,40
4,9613,0.8531250000,4,273,1,8,40
6,9614,1.0000000000,6,320,1,8,40
6,9615,0.9718750000,6,311,1,8,40
5,9616,0.5218750000,4,167,0,8,40
8,9617,0.8937500000,8,286,1,8,40
1,9618,0.9937500000,1,318,1,8,40
8,9619,0.9781250000,8,313,1,8,40
4,9620,0.5562500000,7,178,0,8,40
6,9621,0.8906250000,6,285,1,8,40
5,9622,0.5812500000,7,186,0,8,40
9,9623,0.9625000000,9,308,1,8,40
2,9624,0.7437500000,2,238,1,8,40
2,9625,0.6937500000,2,222,1,8,40
1,9626,0.7718750000,1,247,1,8,40
4,9627,0.7406250000,4,237,1,8,40
9,9628,0.9875000000,9,316,1,8,40
1,9629,0.9593750000,1,307,1,8,40
6,9630,0.8718750000,6,279,1,8,40
7,9631,0.7437500000,7,238,1,8,40
2,9632,0.9875000000,2,316,1,8,40
0,9633,0.7187500000,0,230,1,8,40
1,9634,0.9343750000,1,299,1,8,40
7,9635,0.6000000000,4,192,0,8,40
6,9636,0.9531250000,6,305,1,8,40
5,9637,0.3062500000,5,98,1,8,40
2,9638,0.7843750000,2,251,1,8,40
2,9639,0.9343750000,2,299,1,8,40
5,9640,0.7968750000,5,255,1,8,40
6,9641,0.5250000000,3,168,0,8,40
0,9642,0.9531250000,0,305,1,8,40
9,9643,0.5281250000,9,169,1,8,40
0,9644,0.6593750000,0,211,1,8,40
1,9645,0.9781250000,1,313,1,8,40
5,9646,0.5187500000,4,166,0,8,40
3,9647,0.3781250000,3,121,1,8,40
3,9648,0.6187500000,3,198,1,8,40
5,9649,0.6593750000,3,211,0,8,40
8,9650,0.9187500000,8,294,1,8,40
7,9651,0.9906250000,7,317,1,8,40
5,9652,0.4000000000,5,128,1,8,40
6,9653,0.7437500000,6,238,1,8,40
5,9654,0.4593750000,7,147,0,8,40
8,9655,0.9781250000,8,313,1,8,40
0,9656,0.8906250000,0,285,1,8,40
5,9657,0.7031250000,3,225,0,8,40
9,9658,0.7625000000,9,244,1,8,40
4,9659,0.6437500000,4,206,1,8,40
6,9660,0.9156250000,6,293,1,8,40
5,9661,0.8687500000,5,278,1,8,40
1,9662,0.9406250000,1,301,1,8,40
1,9663,0.7750000000,1,248,1,8,40
0,9664,0.9406250000,0,301,1,8,40
3,9665,0.8375000000,5,268,0,8,40
3,9666,0.5875000000,3,188,1,8,40
9,9667,0.9656250000,9,309,1,8,40
4,9668,0.6406250000,4,205,1,8,40
8,9669,0.9375000000,8,300,1,8,40
1,9670,0.7937500000,1,254,1,8,40
7,9671,0.9875000000,7,316,1,8,40
7,9672,0.8718750000,7,279,1,8,40
9,9673,0.6437500000,9,206,1,8,40
9,9674,0.9937500000,9,318,1,8,40
4,9675,0.7750000000,4,248,1,8,40
3,9676,0.2812500000,2,90,0,8,40
6,9677,0.9968750000,6,319,1,8,40
3,9678,0.2437500000,5,78,0,8,40
2,9679,0.4062500000,3,130,0,8,40
8,9680,0.9375000000,8,300,1,8,40
2,9681,0.6843750000,2,219,1,8,40
7,9682,0.8218750000,7,263,1,8,40
6,9683,0.5187500000,6,166,1,8,40
7,9684,0.9468750000,7,303,1,8,40
0,9685,0.6375000000,0,204,1,8,40
2,9686,0.7312500000,2,234,1,8,40
1,9687,0.7437500000,1,238,1,8,40
2,9688,0.7000000000,2,224,1,8,40
9,9689,0.8406250000,9,269,1,8,40
4,9690,0.5406250000,2,173,0,8,40
6,9691,0.3687500000,6,118,1,8,40
9,9692,0.9062500000,9,290,1,8,40
6,9693,0.5468750000,6,175,1,8,40
1,9694,0.5000000000,9,160,0,8,40
0,9695,0.9468750000,0,303,1,8,40
1,9696,0.8281250000,1,265,1,8,40
8,9697,0.9343750000,8,299,1,8,40
7,9698,0.9843750000,7,315,1,8,40
0,9699,0.7562500000,9,242,0,8,40
0,9700,0.8812500000,0,282,1,8,40
4,9701,0.7187500000,4,230,1,8,40
7,9702,0.9906250000,7,317,1,8,40
4,9703,0.9406250000,4,301,1,8,40
2,9704,0.4937500000,3,158,0,8,40
6,9705,0.7843750000,6,251,1,8,40
9,9706,0.7625000000,9,244,1,8,40
5,9707,0.6593750000,5,211,1,8,40
9,9708,0.7968750000,9,255,1,8,40
0,9709,0.6500000000,0,208,1,8,40
7,9710,0.8187500000,7,262,1,8,40
4,9711,0.9406250000,4,301,1,8,40
5,9712,0.8875000000,5,284,1,8,40
8,9713,0.9968750000,8,319,1,8,40
1,9714,0.9000000000,1,288,1,8,40
4,9715,0.5375000000,4,172,1,8,40
7,9716,0.4312500000,7,138,1,8,40
9,9717,0.8312500000,9,266,1,8,40
9,9718,0.7968750000,9,255,1,8,40
8,9719,0.9812500000,8,314,1,8,40
8,9720,0.4281250000,6,137,0,8,40
6,9721,0.4718750000,3,151,0,8,40
3,9722,0.6531250000,3,209,1,8,40
7,9723,0.9593750000,7,307,1,8,40
0,9724,0.9187500000,0,294,1,8,40
8,9725,0.7875000000,8,252,1,8,40
9,9726,0.9031250000,9,289,1,8,40
6,9727,0.4312500000,0,138,0,8,40
2,9728,0.9625000000,2,308,1,8,40
4,9729,0.4062500000,6,130,0,8,40
6,9730,0.4718750000,6,151,1,8,40
2,9731,0.7718750000,2,247,1,8,40
9,9732,0.8500000000,9,272,1,8,40
7,9733,0.8750000000,7,280,1,8,40
4,9734,0.4781250000,7,153,0,8,40
6,9735,0.4531250000,6,145,1,8,40
8,9736,0.8750000000,8,280,1,8,40
5,9737,0.4562500000,7,146,0,8,40
6,9738,0.8781250000,6,281,1,8,40
1,9739,0.9593750000,1,307,1,8,40
3,9740,0.7281250000,6,233,0,8,40
5,9741,0.7687500000,5,246,1,8,40
9,9742,0.6781250000,9,217,1,8,40
9,9743,0.6343750000,1,203,0,8,40
1,9744,0.8968750000,9,287,0,8,40
3,9745,0.9406250000,3,301,1,8,40
2,9746,0.8375000000,0,268,0,8,40
0,9747,0.9218750000,0,295,1,8,40
3,9748,0.6375000000,3,204,1,8,40
0,9749,0.7218750000,0,231,1,8,40
2,9750,0.7031250000,2,225,1,8,40
0,9751,0.6750000000,0,216,1,8,40
7,9752,0.3093750000,7,99,1,8,40
3,9753,0.3906250000,6,125,0,8,40
9,9754,0.9218750000,9,295,1,8,40
3,9755,0.3093750000,3,99,1,8,40
5,9756,0.4281250000,4,137,0,8,40
7,9757,0.7125000000,7,228,1,8,40
6,9758,0.4000000000,6,128,1,8,40
5,9759,0.7312500000,5,234,1,8,40
9,9760,0.8250000000,9,264,1,8,40
5,9761,0.5562500000,5,178,1,8,40
6,9762,0.9687500000,6,310,1,8,40
1,9763,0.9937500000,1,318,1,8,40
2,9764,0.7718750000,2,247,1,8,40
4,9765,0.9343750000,4,299,1,8,40
0,9766,0.8750000000,0,280,1,8,40
2,9767,0.6031250000,2,193,1,8,40
7,9768,0.9875000000,7,316,1,8,40
8,9769,0.8718750000,8,279,1,8,40
4,9770,0.6343750000,4,203,1,8,40
4,9771,0.9531250000,4,305,1,8,40
0,9772,0.8093750000,0,259,1,8,40
9,9773,0.9187500000,9,294,1,8,40
5,9774,0.3500000000,3,112,0,8,40
9,9775,0.9656250000,9,309,1,8,40
2,9776,0.5031250000,2,161,1,8,40
9,9777,0.3937500000,9,126,1,8,40
3,9778,0.8906250000,3,285,1,8,40
2,9779,0.4875000000,2,156,1,8,40
4,9780,0.5937500000,4,190,1,8,40
3,9781,0.5281250000,3,169,1,8,40
2,9782,0.5781250000,2,185,1,8,40
2,9783,0.5000000000,6,160,0,8,40
8,9784,0.6343750000,0,203,0,8,40
8,9785,0.5000000000,8,160,1,8,40
6,9786,0.5343750000,6,171,1,8,40
8,9787,0.8937500000,0,286,0,8,40
1,9788,0.9781250000,1,313,1,8,40
6,9789,0.8187500000,6,262,1,8,40
8,9790,0.5906250000,8,189,1,8,40
9,9791,0.4156250000,2,133,0,8,40
8,9792,0.3687500000,9,118,0,8,40
2,9793,0.3593750000,5,115,0,8,40
1,9794,0.3187500000,0,102,0,8,40
4,9795,0.3312500000,4,106,1,8,40
9,9796,0.6406250000,9,205,1,8,40
1,9797,0.8406250000,1,269,1,8,40
5,9798,0.7062500000,5,226,1,8,40
7,9799,0.9312500000,7,298,1,8,40
1,9800,0.9875000000,1,316,1,8,40
6,9801,0.7781250000,6,249,1,8,40
0,9802,0.9343750000,0,299,1,8,40
1,9803,0.9718750000,1,311,1,8,40
5,9804,0.8093750000,5,259,1,8,40
2,9805,0.6812500000,0,218,0,8,40
8,9806,0.9593750000,8,307,1,8,40
1,9807,0.6156250000,1,197,1,8,40
1,9808,0.7593750000,1,243,1,8,40
3,9809,0.5468750000,3,175,1,8,40
8,9810,0.8968750000,8,287,1,8,40
1,9811,0.9656250000,1,309,1,8,40
3,9812,0.5593750000,8,179,0,8,40
1,9813,0.9843750000,1,315,1,8,40
8,9814,0.9875000000,8,316,1,8,40
5,9815,0.5406250000,2,173,0,8,40
1,9816,0.5375000000,1,172,1,8,40
9,9817,0.5187500000,1,166,0,8,40
0,9818,0.8250000000,0,264,1,8,40
3,9819,0.7781250000,5,249,0,8,40
0,9820,0.4125000000,8,132,0,8,40
4,9821,0.9218750000,4,295,1,8,40
0,9822,0.8812500000,0,282,1,8,40
5,9823,0.6843750000,3,219,0,8,40
1,9824,0.7062500000,1,226,1,8,40
2,9825,0.7156250000,2,229,1,8,40
0,9826,0.9500000000,0,304,1,8,40
4,9827,0.6562500000,4,210,1,8,40
9,9828,0.9687500000,9,310,1,8,40
5,9829,0.5656250000,5,181,1,8,40
1,9830,0.9218750000,1,295,1,8,40
2,9831,0.8031250000,2,257,1,8,40
2,9832,0.3781250000,4,121,0,8,40
7,9833,0.9062500000,7,290,1,8,40
8,9834,0.7718750000,8,247,1,8,40
7,9835,0.9531250000,7,305,1,8,40
2,9836,0.8343750000,2,267,1,8,40
4,9837,0.8375000000,4,268,1,8,40
5,9838,0.4968750000,7,159,0,8,40
3,9839,0.3281250000,2,105,0,8,40
4,9840,0.6843750000,7,219,0,8,40
0,9841,0.6812500000,0,218,1,8,40
6,9842,0.5437500000,6,174,1,8,40
1,9843,0.9656250000,1,309,1,8,40
5,9844,0.4781250000,5,153,1,8,40
9,9845,0.8906250000,9,285,1,8,40
8,9846,0.9406250000,8,301,1,8,40
0,9847,0.9406250000,0,301,1,8,40
2,9848,0.7781250000,2,249,1,8,40
0,9849,0.5468750000,2,175,0,8,40
7,9850,0.9812500000,4,314,0,8,40
6,9851,0.7562500000,6,242,1,8,40
0,9852,0.8656250000,0,277,1,8,40
5,9853,0.8781250000,6,281,0,8,40
9,9854,0.9156250000,9,293,1,8,40
7,9855,0.6562500000,7,210,1,8,40
5,9856,0.7031250000,5,225,1,8,40
0,9857,0.6250000000,1,200,0,8,40
4,9858,0.4375000000,6,140,0,8,40
6,9859,0.3750000000,7,120,0,8,40
0,9860,0.8375000000,0,268,1,8,40
6,9861,0.9093750000,6,291,1,8,40
3,9862,0.3875000000,3,124,1,8,40
6,9863,0.9750000000,6,312,1,8,40
8,9864,0.4343750000,0,139,0,8,40
1,9865,0.8687500000,1,278,1,8,40
1,9866,0.4343750000,0,139,0,8,40
8,9867,0.6968750000,8,223,1,8,40
9,9868,0.6781250000,9,217,1,8,40
7,9869,0.6093750000,7,195,1,8,40
2,9870,0.5656250000,2,181,1,8,40
9,9871,0.8468750000,9,271,1,8,40
0,9872,0.6000000000,0,192,1,8,40
2,9873,0.2375000000,2,76,1,8,40
2,9874,0.6718750000,2,215,1,8,40
9,9875,0.8718750000,9,279,1,8,40
0,9876,0.7875000000,0,252,1,8,40
6,9877,0.6656250000,2,213,0,8,40
5,9878,0.3937500000,4,126,0,8,40
7,9879,0.3718750000,7,119,1,8,40
7,9880,0.6125000000,7,196,1,8,40
9,9881,0.5812500000,1,186,0,8,40
1,9882,0.7500000000,1,240,1,8,40
7,9883,0.5125000000,7,164,1,8,40
9,9884,0.7593750000,1,243,0,8,40
8,9885,0.9875000000,8,316,1,8,40
4,9886,0.8437500000,4,270,1,8,40
5,9887,0.9093750000,5,291,1,8,40
0,9888,0.9250000000,0,296,1,8,40
8,9889,0.6656250000,8,213,1,8,40
0,9890,0.9875000000,0,316,1,8,40
2,9891,0.3406250000,3,109,0,8,40
5,9892,0.6937500000,5,222,1,8,40
2,9893,0.8687500000,2,278,1,8,40
1,9894,0.3937500000,1,126,1,8,40
4,9895,0.9031250000,4,289,1,8,40
4,9896,0.8875000000,4,284,1,8,40
8,9897,0.9750000000,8,312,1,8,40
9,9898,0.5312500000,0,170,0,8,40
7,9899,0.8156250000,7,261,1,8,40
8,9900,0.8906250000,8,285,1,8,40
3,9901,0.4781250000,1,153,0,8,40
6,9902,0.4531250000,1,145,0,8,40
6,9903,0.6812500000,6,218,1,8,40
0,9904,0.9718750000,0,311,1,8,40
1,9905,0.9250000000,1,296,1,8,40
1,9906,0.9218750000,1,295,1,8,40
1,9907,0.9406250000,1,301,1,8,40
8,9908,0.9187500000,8,294,1,8,40
1,9909,0.9781250000,1,313,1,8,40
4,9910,0.5750000000,7,184,0,8,40
4,9911,0.6093750000,4,195,1,8,40
0,9912,0.9531250000,0,305,1,8,40
7,9913,0.9343750000,7,299,1,8,40
8,9914,0.9562500000,8,306,1,8,40
2,9915,0.9781250000,2,313,1,8,40
1,9916,0.8750000000,1,280,1,8,40
2,9917,0.7531250000,2,241,1,8,40
5,9918,0.4312500000,5,138,1,8,40
4,9919,0.6250000000,4,200,1,8,40
6,9920,0.9843750000,6,315,1,8,40
0,9921,0.6875000000,0,220,1,8,40
5,9922,0.7062500000,5,226,1,8,40
7,9923,0.3031250000,7,97,1,8,40
4,9924,0.2218750000,4,71,1,8,40
4,9925,0.8468750000,4,271,1,8,40
3,9926,0.2968750000,4,95,0,8,40
9,9927,0.7781250000,9,249,1,8,40
5,9928,0.6093750000,5,195,1,8,40
8,9929,0.9687500000,8,310,1,8,40
8,9930,0.6031250000,3,193,0,8,40
0,9931,0.9531250000,0,305,1,8,40
8,9932,0.7312500000,8,234,1,8,40
7,9933,0.6093750000,7,195,1,8,40
4,9934,0.6593750000,4,211,1,8,40
1,9935,0.9812500000,1,314,1,8,40
8,9936,0.9781250000,8,313,1,8,40
4,9937,0.6281250000,4,201,1,8,40
9,9938,0.9281250000,9,297,1,8,40
5,9939,0.9781250000,5,313,1,8,40
4,9940,0.2875000000,7,92,0,8,40
1,9941,0.9593750000,1,307,1,8,40
7,9942,0.9125000000,7,292,1,8,40
7,9943,0.7531250000,7,241,1,8,40
7,9944,0.9656250000,7,309,1,8,40
7,9945,0.9562500000,7,306,1,8,40
0,9946,0.9625000000,0,308,1,8,40
3,9947,0.4906250000,3,157,1,8,40
8,9948,0.8625000000,8,276,1,8,40
3,9949,0.2843750000,3,91,1,8,40
3,9950,0.6562500000,3,210,1,8,40
0,9951,0.9343750000,0,299,1,8,40
5,9952,0.8937500000,5,286,1,8,40
7,9953,0.5781250000,7,185,1,8,40
0,9954,0.7093750000,0,227,1,8,40
8,9955,0.9812500000,8,314,1,8,40
0,9956,0.8625000000,0,276,1,8,40
0,9957,0.4500000000,0,144,1,8,40
9,9958,0.9125000000,9,292,1,8,40
2,9959,0.4656250000,3,149,0,8,40
2,9960,0.9250000000,0,296,0,8,40
3,9961,0.8843750000,3,283,1,8,40
4,9962,0.2437500000,2,78,0,8,40
8,9963,0.7781250000,8,249,1,8,40
2,9964,0.6125000000,4,196,0,8,40
2,9965,0.4281250000,2,137,1,8,40
6,9966,0.9406250000,6,301,1,8,40
3,9967,0.3531250000,8,113,0,8,40
3,9968,0.7906250000,5,253,0,8,40
6,9969,0.7218750000,6,231,1,8,40
2,9970,0.8468750000,2,271,1,8,40
9,9971,0.9875000000,9,316,1,8,40
4,9972,0.3093750000,4,99,1,8,40
0,9973,0.6875000000,0,220,1,8,40
1,9974,0.6968750000,1,223,1,8,40
7,9975,0.9812500000,7,314,1,8,40
5,9976,0.6968750000,5,223,1,8,40
5,9977,0.7218750000,5,231,1,8,40
7,9978,0.5593750000,7,179,1,8,40
3,9979,0.6500000000,3,208,1,8,40
0,9980,0.9093750000,0,291,1,8,40
4,9981,0.5187500000,7,166,0,8,40
2,9982,0.8843750000,6,283,0,8,40
0,9983,0.4437500000,1,142,0,8,40
7,9984,0.7593750000,7,243,1,8,40
5,9985,0.4218750000,3,135,0,8,40
8,9986,0.6593750000,8,211,1,8,40
0,9987,0.8468750000,0,271,1,8,40
8,9988,0.9375000000,8,300,1,8,40
2,9989,0.6375000000,4,204,0,8,40
7,9990,0.9625000000,7,308,1,8,40
0,9991,0.8625000000,0,276,1,8,40
3,9992,0.9781250000,3,313,1,8,40
5,9993,0.7687500000,3,246,0,8,40
3,9994,0.9281250000,3,297,1,8,40
8,9995,0.6187500000,8,198,1,8,40
3,9996,0.4906250000,6,157,0,8,40
5,9997,0.9625000000,5,308,1,8,40
1,9998,0.6687500000,1,214,1,8,40
7,9999,0.9781250000,7,313,1,8,40
